id,Rotated Lat,Rotated Lon,genus,locality
2247,4.6147,-41.8361,Anconastes,New Mexico
2246,1.0593,-36.5887,Broiliellus,Texas
2245,-0.5219,-37.7808,Broiliellus,Texas
2244,-2.9808,-38.7628,Eryops,Texas
2243,-2.9808,-38.7628,Aspidosaurus,Texas
2242,-2.9808,-38.7628,Zatrachys,Texas
2241,-2.9808,-38.7628,Trimerorhachis,Texas
2240,5.8574,-44.6091,Eryops,Utah
2239,5.8574,-44.6091,Platyhystrix,Utah
2238,-1.4701,-41.4649,Rileymillerus,Texas
2237,-1.4701,-41.4649,Apachesaurus,Texas
2236,-0.5219,-37.7808,Eryops,Oklahoma
2235,-2.7466,-38.9219,Eryops,Texas
2230,-1.3878,-41.1268,Metoposaurus,Texas
2229,-0.73,-37.6741,Trimerorhachis,Texas
2228,-0.73,-37.6741,Eryops,Texas
2227,1.7225,-43.6358,Anaschisma,New Mexico
2195,0.2573,-40.5036,Trimerorhachis,Texas
2196,0.2573,-40.5036,Trimerorhachis,Texas
2197,0.2573,-40.5036,Trimerorhachis,Texas
2198,0.2573,-40.5036,Trimerorhachis,Texas
2199,0.2573,-40.5036,Trimerorhachis,Texas
2200,0.2573,-40.5036,Trimerorhachis,Texas
2201,0.2573,-40.5036,Trimerorhachis,Texas
2202,0.2573,-40.5036,Trimerorhachis,Texas
2203,0.2573,-40.5036,Trimerorhachis,Texas
2204,0.2573,-40.5036,Trimerorhachis,Texas
2205,0.2573,-40.5036,Trimerorhachis,Texas
2206,0.2573,-40.5036,Trimerorhachis,Texas
2207,0.2573,-40.5036,Trimerorhachis,Texas
2208,0.2573,-40.5036,Trimerorhachis,Texas
2209,0.2573,-40.5036,Trimerorhachis,Texas
2210,0.2573,-40.5036,Trimerorhachis,Texas
2211,0.2573,-40.5036,Trimerorhachis,Texas
2212,0.2573,-40.5036,Trimerorhachis,Texas
2213,0.2573,-40.5036,Trimerorhachis,Texas
2214,0.2573,-40.5036,Trimerorhachis,Texas
2215,0.2573,-40.5036,Trimerorhachis,Texas
2216,0.2573,-40.5036,Trimerorhachis,Texas
2217,0.2573,-40.5036,Trimerorhachis,Texas
2218,0.2573,-40.5036,Trimerorhachis,Texas
2219,0.2573,-40.5036,Trimerorhachis,Texas
2220,0.2573,-40.5036,Trimerorhachis,Texas
2221,0.2573,-40.5036,Trimerorhachis,Texas
2222,0.2573,-40.5036,Trimerorhachis,Texas
2223,0.2573,-40.5036,Trimerorhachis,Texas
2224,0.2573,-40.5036,Trimerorhachis,Texas
2225,0.2573,-40.5036,Trimerorhachis,Texas
2226,0.2573,-40.5036,Trimerorhachis,Texas
2194,-2.7466,-38.9219,Parioxys,Texas
2193,-2.9808,-38.7628,Acheloma,Texas
2192,-2.9808,-38.7628,Parioxys,Texas
2191,1.0593,-36.5887,Dissorophus,Texas
2190,1.3531,-47.1801,Anaschisma,Arizona
2189,-1.3878,-41.1268,Anaschisma,Texas
2188,40.0893,-9.3354,Gerrothorax,East Greenland
2187,40.0893,-9.3354,Cyclotosaurus,East Greenland
2186,-9999.0,-9999.0,Lysipterygium,Kashmir
2185,-9999.0,-9999.0,Kashmirosaurus,Kashmir
2184,2.6894,-35.9903,Nannospondylus,Oklahoma
2182,2.6894,-35.9903,Fayella,Oklahoma
2183,2.6894,-35.9903,Fayella,Oklahoma
2181,2.4804,-43.1405,Eryops,New Mexico
2180,-2.9673,-38.9083,Eryops,Texas
2179,-2.9673,-38.9083,Eryops,Texas
2178,-2.9673,-38.9083,Eryops,Texas
2177,-2.9673,-38.9083,Eryops,Texas
2176,-2.9673,-38.9083,Zatrachys,Texas
2175,-2.9673,-38.9083,Eryops,Texas
2174,-2.9673,-38.9083,Eryops,Texas
2173,-2.9808,-38.7628,Eryops,Texas
2172,-2.9808,-38.7628,Trimerorhachis,Texas
2171,-0.73,-37.6741,Eryops,Texas
2170,-0.73,-37.6741,Eryops,Texas
2169,-0.73,-37.6741,Trimerorhachis,Texas
2168,-0.73,-37.6741,Parioxys,Texas
2167,-2.9808,-38.7628,Eryops,Texas
2166,-2.9808,-38.7628,Trimerorhachis,Texas
2165,-2.9808,-38.7628,Eryops,Texas
2164,-2.9808,-38.7628,Trimerorhachis,Texas
2163,-2.9808,-38.7628,Eryops,Texas
2162,-2.9808,-38.7628,Aspidosaurus,Texas
2161,-2.9808,-38.7628,Trimerorhachis,Texas
2160,-2.9808,-38.7628,Eryops,Texas
2159,-2.9808,-38.7628,Eryops,Texas
2158,-2.9808,-38.7628,Trimerorhachis,Texas
2157,-2.9808,-38.7628,Tersomius,Texas
2156,-2.9808,-38.7628,Eryops,Texas
2155,-2.9808,-38.7628,Zatrachys,Texas
2154,-2.9808,-38.7628,Trimerorhachis,Texas
2153,-2.9808,-38.7628,Eryops,Texas
2152,-2.9808,-38.7628,Aspidosaurus,Texas
2151,-2.9808,-38.7628,Trimerorhachis,Texas
2150,-0.73,-37.6741,Eryops,Texas
2149,-0.73,-37.6741,Trimerorhachis,Texas
2148,-2.9808,-38.7628,Eryops,Texas
2147,-0.73,-37.6741,Eryops,Texas
2146,-0.73,-37.6741,Eryops,Texas
2145,-0.73,-37.6741,Trimerorhachis,Texas
2144,-2.9808,-38.7628,Broiliellus,Texas
2143,-2.9808,-38.7628,Eryops,Texas
2142,-2.9808,-38.7628,Broiliellus,Texas
2141,-2.9808,-38.7628,Trimerorhachis,Texas
2140,1.0593,-36.5887,Eryops,Texas
2139,1.0593,-36.5887,Trimerorhachis,Texas
2138,-0.73,-37.6741,Eryops,Texas
2137,-0.73,-37.6741,Eryops,Texas
2136,-0.73,-37.6741,Eryops,Texas
2135,1.0593,-36.5887,Eryops,Texas
2134,1.0593,-36.5887,Dissorophus,Texas
2133,1.0593,-36.5887,Aspidosaurus,Texas
2132,1.0593,-36.5887,Dasyceps,Texas
2131,1.0593,-36.5887,Trimerorhachis,Texas
2130,1.0593,-36.5887,Eryops,Texas
2129,1.0593,-36.5887,Cacops,Texas
2128,1.0593,-36.5887,Trimerorhachis,Texas
2127,1.0593,-36.5887,Isodectes,Texas
2126,1.0593,-36.5887,Eryops,Texas
2125,1.0593,-36.5887,Dissorophus,Texas
2124,1.0593,-36.5887,Dissorophus,Texas
2123,-1.1855,-37.6892,Eryops,Texas
2122,-1.1855,-37.6892,Zatrachys,Texas
2121,-1.1855,-37.6892,Trimerorhachis,Texas
2120,-1.1855,-37.6892,Eryops,Texas
2119,-1.1855,-37.6892,Acheloma,Texas
2118,-1.1855,-37.6892,Eryops,Texas
2117,-1.1855,-37.6892,Dissorophus,Texas
2116,-1.1855,-37.6892,Trimerorhachis,Texas
2115,-1.1855,-37.6892,Eryops,Texas
2114,-1.1855,-37.6892,Trimerorhachis,Texas
2113,-1.1855,-37.6892,Trimerorhachis,Texas
2112,1.0593,-36.5887,Zatrachys,Texas
2111,-1.1855,-37.6892,Eryops,Texas
2110,-2.9673,-38.9083,Eryops,Texas
2109,-2.9673,-38.9083,Trimerorhachis,Texas
2108,1.0593,-36.5887,Anisodexis,Texas
2107,1.0593,-36.5887,Acheloma,Texas
2106,1.0593,-36.5887,Isodectes,Texas
2105,-0.5219,-37.7808,Zatrachys,Oklahoma
2104,5.7584,20.0193,Apateon,Sardinia
2103,5.7584,20.0193,Apateon,Sardinia
2102,5.7584,20.0193,Apateon,Sardinia
2101,-1.2905,-22.1478,Eryops,Pennsylvania
2100,43.5776,31.6825,Volgosuchus,Ivanovo
2099,43.5776,31.6825,Thoosuchus,Ivanovo
1849,47.012,29.6875,Benthosuchus,Volgograd
1850,47.012,29.6875,Benthosuchus,Volgograd
1851,47.012,29.6875,Benthosuchus,Volgograd
1852,47.012,29.6875,Benthosuchus,Volgograd
1853,47.012,29.6875,Benthosuchus,Volgograd
1854,47.012,29.6875,Benthosuchus,Volgograd
1855,47.012,29.6875,Benthosuchus,Volgograd
1856,47.012,29.6875,Benthosuchus,Volgograd
1857,47.012,29.6875,Benthosuchus,Volgograd
1858,47.012,29.6875,Benthosuchus,Volgograd
1859,47.012,29.6875,Benthosuchus,Volgograd
1860,47.012,29.6875,Benthosuchus,Volgograd
1861,47.012,29.6875,Benthosuchus,Volgograd
1862,47.012,29.6875,Benthosuchus,Volgograd
1863,47.012,29.6875,Benthosuchus,Volgograd
1864,47.012,29.6875,Benthosuchus,Volgograd
1865,47.012,29.6875,Benthosuchus,Volgograd
1866,47.012,29.6875,Benthosuchus,Volgograd
1867,47.012,29.6875,Benthosuchus,Volgograd
1868,47.012,29.6875,Benthosuchus,Volgograd
1869,47.012,29.6875,Benthosuchus,Volgograd
1870,47.012,29.6875,Benthosuchus,Volgograd
1871,47.012,29.6875,Benthosuchus,Volgograd
1872,47.012,29.6875,Benthosuchus,Volgograd
1873,47.012,29.6875,Benthosuchus,Volgograd
1874,47.012,29.6875,Benthosuchus,Volgograd
1875,47.012,29.6875,Benthosuchus,Volgograd
1876,47.012,29.6875,Benthosuchus,Volgograd
1877,47.012,29.6875,Benthosuchus,Volgograd
1878,47.012,29.6875,Benthosuchus,Volgograd
1879,47.012,29.6875,Benthosuchus,Volgograd
1880,47.012,29.6875,Benthosuchus,Volgograd
1881,47.012,29.6875,Benthosuchus,Volgograd
1882,47.012,29.6875,Benthosuchus,Volgograd
1883,47.012,29.6875,Benthosuchus,Volgograd
1884,47.012,29.6875,Benthosuchus,Volgograd
1885,47.012,29.6875,Benthosuchus,Volgograd
1886,47.012,29.6875,Benthosuchus,Volgograd
1887,47.012,29.6875,Benthosuchus,Volgograd
1888,47.012,29.6875,Benthosuchus,Volgograd
1889,47.012,29.6875,Benthosuchus,Volgograd
1890,47.012,29.6875,Benthosuchus,Volgograd
1891,47.012,29.6875,Benthosuchus,Volgograd
1892,47.012,29.6875,Benthosuchus,Volgograd
1893,47.012,29.6875,Benthosuchus,Volgograd
1894,47.012,29.6875,Benthosuchus,Volgograd
1895,47.012,29.6875,Benthosuchus,Volgograd
1896,47.012,29.6875,Benthosuchus,Volgograd
1897,47.012,29.6875,Benthosuchus,Volgograd
1898,47.012,29.6875,Benthosuchus,Volgograd
1899,47.012,29.6875,Benthosuchus,Volgograd
1900,47.012,29.6875,Benthosuchus,Volgograd
1901,47.012,29.6875,Benthosuchus,Volgograd
1902,47.012,29.6875,Benthosuchus,Volgograd
1903,47.012,29.6875,Benthosuchus,Volgograd
1904,47.012,29.6875,Benthosuchus,Volgograd
1905,47.012,29.6875,Benthosuchus,Volgograd
1906,47.012,29.6875,Benthosuchus,Volgograd
1907,47.012,29.6875,Benthosuchus,Volgograd
1908,47.012,29.6875,Benthosuchus,Volgograd
1909,47.012,29.6875,Benthosuchus,Volgograd
1910,47.012,29.6875,Benthosuchus,Volgograd
1911,47.012,29.6875,Benthosuchus,Volgograd
1912,47.012,29.6875,Benthosuchus,Volgograd
1913,47.012,29.6875,Benthosuchus,Volgograd
1914,47.012,29.6875,Benthosuchus,Volgograd
1915,47.012,29.6875,Benthosuchus,Volgograd
1916,47.012,29.6875,Benthosuchus,Volgograd
1917,47.012,29.6875,Benthosuchus,Volgograd
1918,47.012,29.6875,Benthosuchus,Volgograd
1919,47.012,29.6875,Benthosuchus,Volgograd
1920,47.012,29.6875,Benthosuchus,Volgograd
1921,47.012,29.6875,Benthosuchus,Volgograd
1922,47.012,29.6875,Benthosuchus,Volgograd
1923,47.012,29.6875,Benthosuchus,Volgograd
1924,47.012,29.6875,Benthosuchus,Volgograd
1925,47.012,29.6875,Benthosuchus,Volgograd
1926,47.012,29.6875,Benthosuchus,Volgograd
1927,47.012,29.6875,Benthosuchus,Volgograd
1928,47.012,29.6875,Benthosuchus,Volgograd
1929,47.012,29.6875,Benthosuchus,Volgograd
1930,47.012,29.6875,Benthosuchus,Volgograd
1931,47.012,29.6875,Benthosuchus,Volgograd
1932,47.012,29.6875,Benthosuchus,Volgograd
1933,47.012,29.6875,Benthosuchus,Volgograd
1934,47.012,29.6875,Benthosuchus,Volgograd
1935,47.012,29.6875,Benthosuchus,Volgograd
1936,47.012,29.6875,Benthosuchus,Volgograd
1937,47.012,29.6875,Benthosuchus,Volgograd
1938,47.012,29.6875,Benthosuchus,Volgograd
1939,47.012,29.6875,Benthosuchus,Volgograd
1940,47.012,29.6875,Benthosuchus,Volgograd
1941,47.012,29.6875,Benthosuchus,Volgograd
1942,47.012,29.6875,Benthosuchus,Volgograd
1943,47.012,29.6875,Benthosuchus,Volgograd
1944,47.012,29.6875,Benthosuchus,Volgograd
1945,47.012,29.6875,Benthosuchus,Volgograd
1946,47.012,29.6875,Benthosuchus,Volgograd
1947,47.012,29.6875,Benthosuchus,Volgograd
1948,47.012,29.6875,Benthosuchus,Volgograd
1949,47.012,29.6875,Benthosuchus,Volgograd
1950,47.012,29.6875,Benthosuchus,Volgograd
1951,47.012,29.6875,Benthosuchus,Volgograd
1952,47.012,29.6875,Benthosuchus,Volgograd
1953,47.012,29.6875,Benthosuchus,Volgograd
1954,47.012,29.6875,Benthosuchus,Volgograd
1955,47.012,29.6875,Benthosuchus,Volgograd
1956,47.012,29.6875,Benthosuchus,Volgograd
1957,47.012,29.6875,Benthosuchus,Volgograd
1958,47.012,29.6875,Benthosuchus,Volgograd
1959,47.012,29.6875,Benthosuchus,Volgograd
1960,47.012,29.6875,Benthosuchus,Volgograd
1961,47.012,29.6875,Benthosuchus,Volgograd
1962,47.012,29.6875,Benthosuchus,Volgograd
1963,47.012,29.6875,Benthosuchus,Volgograd
1964,47.012,29.6875,Benthosuchus,Volgograd
1965,47.012,29.6875,Benthosuchus,Volgograd
1966,47.012,29.6875,Benthosuchus,Volgograd
1967,47.012,29.6875,Benthosuchus,Volgograd
1968,47.012,29.6875,Benthosuchus,Volgograd
1969,47.012,29.6875,Benthosuchus,Volgograd
1970,47.012,29.6875,Benthosuchus,Volgograd
1971,47.012,29.6875,Benthosuchus,Volgograd
1972,47.012,29.6875,Benthosuchus,Volgograd
1973,47.012,29.6875,Benthosuchus,Volgograd
1974,47.012,29.6875,Benthosuchus,Volgograd
1975,47.012,29.6875,Benthosuchus,Volgograd
1976,47.012,29.6875,Benthosuchus,Volgograd
1977,47.012,29.6875,Benthosuchus,Volgograd
1978,47.012,29.6875,Benthosuchus,Volgograd
1979,47.012,29.6875,Benthosuchus,Volgograd
1980,47.012,29.6875,Benthosuchus,Volgograd
1981,47.012,29.6875,Benthosuchus,Volgograd
1982,47.012,29.6875,Benthosuchus,Volgograd
1983,47.012,29.6875,Benthosuchus,Volgograd
1984,47.012,29.6875,Benthosuchus,Volgograd
1985,47.012,29.6875,Benthosuchus,Volgograd
1986,47.012,29.6875,Benthosuchus,Volgograd
1987,47.012,29.6875,Benthosuchus,Volgograd
1988,47.012,29.6875,Benthosuchus,Volgograd
1989,47.012,29.6875,Benthosuchus,Volgograd
1990,47.012,29.6875,Benthosuchus,Volgograd
1991,47.012,29.6875,Benthosuchus,Volgograd
1992,47.012,29.6875,Benthosuchus,Volgograd
1993,47.012,29.6875,Benthosuchus,Volgograd
1994,47.012,29.6875,Benthosuchus,Volgograd
1995,47.012,29.6875,Benthosuchus,Volgograd
1996,47.012,29.6875,Benthosuchus,Volgograd
1997,47.012,29.6875,Benthosuchus,Volgograd
1998,47.012,29.6875,Benthosuchus,Volgograd
1999,47.012,29.6875,Benthosuchus,Volgograd
2000,47.012,29.6875,Benthosuchus,Volgograd
2001,47.012,29.6875,Benthosuchus,Volgograd
2002,47.012,29.6875,Benthosuchus,Volgograd
2003,47.012,29.6875,Benthosuchus,Volgograd
2004,47.012,29.6875,Benthosuchus,Volgograd
2005,47.012,29.6875,Benthosuchus,Volgograd
2006,47.012,29.6875,Benthosuchus,Volgograd
2007,47.012,29.6875,Benthosuchus,Volgograd
2008,47.012,29.6875,Benthosuchus,Volgograd
2009,47.012,29.6875,Benthosuchus,Volgograd
2010,47.012,29.6875,Benthosuchus,Volgograd
2011,47.012,29.6875,Benthosuchus,Volgograd
2012,47.012,29.6875,Benthosuchus,Volgograd
2013,47.012,29.6875,Benthosuchus,Volgograd
2014,47.012,29.6875,Benthosuchus,Volgograd
2015,47.012,29.6875,Benthosuchus,Volgograd
2016,47.012,29.6875,Benthosuchus,Volgograd
2017,47.012,29.6875,Benthosuchus,Volgograd
2018,47.012,29.6875,Benthosuchus,Volgograd
2019,47.012,29.6875,Benthosuchus,Volgograd
2020,47.012,29.6875,Benthosuchus,Volgograd
2021,47.012,29.6875,Benthosuchus,Volgograd
2022,47.012,29.6875,Benthosuchus,Volgograd
2023,47.012,29.6875,Benthosuchus,Volgograd
2024,47.012,29.6875,Benthosuchus,Volgograd
2025,47.012,29.6875,Benthosuchus,Volgograd
2026,47.012,29.6875,Benthosuchus,Volgograd
2027,47.012,29.6875,Benthosuchus,Volgograd
2028,47.012,29.6875,Benthosuchus,Volgograd
2029,47.012,29.6875,Benthosuchus,Volgograd
2030,47.012,29.6875,Benthosuchus,Volgograd
2031,47.012,29.6875,Benthosuchus,Volgograd
2032,47.012,29.6875,Benthosuchus,Volgograd
2033,47.012,29.6875,Benthosuchus,Volgograd
2034,47.012,29.6875,Benthosuchus,Volgograd
2035,47.012,29.6875,Benthosuchus,Volgograd
2036,47.012,29.6875,Benthosuchus,Volgograd
2037,47.012,29.6875,Benthosuchus,Volgograd
2038,47.012,29.6875,Benthosuchus,Volgograd
2039,47.012,29.6875,Benthosuchus,Volgograd
2040,47.012,29.6875,Benthosuchus,Volgograd
2041,47.012,29.6875,Benthosuchus,Volgograd
2042,47.012,29.6875,Benthosuchus,Volgograd
2043,47.012,29.6875,Benthosuchus,Volgograd
2044,47.012,29.6875,Benthosuchus,Volgograd
2045,47.012,29.6875,Benthosuchus,Volgograd
2046,47.012,29.6875,Benthosuchus,Volgograd
2047,47.012,29.6875,Benthosuchus,Volgograd
2048,47.012,29.6875,Benthosuchus,Volgograd
2049,47.012,29.6875,Benthosuchus,Volgograd
2050,47.012,29.6875,Benthosuchus,Volgograd
2051,47.012,29.6875,Benthosuchus,Volgograd
2052,47.012,29.6875,Benthosuchus,Volgograd
2053,47.012,29.6875,Benthosuchus,Volgograd
2054,47.012,29.6875,Benthosuchus,Volgograd
2055,47.012,29.6875,Benthosuchus,Volgograd
2056,47.012,29.6875,Benthosuchus,Volgograd
2057,47.012,29.6875,Benthosuchus,Volgograd
2058,47.012,29.6875,Benthosuchus,Volgograd
2059,47.012,29.6875,Benthosuchus,Volgograd
2060,47.012,29.6875,Benthosuchus,Volgograd
2061,47.012,29.6875,Benthosuchus,Volgograd
2062,47.012,29.6875,Benthosuchus,Volgograd
2063,47.012,29.6875,Benthosuchus,Volgograd
2064,47.012,29.6875,Benthosuchus,Volgograd
2065,47.012,29.6875,Benthosuchus,Volgograd
2066,47.012,29.6875,Benthosuchus,Volgograd
2067,47.012,29.6875,Benthosuchus,Volgograd
2068,47.012,29.6875,Benthosuchus,Volgograd
2069,47.012,29.6875,Benthosuchus,Volgograd
2070,47.012,29.6875,Benthosuchus,Volgograd
2071,47.012,29.6875,Benthosuchus,Volgograd
2072,47.012,29.6875,Benthosuchus,Volgograd
2073,47.012,29.6875,Benthosuchus,Volgograd
2074,47.012,29.6875,Benthosuchus,Volgograd
2075,47.012,29.6875,Benthosuchus,Volgograd
2076,47.012,29.6875,Benthosuchus,Volgograd
2077,47.012,29.6875,Benthosuchus,Volgograd
2078,47.012,29.6875,Benthosuchus,Volgograd
2079,47.012,29.6875,Benthosuchus,Volgograd
2080,47.012,29.6875,Benthosuchus,Volgograd
2081,47.012,29.6875,Benthosuchus,Volgograd
2082,47.012,29.6875,Benthosuchus,Volgograd
2083,47.012,29.6875,Benthosuchus,Volgograd
2084,47.012,29.6875,Benthosuchus,Volgograd
2085,47.012,29.6875,Benthosuchus,Volgograd
2086,47.012,29.6875,Benthosuchus,Volgograd
2087,47.012,29.6875,Benthosuchus,Volgograd
2088,47.012,29.6875,Benthosuchus,Volgograd
2089,47.012,29.6875,Benthosuchus,Volgograd
2090,47.012,29.6875,Benthosuchus,Volgograd
2091,47.012,29.6875,Benthosuchus,Volgograd
2092,47.012,29.6875,Benthosuchus,Volgograd
2093,47.012,29.6875,Benthosuchus,Volgograd
2094,47.012,29.6875,Benthosuchus,Volgograd
2095,47.012,29.6875,Benthosuchus,Volgograd
2096,47.012,29.6875,Benthosuchus,Volgograd
2097,47.012,29.6875,Benthosuchus,Volgograd
2098,47.012,29.6875,Benthosuchus,Volgograd
1848,47.012,29.6875,Thoosuchus,Volgograd
1847,71.3841,30.5145,Tungussogyrinus,Evenk Autonomous District
1846,71.3841,30.5145,Tungussogyrinus,Evenk Autonomous District
1845,71.3841,30.5145,Tungussogyrinus,Evenk Autonomous District
1844,48.8243,42.2106,Eryosuchus,Orenburg
1843,-2.7466,-38.9219,Eryops,Texas
1842,9.6624,15.1988,Actinodon,Allier
1841,-60.8807,-1.1886,Lydekkerina,KwaZulu-Natal
1840,9.7821,-43.158,Hadrokkosaurus,Arizona
1839,9.7821,-43.158,Eocyclotosaurus,Arizona
1838,9.7821,-43.158,Rhadalognathus,Arizona
1837,40.6921,38.7763,Platyoposaurus,Orenburg
1836,40.6921,38.7763,Tryphosuchus,Orenburg
1835,-1.1855,-37.6892,Cacops,Texas
1834,38.8994,37.6487,Melosaurus,Bashkortostan
1833,45.3047,25.947,Dvinosaurus,Archangelsk
1832,45.3047,25.947,Dvinosaurus,Archangelsk
1831,45.3047,25.947,Dvinosaurus,Archangelsk
1830,-62.8262,133.5696,Paracyclotosaurus,New South Wales
1829,29.45,26.3383,Czatkobatrachus,Malopolskie
1828,29.45,26.3383,Parotosuchus,Malopolskie
1827,1.3531,-47.1801,Anaschisma,Arizona
1826,1.3531,-47.1801,Anaschisma,Arizona
1825,1.3531,-47.1801,Anaschisma,Arizona
1824,-1.3878,-41.1268,Metoposaurus,Texas
1823,-1.3878,-41.1268,Metoposaurus,Texas
1822,52.3465,25.1911,Wetlugasaurus,Komi
1821,52.3465,25.1911,Angusaurus,Komi
1820,52.3465,25.1911,Vyborosaurus,Komi
1819,40.1309,144.5677,Aphaneramma,Primorye
1818,40.1309,144.5677,Aphaneramma,Primorye
1817,1.3531,-47.1801,Apachesaurus,Arizona
1816,1.3531,-47.1801,Apachesaurus,Arizona
1815,37.6253,13.0683,Metoposaurus,Lorraine
1814,37.6253,13.0683,Plagiosaurus,Lorraine
1813,1.3531,-47.1801,Apachesaurus,Arizona
1812,1.3531,-47.1801,Anaschisma,Arizona
1811,1.3531,-47.1801,Anaschisma,Arizona
1810,1.3531,-47.1801,Anaschisma,Arizona
1809,16.6404,19.5629,Onchiodon,Saxony
1808,16.6404,19.5629,Onchiodon,Saxony
1807,16.6404,19.5629,Apateon,Saxony
1806,16.6404,19.5629,Branchierpeton,Saxony
1805,16.6404,19.5629,Acanthostomatops,Saxony
1804,1.3531,-47.1801,Anaschisma,New Mexico
1803,32.5932,9.3339,Plagiosaurus,Luxembourg
1802,32.5932,9.3339,Cyclotosaurus,Luxembourg
1801,24.5505,12.962,Cyclotosaurus,England
1800,24.5505,12.962,Cyclotosaurus,England
1799,24.5505,12.962,Mastodonsaurus,England
1798,17.7901,21.2009,Apateon,Czechia
1797,1.3531,-47.1801,Anaschisma,Arizona
1796,1.3531,-47.1801,Anaschisma,Arizona
1795,1.3531,-47.1801,Apachesaurus,Arizona
1794,1.3531,-47.1801,Apachesaurus,Arizona
1793,1.3531,-47.1801,Apachesaurus,New Mexico
1792,33.3149,17.5971,Cyclotosaurus,Opole
1791,33.3149,17.5971,Metoposaurus,Opole
1790,33.3149,17.5971,Cyclotosaurus,Opole
1789,3.8366,-43.9682,Anaschisma,New Mexico
1782,-0.73,-37.6741,Cacops,Oklahoma
1783,-0.73,-37.6741,Cacops,Oklahoma
1784,-0.73,-37.6741,Cacops,Oklahoma
1785,-0.73,-37.6741,Cacops,Oklahoma
1786,-0.73,-37.6741,Cacops,Oklahoma
1787,-0.73,-37.6741,Cacops,Oklahoma
1788,-0.73,-37.6741,Cacops,Oklahoma
1781,-0.73,-37.6741,Doleserpeton,Oklahoma
1780,-0.73,-37.6741,Tersomius,Oklahoma
1778,-0.73,-37.6741,Acheloma,Oklahoma
1779,-0.73,-37.6741,Acheloma,Oklahoma
1777,-0.73,-37.6741,Cacops,Oklahoma
1776,1.0593,-36.5887,Trimerorhachis,Oklahoma
1775,1.0593,-36.5887,Tersomius,Oklahoma
1774,-9.577,6.2542,Saharastega,Agadez
1773,-9.577,6.2542,Nigerpeton,Agadez
1764,-1.3878,-41.1268,Anaschisma,Texas
1765,-1.3878,-41.1268,Anaschisma,Texas
1766,-1.3878,-41.1268,Anaschisma,Texas
1767,-1.3878,-41.1268,Anaschisma,Texas
1768,-1.3878,-41.1268,Anaschisma,Texas
1769,-1.3878,-41.1268,Anaschisma,Texas
1770,-1.3878,-41.1268,Anaschisma,Texas
1771,-1.3878,-41.1268,Anaschisma,Texas
1772,-1.3878,-41.1268,Anaschisma,Texas
1763,35.9688,2.1884,Mastodonsaurus,Wales
1762,35.9688,2.1884,Trematosaurus,Wales
1761,24.5505,12.962,Mastodonsaurus,England
1760,24.5505,12.962,Mastodonsaurus,England
1759,24.5505,12.962,Stenotosaurus,England
1758,1.3531,-47.1801,Anaschisma,New Mexico
1757,1.3531,-47.1801,Anaschisma,New Mexico
1756,1.3531,-47.1801,Anaschisma,New Mexico
1755,1.3531,-47.1801,Anaschisma,New Mexico
1754,32.5932,9.3339,Gerrothorax,Baden-Wurttemberg
1753,1.0593,-36.5887,Tersomius,Oklahoma
1752,5.4889,-44.6476,Eryops,Utah
1751,0.2573,-40.5036,Slaugenhopia,Texas
1750,12.0025,2.0252,Metoposaurus,Portugal
1749,33.3149,17.5971,Metoposaurus,Opole
1748,1.3572,-44.289,Apachesaurus,New Mexico
1747,1.3572,-44.289,Apachesaurus,New Mexico
1746,-1.3878,-41.1268,Anaschisma,Texas
1745,1.3531,-47.1801,Apachesaurus,Arizona
1744,1.3531,-47.1801,Anaschisma,Arizona
1743,1.0633,-40.6348,Anaschisma,Texas
1742,38.1038,33.5023,Melosaurus,Tatarstan
1741,0.6581,-40.4143,Trimerorhachis,Texas
1740,0.2573,-40.5036,Trimerorhachis,Texas
1739,-0.73,-37.6741,Trimerorhachis,Oklahoma
1738,-0.73,-37.6741,Eryops,Oklahoma
1737,1.5211,-36.5866,Trimerorhachis,Oklahoma
1736,1.5211,-36.5866,Trimerorhachis,Oklahoma
1735,1.5211,-36.5866,Eryops,Oklahoma
1734,1.5211,-36.5866,Eryops,Oklahoma
1733,-2.9808,-38.7628,Trimerorhachis,Texas
1732,-0.73,-37.6741,Doleserpeton,Oklahoma
1731,0.2573,-40.5036,Slaugenhopia,Texas
1730,-0.4818,-24.8936,Isodectes,Ohio
1729,-0.4818,-24.8936,Isodectes,Ohio
1728,-2.9808,-38.7628,Trimerorhachis,Texas
1727,-0.73,-37.6741,Trimerorhachis,Texas
1726,-0.73,-37.6741,Eryops,Texas
1725,-9.577,6.2542,Nigerpeton,Agadez
1724,39.6978,104.1239,Anakamacops,Gansu
1723,48.3133,44.0363,Parotosuchus,Orenburg
1722,48.3133,44.0363,Parotosuchus,Orenburg
1721,48.3133,44.0363,Yarengia,Orenburg
1720,48.3133,44.0363,Eryosuchus,Orenburg
1719,51.5683,36.4314,Mastodonsaurus,Bashkortostan
1718,51.5683,36.4314,Plagioscutum,Bashkortostan
1717,-2.7466,-38.9219,Eryops,Texas
1716,-2.7466,-38.9219,Zatrachys,Texas
1715,-2.7466,-38.9219,Acheloma,Texas
1714,-2.7466,-38.9219,Phonerpeton,Texas
1713,5.8574,-44.6091,Eryops,Colorado
1712,5.8574,-44.6091,Platyhystrix,Colorado
1711,15.5589,17.6663,Georgenthalia,Thuringia
1710,42.6534,40.3398,Konzhukovia,Orenburg
1709,1.5211,-36.5866,Trimerorhachis,Oklahoma
1708,1.5211,-36.5866,Eryops,Oklahoma
1707,-2.7466,-38.9219,Zatrachys,Texas
1706,-2.7466,-38.9219,Trimerorhachis,Texas
1705,2.4804,-43.1405,Chenoprosopus,New Mexico
1704,41.0308,30.3357,Dvinosaurus,Vladimir
1703,-51.8925,-8.9992,Uruyiella,Uruguay
1702,37.4571,29.4678,Platyoposaurus,Kirov
1701,42.6534,40.3398,Platyoposaurus,Orenburg
1700,43.179,32.9426,Platyoposaurus,Kirov
1699,43.179,32.9426,Melosaurus,Kirov
1698,1.5211,-36.5866,Eryops,Oklahoma
1697,1.5211,-36.5866,Trimerorhachis,Oklahoma
1696,37.4571,29.4678,Melosaurus,Kirov
1695,37.4571,29.4678,Zygosaurus,Kirov
1694,45.2403,22.8665,Intasuchus,Komi
1693,45.2403,22.8665,Syndyodosuchus,Komi
1692,-1.4701,-41.4649,Rileymillerus,Texas
1691,21.0544,12.2826,Eocyclotosaurus,England
1690,21.0544,12.2826,Eocyclotosaurus,England
1689,44.3876,33.3665,Dvinosaurus,Kirov
1688,-0.73,-37.6741,Eryops,Oklahoma
1687,30.6753,108.9736,Cyclotosaurus,Thailand
1686,-54.016,134.4377,Lapillopsis,Queensland
1685,-61.3754,-6.6214,Batrachosuchus,Eastern Cape
1683,-0.73,-37.6741,Pasawioops,Oklahoma
1684,-0.73,-37.6741,Pasawioops,Oklahoma
1682,15.5589,17.6663,Tambachia,Thuringia
1681,0.2573,-40.5036,Gerobatrachus,Texas
1680,9.7144,-44.588,Anaschisma,Wyoming
1678,9.7144,-44.588,Anaschisma,Wyoming
1679,9.7144,-44.588,Anaschisma,Wyoming
1675,9.7144,-44.588,Anaschisma,Wyoming
1676,9.7144,-44.588,Anaschisma,Wyoming
1677,9.7144,-44.588,Anaschisma,Wyoming
1674,9.7144,-44.588,Anaschisma,Wyoming
1673,9.7144,-44.588,Anaschisma,Wyoming
1672,9.7144,-44.588,Anaschisma,Wyoming
1671,9.7144,-44.588,Anaschisma,Wyoming
1670,9.7144,-44.588,Anaschisma,Wyoming
1669,-37.335,38.8469,Triadobatrachus,Diana
1668,1.7225,-43.6358,Apachesaurus,New Mexico
1667,1.3531,-47.1801,Anaschisma,Arizona
1666,1.3531,-47.1801,Anaschisma,Arizona
1665,1.3531,-47.1801,Anaschisma,Arizona
1664,1.3531,-47.1801,Anaschisma,Arizona
1663,1.3531,-47.1801,Apachesaurus,Arizona
1662,1.3531,-47.1801,Anaschisma,Arizona
1661,1.3531,-47.1801,Apachesaurus,Arizona
1660,1.3531,-47.1801,Apachesaurus,Arizona
1659,1.3531,-47.1801,Apachesaurus,Arizona
1658,1.3531,-47.1801,Anaschisma,Arizona
1657,1.3531,-47.1801,Apachesaurus,Arizona
1656,1.3531,-47.1801,Anaschisma,Arizona
1655,1.3531,-47.1801,Anaschisma,Arizona
1654,1.3531,-47.1801,Anaschisma,Arizona
1653,1.3531,-47.1801,Anaschisma,Arizona
1652,1.3531,-47.1801,Anaschisma,Arizona
1651,1.3531,-47.1801,Anaschisma,Arizona
1650,1.3531,-47.1801,Anaschisma,Arizona
1649,1.3531,-47.1801,Anaschisma,Arizona
1648,1.3531,-47.1801,Anaschisma,Arizona
1647,1.3531,-47.1801,Anaschisma,Arizona
1646,1.3531,-47.1801,Anaschisma,Arizona
1645,1.3531,-47.1801,Anaschisma,Arizona
1644,1.3531,-47.1801,Apachesaurus,Arizona
1643,1.3531,-47.1801,Anaschisma,Arizona
1636,1.3531,-47.1801,Anaschisma,Arizona
1637,1.3531,-47.1801,Anaschisma,Arizona
1638,1.3531,-47.1801,Anaschisma,Arizona
1639,1.3531,-47.1801,Anaschisma,Arizona
1640,1.3531,-47.1801,Anaschisma,Arizona
1641,1.3531,-47.1801,Anaschisma,Arizona
1642,1.3531,-47.1801,Anaschisma,Arizona
1635,1.3531,-47.1801,Apachesaurus,Arizona
1634,1.3531,-47.1801,Anaschisma,Arizona
1633,1.3531,-47.1801,Anaschisma,Arizona
1629,1.3531,-47.1801,Anaschisma,Arizona
1630,1.3531,-47.1801,Anaschisma,Arizona
1631,1.3531,-47.1801,Anaschisma,Arizona
1632,1.3531,-47.1801,Anaschisma,Arizona
1628,1.3531,-47.1801,Anaschisma,Arizona
1627,1.3531,-47.1801,Anaschisma,Arizona
1626,1.3531,-47.1801,Anaschisma,Arizona
1625,1.3531,-47.1801,Anaschisma,Arizona
1624,1.3531,-47.1801,Apachesaurus,Arizona
1623,48.8243,42.2106,Plagioscutum,Orenburg
1622,46.4143,42.1659,Wetlugasaurus,Orenburg
1621,46.4143,42.1659,Benthosuchus,Orenburg
1620,46.9132,47.1091,Parotosuchus,Orenburg
1619,46.9132,47.1091,Wetlugasaurus,Orenburg
1618,46.9132,47.1091,Rhytidosteus,Orenburg
1617,46.9132,47.1091,Batrachosuchoides,Orenburg
1616,46.9132,47.1091,Melanopelta,Orenburg
1615,1.3531,-47.1801,Anaschisma,Arizona
1614,1.3531,-47.1801,Anaschisma,Arizona
1613,1.3531,-47.1801,Anaschisma,Arizona
1612,1.3531,-47.1801,Anaschisma,Arizona
1611,1.3531,-47.1801,Anaschisma,Arizona
1610,1.3531,-47.1801,Anaschisma,Arizona
1609,1.3531,-47.1801,Anaschisma,Arizona
1608,1.3531,-47.1801,Anaschisma,Arizona
1607,1.3531,-47.1801,Anaschisma,Arizona
1606,3.8468,-47.0031,Anaschisma,Arizona
1600,3.8468,-47.0031,Anaschisma,Arizona
1601,3.8468,-47.0031,Anaschisma,Arizona
1602,3.8468,-47.0031,Anaschisma,Arizona
1603,3.8468,-47.0031,Anaschisma,Arizona
1604,3.8468,-47.0031,Anaschisma,Arizona
1605,3.8468,-47.0031,Anaschisma,Arizona
1596,3.8468,-47.0031,Anaschisma,Arizona
1597,3.8468,-47.0031,Anaschisma,Arizona
1598,3.8468,-47.0031,Anaschisma,Arizona
1599,3.8468,-47.0031,Anaschisma,Arizona
1595,3.8468,-47.0031,Anaschisma,Arizona
1594,1.3531,-47.1801,Apachesaurus,Arizona
1593,1.3531,-47.1801,Apachesaurus,Arizona
1592,1.3531,-47.1801,Apachesaurus,Arizona
1591,1.3531,-47.1801,Apachesaurus,Arizona
1590,1.3531,-47.1801,Anaschisma,Arizona
1589,1.3531,-47.1801,Anaschisma,Arizona
1588,1.3531,-47.1801,Anaschisma,Arizona
1587,1.3531,-47.1801,Apachesaurus,Arizona
1586,1.3531,-47.1801,Apachesaurus,Arizona
1585,1.3531,-47.1801,Apachesaurus,Arizona
1584,1.3531,-47.1801,Anaschisma,Arizona
1583,1.3531,-47.1801,Anaschisma,Arizona
1582,1.3531,-47.1801,Apachesaurus,Arizona
1581,6.0887,-50.239,Apachesaurus,Arizona
1580,6.0887,-50.239,Anaschisma,Arizona
1579,1.6254,-50.2406,Anaschisma,Arizona
1578,1.6254,-50.2406,Apachesaurus,Arizona
1577,1.6254,-50.2406,Anaschisma,Arizona
1576,1.3531,-47.1801,Anaschisma,Arizona
1575,1.3531,-47.1801,Apachesaurus,New Mexico
1574,1.3531,-47.1801,Apachesaurus,New Mexico
1573,1.3572,-44.289,Apachesaurus,New Mexico
1572,1.3572,-44.289,Apachesaurus,New Mexico
1571,1.3572,-44.289,Apachesaurus,New Mexico
1570,1.3572,-44.289,Apachesaurus,New Mexico
1569,1.0593,-36.5887,Isodectes,Texas
1568,3.5144,-40.1421,Anaschisma,Oklahoma
1567,3.8366,-43.9682,Apachesaurus,New Mexico
1566,47.7835,44.5676,Benthosuchus,Orenburg
1565,52.7003,16.6602,Wetlugasaurus,Archangelsk
1564,52.7003,16.6602,Wetlugasaurus,Archangelsk
1563,48.3133,44.0363,Parotosuchus,Orenburg
1562,-1.4701,-41.4649,Anaschisma,Texas
1561,-52.1532,140.794,Warrenisuchus,Queensland
1560,-30.8144,64.7603,Metoposaurus,Madhya Pradesh
1559,1.3572,-44.289,Apachesaurus,New Mexico
1558,1.3572,-44.289,Apachesaurus,New Mexico
1557,10.7549,-46.119,Stanocephalosaurus,Arizona
1556,9.7821,-43.158,Eocyclotosaurus,Arizona
1555,10.7549,-46.119,Eocyclotosaurus,Arizona
1554,9.7821,-43.158,Eocyclotosaurus,Arizona
1553,9.7821,-43.158,Eocyclotosaurus,Arizona
1552,9.7821,-43.158,Quasicyclotosaurus,Arizona
1551,9.7821,-43.158,Quasicyclotosaurus,Arizona
1550,9.7821,-43.158,Stanocephalosaurus,Arizona
1549,10.7549,-46.119,Wellesaurus,Arizona
1548,10.7549,-46.119,Cosgriffius,Arizona
1547,10.7549,-46.119,Wellesaurus,Arizona
1546,10.7549,-46.119,Wellesaurus,Arizona
1545,10.7549,-46.119,Eocyclotosaurus,Arizona
1544,9.7821,-43.158,Vigilius,Arizona
1543,-63.335,-9.9696,Paracyclotosaurus,Eastern Cape
1542,-61.3754,-6.6214,Jammerbergia,Free State
1541,-61.3754,-6.6214,Vanastega,Eastern Cape
1540,-61.3754,-6.6214,Xenotosuchus,Eastern Cape
1539,48.8243,42.2106,Eryosuchus,Orenburg
1538,48.8243,42.2106,Eryosuchus,Orenburg
1537,48.8243,42.2106,Plagioscutum,Orenburg
1536,48.8243,42.2106,Eryosuchus,Orenburg
1535,48.8243,42.2106,Plagiorophus,Orenburg
1534,51.5683,36.4314,Bukobaja,Orenburg
1533,48.8243,42.2106,Plagioscutum,Bashkortostan
1532,46.885,40.4161,Eryosuchus,Bashkortostan
1531,46.885,40.4161,Plagioscutum,Bashkortostan
1530,46.885,40.4161,Plagiorophus,Bashkortostan
1529,46.885,40.4161,Eryosuchus,Bashkortostan
1528,46.885,40.4161,Plagiorophus,Bashkortostan
1527,51.5683,36.4314,Mastodonsaurus,Orenburg
1526,51.5683,36.4314,Mastodonsaurus,Orenburg
1525,51.5683,36.4314,Bukobaja,Orenburg
1524,51.5683,36.4314,Cyclotosaurus,Orenburg
1523,48.8243,42.2106,Eryosuchus,Orenburg
1522,18.3084,126.3019,Yuanansuchus,Hubei
1521,23.3969,10.8064,Mastodonsaurus,England
1520,23.3969,10.8064,Cyclotosaurus,England
1519,29.6148,13.9762,Metoposaurus,Bavaria
1518,29.6148,13.9762,Metoposaurus,Bavaria
1517,29.6148,13.9762,Metoposaurus,Bavaria
1516,29.6148,13.9762,Cyclotosaurus,Bavaria
1515,29.6148,13.9762,Metoposaurus,Bavaria
1514,29.6148,13.9762,Gerrothorax,Bavaria
1513,26.4493,22.0688,Stenotosaurus,Bavaria
1512,25.8877,19.3809,Tatrasuchus,Austria
1511,-46.4894,-19.7677,Sangaia,Rio Grande do Sul
1510,-46.5586,19.7779,Cherninia,Eastern
1509,-46.5586,19.7779,Batrachosuchus,Eastern
1508,-46.5586,19.7779,Stanocephalosaurus,Eastern
1507,27.7242,17.4803,Callistomordax,Baden-Wurttemberg
1506,27.7242,17.4803,Trematolestes,Baden-Wurttemberg
1505,27.7242,17.4803,Mastodonsaurus,Baden-Wurttemberg
1504,17.3547,21.0994,Calmasuchus,Catalonia
1503,-46.5586,19.7779,Stanocephalosaurus,Ruvuma
1502,-60.8807,-1.1886,Lydekkerina,Free State
1501,6.739,-20.6269,Anaschisma,Pennsylvania
1500,27.7242,17.4803,Trematolestes,Baden-Wurttemberg
1499,27.7242,17.4803,Gerrothorax,Baden-Wurttemberg
1498,27.7242,17.4803,Mastodonsaurus,Baden-Wurttemberg
1497,27.7242,17.4803,Plagiosuchus,Baden-Wurttemberg
1496,27.7242,17.4803,Plagiosuchus,Baden-Wurttemberg
1495,27.7242,17.4803,Plagiosuchus,Baden-Wurttemberg
1494,27.7242,17.4803,Plagiosuchus,Baden-Wurttemberg
1493,27.7242,17.4803,Plagiosuchus,Thuringia
1492,27.7242,17.4803,Trematolestes,Baden-Wurttemberg
1491,27.7242,17.4803,Tatrasuchus,Baden-Wurttemberg
1490,27.7242,17.4803,Plagiosuchus,Baden-Wurttemberg
1489,27.7242,17.4803,Gerrothorax,Baden-Wurttemberg
1488,27.7242,17.4803,Mastodonsaurus,Baden-Wurttemberg
1487,27.7242,17.4803,Trematolestes,Baden-Wurttemberg
1486,27.7242,17.4803,Callistomordax,Baden-Wurttemberg
1485,27.7242,17.4803,Mastodonsaurus,Baden-Wurttemberg
1484,27.7242,17.4803,Mastodonsaurus,Baden-Wurttemberg
1483,26.1169,15.4142,Mastodonsaurus,Baden-Wurttemberg
1481,26.1169,15.4142,Mastodonsaurus,Baden-Wurttemberg
1482,26.1169,15.4142,Mastodonsaurus,Baden-Wurttemberg
1480,26.1169,15.4142,Mastodonsaurus,Baden-Wurttemberg
1478,27.7242,17.4803,Mastodonsaurus,Thuringia
1477,27.7242,17.4803,Mastodonsaurus,Thuringia
1476,27.7242,17.4803,Mastodonsaurus,Thuringia
1475,27.8516,12.0466,Metoposaurus,Baden-Wurttemberg
1474,29.6148,13.9762,Metoposaurus,Baden-Wurttemberg
1473,27.8516,12.0466,Metoposaurus,Baden-Wurttemberg
1471,27.8516,12.0466,Hyperokynodon,Baden-Wurttemberg
1472,27.8516,12.0466,Hyperokynodon,Baden-Wurttemberg
1449,27.8516,12.0466,Cyclotosaurus,Baden-Wurttemberg
1450,27.8516,12.0466,Cyclotosaurus,Baden-Wurttemberg
1451,27.8516,12.0466,Cyclotosaurus,Baden-Wurttemberg
1452,27.8516,12.0466,Cyclotosaurus,Baden-Wurttemberg
1453,27.8516,12.0466,Cyclotosaurus,Baden-Wurttemberg
1454,27.8516,12.0466,Cyclotosaurus,Baden-Wurttemberg
1455,27.8516,12.0466,Cyclotosaurus,Baden-Wurttemberg
1456,27.8516,12.0466,Cyclotosaurus,Baden-Wurttemberg
1457,27.8516,12.0466,Cyclotosaurus,Baden-Wurttemberg
1458,27.8516,12.0466,Cyclotosaurus,Baden-Wurttemberg
1459,27.8516,12.0466,Cyclotosaurus,Baden-Wurttemberg
1460,27.8516,12.0466,Cyclotosaurus,Baden-Wurttemberg
1461,27.8516,12.0466,Cyclotosaurus,Baden-Wurttemberg
1462,27.8516,12.0466,Cyclotosaurus,Baden-Wurttemberg
1463,27.8516,12.0466,Cyclotosaurus,Baden-Wurttemberg
1464,27.8516,12.0466,Cyclotosaurus,Baden-Wurttemberg
1465,27.8516,12.0466,Cyclotosaurus,Baden-Wurttemberg
1466,27.8516,12.0466,Cyclotosaurus,Baden-Wurttemberg
1467,27.8516,12.0466,Cyclotosaurus,Baden-Wurttemberg
1468,27.8516,12.0466,Cyclotosaurus,Baden-Wurttemberg
1469,27.8516,12.0466,Cyclotosaurus,Baden-Wurttemberg
1470,27.8516,12.0466,Cyclotosaurus,Baden-Wurttemberg
1448,26.1017,14.1194,Cyclotosaurus,Baden-Wurttemberg
1447,29.6148,13.9762,Metoposaurus,Baden-Wurttemberg
1446,27.8516,12.0466,Metoposaurus,Baden-Wurttemberg
1445,27.8516,12.0466,Metoposaurus,Baden-Wurttemberg
1444,-0.73,-37.6741,Acheloma,Oklahoma
1443,32.5932,9.3339,Metoposaurus,Baden-Wurttemberg
1442,27.932,16.0856,Metoposaurus,Tirol
1441,40.0893,-9.3354,Gerrothorax,East Greenland
1439,40.0893,-9.3354,Gerrothorax,East Greenland
1440,40.0893,-9.3354,Gerrothorax,East Greenland
1438,29.6148,13.9762,Metoposaurus,Baden-Wurttemberg
1437,44.258,7.4226,Gerrothorax,Skane
1435,-3.6424,11.7065,Odenwaldia,Illizi
1436,-3.6424,11.7065,Odenwaldia,Illizi
1434,10.5874,-11.8909,Metoposaurus,Nova Scotia
1433,9.7144,-44.588,Anaschisma,Wyoming
1432,9.7144,-44.588,Anaschisma,Wyoming
1431,6.739,-20.6269,Calamops,Pennsylvania
1430,-31.6663,57.7156,Panthasaurus,Telangana
1429,3.8135,-29.3192,Amphibamus,Illinois
1428,-0.4818,-24.8936,Erpetosaurus,Ohio
1427,-0.4818,-24.8936,Erpetosaurus,Ohio
1426,-0.5219,-37.7808,Rubeostratilia,Texas
1425,-1.3878,-41.1268,Anaschisma,Texas
1424,-1.3878,-41.1268,Anaschisma,Texas
1423,-1.3878,-41.1268,Anaschisma,Texas
1422,52.9442,61.5643,Triassurus,Batken
1421,29.45,26.3383,Batrachosuchoides,Malopolskie
1420,30.8468,28.5269,Parotosuchus,Swietoryzskie
1419,22.9807,21.4397,Meyerosuchus,Baden-Wurttemberg
1418,22.9807,21.4397,Meyerosuchus,Baden-Wurttemberg
1417,25.0624,19.8316,Odenwaldia,Baden-Wurttemberg
1416,22.9807,21.4397,Odenwaldia,Baden-Wurttemberg
1415,29.6148,13.9762,Cyclotosaurus,Bavaria
1414,29.6148,13.9762,Metoposaurus,Bavaria
1413,29.6148,13.9762,Gerrothorax,Bavaria
1412,29.6148,13.9762,Cyclotosaurus,Bavaria
1411,15.5589,17.6663,Rotaryus,Thuringia
1410,-0.4818,-24.8936,Zatrachys,West Virginia
1409,-0.4818,-24.8936,Zatrachys,West Virginia
1408,26.1071,22.4399,Sclerothorax,Hessen
1407,25.0624,19.8316,Sclerothorax,Hessen
1406,28.9384,17.0989,Parotosuchus,Schleswig-Holstein
1405,26.4493,22.0688,Trematosaurus,Thuringia
1404,12.5267,-42.1707,Parotosuchus,Utah
1401,-47.7841,17.7482,Peltobatrachus,Ruvuma
1400,-61.6319,136.2734,Watsonisuchus,New South Wales
1399,-54.016,134.4377,Watsonisuchus,Queensland
1398,-54.016,134.4377,Watsonisuchus,Queensland
1397,-52.1532,140.794,Keratobrachyops,Queensland
1396,-52.1532,140.794,Xenobrachyops,Queensland
1394,-54.016,134.4377,Rewana,Queensland
1395,-54.016,134.4377,Rewana,Queensland
1393,-52.1532,140.794,Rewana,Queensland
1392,-54.016,134.4377,Plagiobatrachus,Queensland
1391,-54.016,134.4377,Acerastea,Queensland
1390,-52.1532,140.794,Nanolania,Queensland
1389,-70.8462,123.5821,Rotaurisaurus,Tasmania
1388,-52.1532,140.794,Tirraturhinus,Queensland
1387,-54.016,134.4377,Lydekkerina,Queensland
1386,-62.8262,133.5696,Microposaurus,New South Wales
1385,-61.6319,136.2734,Platycepsion,New South Wales
1384,-62.8262,133.5696,Notobrachyops,New South Wales
1383,-62.0172,137.7371,Bulgosuchus,New South Wales
1382,-60.4013,134.8501,Subcyclotosaurus,New South Wales
1381,-61.9056,139.3782,Trucheosaurus,New South Wales
1380,-40.3562,108.219,Deltasaurus,Western Australia
1379,-40.3562,108.219,Deltasaurus,Western Australia
1378,-40.3562,108.219,Deltasaurus,Western Australia
1377,-40.3562,108.219,Deltasaurus,Western Australia
1376,-40.3562,108.219,Deltasaurus,Western Australia
1375,-40.3562,108.219,Watsonisuchus,Western Australia
1374,-48.3349,91.6281,Deltasaurus,Western Australia
1373,-45.4946,64.2439,Indobrachyops,West Bengal
1372,-45.4946,64.2439,Manubrantlia,West Bengal
1371,-31.4624,66.1305,Aphaneramma,Azad Jammu & Kashmir
1370,-40.3562,108.219,Batrachosuchus,Western Australia
1369,-40.3562,108.219,Batrachosuchus,Western Australia
1368,-70.8462,123.5821,Banksiops,Tasmania
1367,-70.8462,123.5821,Chomatobatrachus,Tasmania
1366,-70.8462,123.5821,Banksiops,Tasmania
1365,-70.8462,123.5821,Chomatobatrachus,Tasmania
1364,-70.8462,123.5821,Derwentia,Tasmania
1363,-70.8462,123.5821,Banksiops,Tasmania
1362,-70.8462,123.5821,Chomatobatrachus,Tasmania
1361,-70.8462,123.5821,Deltasaurus,Tasmania
1360,-70.8462,123.5821,Banksiops,Tasmania
1359,-70.8462,123.5821,Chomatobatrachus,Tasmania
1358,-70.8462,123.5821,Deltasaurus,Tasmania
1357,-70.8462,123.5821,Derwentia,Tasmania
1356,-70.8462,123.5821,Chomatobatrachus,Tasmania
1355,-70.8462,123.5821,Banksiops,Tasmania
1354,-70.8462,123.5821,Chomatobatrachus,Tasmania
1353,-70.8462,123.5821,Deltasaurus,Tasmania
1352,-70.8462,123.5821,Watsonisuchus,Tasmania
1351,-70.8462,123.5821,Watsonisuchus,Tasmania
1336,-70.9492,126.1273,Bothriceps,Tasmania
1337,-70.9492,126.1273,Bothriceps,Tasmania
1338,-70.9492,126.1273,Bothriceps,Tasmania
1339,-70.9492,126.1273,Bothriceps,Tasmania
1340,-70.9492,126.1273,Bothriceps,Tasmania
1341,-70.9492,126.1273,Bothriceps,Tasmania
1342,-70.9492,126.1273,Bothriceps,Tasmania
1343,-70.9492,126.1273,Bothriceps,Tasmania
1344,-70.9492,126.1273,Bothriceps,Tasmania
1345,-70.9492,126.1273,Bothriceps,Tasmania
1346,-70.9492,126.1273,Bothriceps,Tasmania
1347,-70.9492,126.1273,Bothriceps,Tasmania
1348,-70.9492,126.1273,Bothriceps,Tasmania
1349,-70.9492,126.1273,Bothriceps,Tasmania
1350,-70.9492,126.1273,Bothriceps,Tasmania
1335,-38.3913,59.0094,Cherninia,Madhya Pradesh
1334,-38.3913,59.0094,Paracyclotosaurus,Madhya Pradesh
1333,-39.8254,56.37,Eryosuchus,Andhra Pradesh
1332,-39.8254,56.37,Eryosuchus,Andhra Pradesh
1331,-41.3663,55.7396,Brachyops,Maharashtra
1330,-31.6663,57.7156,Panthasaurus,Andhra Pradesh
1329,-31.6663,57.7156,Panthasaurus,Andhra Pradesh
1328,-31.6663,57.7156,Panthasaurus,Andhra Pradesh
1327,-25.4827,56.8524,Compsocerops,Andhra Pradesh
1324,-25.4827,56.8524,Kuttycephalus,Andhra Pradesh
1325,-25.4827,56.8524,Kuttycephalus,Andhra Pradesh
1326,-25.4827,56.8524,Kuttycephalus,Andhra Pradesh
1323,26.4626,20.9891,Mastodonsaurus,Baden-Wurttemberg
1322,26.4626,20.9891,Plagiosternum,Baden-Wurttemberg
1321,32.5932,9.3339,Cyclotosaurus,Baden-Wurttemberg
1320,27.8516,12.0466,Plagiosternum,Baden-Wurttemberg
1319,1.7225,-43.6358,Apachesaurus,New Mexico
1318,42.7067,10.1418,Hemiprichisaurus,Sachsen-Anhalt
1317,42.7067,10.1418,Plagiosaurus,Sachsen-Anhalt
1316,42.7067,10.1418,Cyclotosaurus,Sachsen-Anhalt
1315,42.7067,10.1418,Metoposaurus,Sachsen-Anhalt
1314,42.7067,10.1418,Gerrothorax,Sachsen-Anhalt
1313,42.7067,10.1418,Plagiosaurus,Sachsen-Anhalt
1312,42.7067,10.1418,Gerrothorax,Sachsen-Anhalt
1311,42.7067,10.1418,Cyclotosaurus,Sachsen-Anhalt
1310,41.1651,41.0099,Trematosaurus,Volgograd
1309,42.3944,29.4489,Benthosuchus,Yaroslavl
1308,47.7835,44.5676,Benthosuchus,Bashkortostan
1307,47.7835,44.5676,Benthosuchus,Samara
1306,-61.3754,-6.6214,Xenotosuchus,Eastern Cape
1305,41.1651,41.0099,Parotosuchus,Volgograd
1304,41.1651,41.0099,Batrachosuchoides,Volgograd
1303,48.6263,31.1073,Batrachosuchoides,Kirov
1302,48.3133,44.0363,Parotosuchus,Orenburg
1301,-40.3562,108.219,Erythrobatrachus,Western Australia
1300,-60.8084,-9.6701,Eolydekkerina,Free State
1299,-60.8084,-9.6701,Lydekkerina,Free State
1298,-60.8807,-1.1886,Broomistega,Free State
1297,-60.8807,-1.1886,Lydekkerina,Free State
1296,-60.8807,-1.1886,Lydekkerina,Free State
1295,-60.8807,-1.1886,Broomistega,KwaZulu-Natal
1294,-60.8807,-1.1886,Broomistega,KwaZulu-Natal
1293,-60.8807,-1.1886,Lydekkerina,KwaZulu-Natal
1292,-60.8807,-1.1886,Lydekkerina,Free State
1291,-60.8807,-1.1886,Lydekkerina,Free State
1290,38.9051,5.2871,Selenocara,Northeast Greenland
1289,38.9051,5.2871,Stoschiosaurus,Northeast Greenland
1288,38.9051,5.2871,Stoschiosaurus,Northeast Greenland
1287,38.9051,5.2871,Stoschiosaurus,Northeast Greenland
1286,38.9051,5.2871,Luzocephalus,Northeast Greenland
1285,38.9051,5.2871,Luzocephalus,Northeast Greenland
1284,38.9051,5.2871,Luzocephalus,Northeast Greenland
1283,38.9051,5.2871,Luzocephalus,Northeast Greenland
1282,38.9051,5.2871,Tupilakosaurus,Northeast Greenland
1281,38.9051,5.2871,Tupilakosaurus,Northeast Greenland
1280,48.3437,1.4,Aphaneramma,Svalbard
1279,47.6976,0.6657,Aphaneramma,Svalbard
1278,-37.335,38.8469,Deltacephalus,Diana
1277,48.3437,1.4,Lyrocephaliscus,Svalbard
1276,48.3437,1.4,Lyrocephaliscus,Svalbard
1275,48.3437,1.4,Lyrocephaliscus,Svalbard
1274,47.6976,0.6657,Lyrocephaliscus,Svalbard
1273,48.3437,1.4,Aphaneramma,Svalbard
1272,48.3437,1.4,Aphaneramma,Svalbard
1271,48.3437,1.4,Aphaneramma,Svalbard
1270,47.6976,0.6657,Aphaneramma,Svalbard
1269,48.3437,1.4,Aphaneramma,Svalbard
1268,48.3437,1.4,Aphaneramma,Svalbard
1267,48.3437,1.4,Platystega,Svalbard
1266,48.3437,1.4,Tertrema,Svalbard
1265,48.3437,1.4,Peltostega,Svalbard
1264,48.3437,1.4,Tertrema,Svalbard
1263,48.3437,1.4,Aphaneramma,Svalbard
1262,47.6976,0.6657,Aphaneramma,Svalbard
1261,47.6976,0.6657,Aphaneramma,Svalbard
1260,48.3437,1.4,Lyrocephaliscus,Svalbard
1259,48.3437,1.4,Peltostega,Svalbard
1258,47.6976,0.6657,Peltostega,Svalbard
1257,-37.335,38.8469,Wantzosaurus,Diana
1256,-37.335,38.8469,Edingerella,Diana
1255,-37.335,38.8469,Edingerella,Diana
1254,-37.335,38.8469,Edingerella,Diana
1253,-37.335,38.8469,Mahavisaurus,Diana
1252,-37.335,38.8469,Mahavisaurus,Diana
1251,-37.335,38.8469,Tertremoides,Diana
1250,-37.335,38.8469,Wantzosaurus,Diana
1249,-37.335,38.8469,Wantzosaurus,Diana
1248,-37.335,38.8469,Tertremoides,Diana
1247,-37.335,38.8469,Tertremoides,Diana
1246,-37.335,38.8469,Edingerella,Diana
1245,-63.335,-9.9696,Laidleria,Eastern Cape
1244,-62.6491,-13.244,Pneumatostega,Eastern Cape
1243,-60.8084,-9.6701,Pneumatostega,Northern Cape
1242,-60.8508,-19.3342,Rhinesuchoides,Eastern Cape
1241,-63.1595,-14.725,Laccosaurus,Eastern Cape
1240,-58.7619,-5.3084,Kestrosaurus,Free State
1239,-61.3754,-6.6214,Microposaurus,Eastern Cape
1238,-62.6491,-13.244,Micropholis,Eastern Cape
1229,-62.6491,-13.244,Micropholis,Eastern Cape
1230,-62.6491,-13.244,Micropholis,Eastern Cape
1231,-62.6491,-13.244,Micropholis,Eastern Cape
1232,-62.6491,-13.244,Micropholis,Eastern Cape
1233,-62.6491,-13.244,Micropholis,Eastern Cape
1234,-62.6491,-13.244,Micropholis,Eastern Cape
1235,-62.6491,-13.244,Micropholis,Eastern Cape
1236,-62.6491,-13.244,Micropholis,Eastern Cape
1237,-62.6491,-13.244,Micropholis,Eastern Cape
1227,-62.6491,-13.244,Micropholis,Eastern Cape
1228,-62.6491,-13.244,Micropholis,Eastern Cape
1226,-62.6491,-13.244,Micropholis,Eastern Cape
1224,-60.8084,-9.6701,Micropholis,Free State
1225,-60.8084,-9.6701,Micropholis,Free State
1223,-60.8084,-9.6701,Micropholis,Free State
1222,-60.8807,-1.1886,Micropholis,Free State
1221,-60.8084,-9.6701,Micropholis,Free State
1220,-60.8084,-9.6701,Micropholis,Free State
1218,-60.8084,-9.6701,Micropholis,Free State
1219,-60.8084,-9.6701,Micropholis,Free State
1217,-60.8807,-1.1886,Micropholis,Free State
1215,-62.6208,-11.8191,Trematosuchus,Eastern Cape
1216,-62.6208,-11.8191,Trematosuchus,Eastern Cape
1214,-58.7619,-5.3084,Trematosuchoides,Free State
1213,-61.3754,-6.6214,Xenotosuchus,Free State
1212,-61.3754,-6.6214,Microposaurus,Free State
1211,-61.3754,-6.6214,Microposaurus,Eastern Cape
1210,-61.3754,-6.6214,Batrachosuchus,Eastern Cape
1209,-62.6491,-13.244,Micropholis,Eastern Cape
1208,-60.7306,-8.3682,Trematosuchus,Eastern Cape
1207,-60.8084,-9.6701,Thabanchuia,Free State
1206,-58.7619,-5.3084,Kestrosaurus,Free State
1205,-58.7619,-5.3084,Kestrosaurus,Free State
1204,-58.7619,-5.3084,Bathignathus,Free State
1203,-61.3754,-6.6214,Xenotosuchus,Eastern Cape
1202,-60.7306,-8.3682,Kestrosaurus,Free State
1201,-60.7306,-8.3682,Watsonisuchus,Eastern Cape
1200,-61.3754,-6.6214,Xenotosuchus,Eastern Cape
1199,-60.8084,-9.6701,Watsonisuchus,Eastern Cape
1198,-58.7619,-5.3084,Kestrosaurus,Free State
1197,-58.7619,-5.3084,Kestrosaurus,Free State
1196,-60.8084,-9.6701,Rhytidosteus,Free State
1195,43.046,36.2856,Dvinosaurus,Tatarstan
1194,-42.0893,64.1113,Rhinesuchus,Madhya Pradesh
1193,39.5454,43.5092,Inflectosaurus,Astrakhan
1192,45.2164,33.3228,Rhinesuchus,Kostroma
1191,45.2164,33.3228,Rhinesuchus,Kostroma
1190,48.1979,31.766,Rhinesuchus,Kirov
1189,1.5211,-36.5866,Perryella,Oklahoma
1188,1.0593,-36.5887,Eryops,Texas
1187,26.4437,6.2863,Stenotosaurus,England
1185,-2.7466,-38.9219,Scapanops,Texas
1184,2.4804,-43.1405,Conjunctio,New Mexico
1183,2.4804,-43.1405,Conjunctio,New Mexico
1182,-63.1595,-14.725,Rhinesuchoides,Eastern Cape
1181,-45.4946,64.2439,Indobrachyops,West Bengal
1180,12.7951,10.33,Dasyceps,England
1179,-0.4818,-24.8936,Adamanterpeton,Ohio
1178,-0.4818,-24.8936,Astreptorhachis,Ohio
1177,-47.7841,17.7482,Rhineceps,Northern Region
1175,-2.7466,-38.9219,Neldasaurus,Texas
1176,-2.7466,-38.9219,Neldasaurus,Texas
1174,-2.7466,-38.9219,Neldasaurus,Texas
1173,-2.9808,-38.7628,Neldasaurus,Texas
1172,-2.7466,-38.9219,Neldasaurus,Texas
1171,-2.7466,-38.9219,Edops,Texas
1170,-2.7466,-38.9219,Edops,Texas
1169,-2.7466,-38.9219,Edops,Texas
1168,-2.7466,-38.9219,Edops,Texas
1167,-0.0183,-44.3526,Edops,New Mexico
1166,-0.5077,-24.9119,Edops,Ohio
1165,-2.7466,-38.9219,Chenoprosopus,Texas
1164,2.4804,-43.1405,Lafonius,New Mexico
1163,16.0936,19.7625,Dawsonerpeton,Czechia
1162,14.5677,17.8279,Branchierpeton,Thuringia
1161,15.0951,17.64,Branchierpeton,Saxony
1160,16.5382,16.2511,Branchierpeton,Sachsen-Anhalt
1159,16.5382,16.2511,Branchierpeton,Saxony
1157,16.0936,19.7625,Branchierpeton,Czechia
1156,14.5677,17.8279,Limnerpeton,Thuringia
1155,10.1626,15.0595,Micromelerpeton,Burgundy
1154,16.0936,19.7625,Nyranerpeton,Czechia
1153,16.0936,19.7625,Cochleosaurus,Czechia
1152,2.4612,-39.3231,Eryops,Texas
1151,2.4612,-39.3231,Trimerorhachis,Texas
1150,0.6581,-40.4143,Trimerorhachis,Texas
1149,0.2573,-40.5036,Trimerorhachis,Texas
1148,-1.1855,-37.6892,Trimerorhachis,Texas
1147,-1.1855,-37.6892,Eryops,Texas
1146,-0.4818,-24.8936,Erpetosaurus,Ohio
1145,0.2573,-40.5036,Eryops,Texas
1144,0.2573,-40.5036,Trimerorhachis,Texas
1143,0.2573,-40.5036,Eryops,Texas
1142,-1.5505,-41.5857,Trimerorhachis,Texas
1141,-1.5505,-41.5857,Trimerorhachis,Texas
1140,1.3572,-44.289,Apachesaurus,New Mexico
1139,13.647,15.5968,Micromelerpeton,Rhineland-Palatinate
1138,15.0951,17.64,Leptorophus,Saxony
1137,3.7525,-35.5757,Acroplous,Kansas
1136,3.9271,-35.4975,Acroplous,Nebraska
1135,3.9271,-35.4975,Acroplous,Nebraska
1134,13.1412,15.7725,Micromelerpeton,Rhineland-Palatinate
1133,45.4379,42.556,Dvinosaurus,Orenburg
1132,42.6534,40.3398,Konzhukovia,Orenburg
1131,3.9271,-35.4975,Plemmyradytes,Nebraska
1130,-1.3035,-22.1408,Fedexia,Pennsylvania
1129,-2.7466,-38.9219,Broiliellus,Texas
1128,2.4804,-43.1405,Broiliellus,New Mexico
1127,15.0951,17.64,Schoenfelderpeton,Saxony
1126,3.8135,-29.3192,Eumicrerpeton,Illinois
1125,2.4804,-43.1405,Milnererpeton,New Mexico
1124,3.8135,-29.3192,Amphibamus,Illinois
1123,1.7029,-36.6404,Eoscopus,Kansas
1122,-9999.0,-9999.0,Iberospondylus,Castilla-La Manacha
1121,-0.73,-37.6741,Tersomius,Oklahoma
1120,2.4804,-43.1405,Ecolsonia,New Mexico
1119,2.4804,-43.1405,Chenoprosopus,New Mexico
1118,2.4804,-43.1405,Eryops,New Mexico
1117,2.4804,-43.1405,Zatrachys,New Mexico
1116,2.4804,-43.1405,Platyhystrix,New Mexico
1115,2.4804,-43.1405,Ecolsonia,New Mexico
1114,0.3973,-33.9668,Actiobates,Kansas
1113,2.4804,-43.1405,Chenoprosopus,New Mexico
1112,2.4804,-43.1405,Eryops,New Mexico
1111,2.4804,-43.1405,Zatrachys,New Mexico
1110,2.4804,-43.1405,Platyhystrix,New Mexico
1109,16.0936,19.7625,Dawsonerpeton,Czechia
1108,16.0936,19.7625,Branchiosaurus,Czechia
1107,9.6624,15.1988,Branchiosaurus,Burgundy
1106,13.647,15.5968,Leptorophus,Rhineland-Palatinate
1105,-2.7466,-38.9219,Nanobamus,Texas
1104,-2.9808,-38.7628,Phonerpeton,Texas
1103,-0.73,-37.6741,Cacops,Oklahoma
1102,-2.7466,-38.9219,Parioxys,Texas
1101,2.4804,-43.1405,Ecolsonia,New Mexico
1100,2.4804,-43.1405,Eryops,New Mexico
1099,2.4804,-43.1405,Chenoprosopus,New Mexico
1098,2.4804,-43.1405,Eryops,New Mexico
1097,2.4804,-43.1405,Platyhystrix,New Mexico
1096,2.4804,-43.1405,Chenoprosopus,New Mexico
1095,2.4804,-43.1405,Eryops,New Mexico
1094,2.4804,-43.1405,Zatrachys,New Mexico
1093,2.4804,-43.1405,Platyhystrix,New Mexico
1092,2.4804,-43.1405,Lafonius,New Mexico
1091,-2.7466,-38.9219,Brevidorsum,Texas
1090,-2.9808,-38.7628,Parioxys,Texas
1089,-2.9808,-38.7628,Parioxys,Texas
1088,16.0936,19.7625,Limnogyrinus,Czechia
1087,4.6147,-41.8361,Aspidosaurus,New Mexico
1086,-2.7466,-38.9219,Conjunctio,Texas
1085,-1.1855,-37.6892,Trimerorhachis,Texas
1084,2.4804,-43.1405,Trimerorhachis,New Mexico
1083,-0.4818,-24.8936,Isodectes,Ohio
1082,-0.4818,-24.8936,Isodectes,Ohio
1081,3.8135,-29.3192,Isodectes,Illinois
1080,1.0593,-36.5887,Isodectes,Texas
1079,1.0593,-36.5887,Isodectes,Texas
1078,13.647,15.5968,Eimerisaurus,Rhineland-Palatinate
1077,13.647,15.5968,Eimerisaurus,Rhineland-Palatinate
1076,3.8135,-29.3192,Amphibamus,Illinois
1075,3.8135,-29.3192,Miobatrachus,Illinois
1074,39.7216,23.7627,Aspidosaurus,Komi
1073,-0.73,-37.6741,Aspidosaurus,Texas
1072,-0.5219,-37.7808,Aspidosaurus,Oklahoma
1071,3.9271,-35.4975,Aspidosaurus,Nebraska
1070,9.6624,15.1988,Branchiosaurus,Allier
1069,16.0936,19.7625,Platyrhinops,Czechia
1068,-0.4818,-24.8936,Platyrhinops,Ohio
1067,-0.4818,-24.8936,Platyrhinops,Ohio
1066,-0.4818,-24.8936,Platyrhinops,Ohio
1065,-2.9808,-38.7628,Platyhystrix,Texas
1064,-2.9808,-38.7628,Platyhystrix,Texas
1063,2.6646,-32.913,Platyhystrix,Kansas
1062,-0.4818,-24.8936,Stegops,Ohio
1061,-0.4818,-24.8936,Stegops,Ohio
1060,41.9725,35.9164,Iratusaurus,Bashkortostan
1059,-0.4818,-24.8936,Macrerpeton,Ohio
1058,16.6404,19.5629,Dasyceps,Czechia
1057,16.0936,19.7625,Capetus,Czechia
1056,43.7164,22.258,Clamorosaurus,Komi
1055,45.2403,22.8665,Clamorosaurus,Komi
1053,16.0936,19.7625,Porierpeton,Czechia
1052,10.1626,15.0595,Pleuronoura,Saone et Laoire
1051,10.1626,15.0595,Actinodon,Saone et Laoire
1050,10.1626,15.0595,Actinodon,Saone et Laoire
1049,10.1626,15.0595,Actinodon,Saone et Laoire
1048,14.5677,17.8279,Apateon,Thuringia
1047,-2.7466,-38.9219,Eryops,Texas
1046,14.5677,17.8279,Onchiodon,Thuringia
1045,14.5677,17.8279,Onchiodon,Thuringia
1044,12.5951,19.408,Onchiodon,Thuringia
1043,17.7901,21.2009,Melanerpeton,Czechia
1042,14.5677,17.8279,Melanerpeton,Thuringia
1041,14.5677,17.8279,Melanerpeton,Thuringia
1040,15.0951,17.64,Melanerpeton,Thuringia
1039,15.0951,17.64,Onchiodon,Thuringia
1038,14.5677,17.8279,Onchiodon,Thuringia
1037,14.5677,17.8279,Onchiodon,Thuringia
1036,17.7901,21.2009,Onchiodon,Czechia
1035,16.6404,19.5629,Onchiodon,Czechia
1034,15.5589,17.6663,Onchiodon,Saxony
1033,13.647,15.5968,Melanerpeton,Rhineland-Palatinate
1032,13.1412,15.7725,Melanerpeton,Rhineland-Palatinate
1031,16.0936,19.7625,Melanerpeton,Czechia
1028,14.5677,17.8279,Apateon,Thuringia
1029,14.5677,17.8279,Apateon,Thuringia
1030,14.5677,17.8279,Apateon,Thuringia
1027,9.6624,15.1988,Apateon,Allier
1026,17.1135,19.5856,Apateon,Czechia
1025,14.5677,17.8279,Apateon,Thuringia
1024,10.1626,15.0595,Apateon,Saone et Laoire
1023,14.5677,17.8279,Apateon,Thuringia
1022,15.0951,17.64,Apateon,Saxony
1021,15.0951,17.64,Apateon,Thuringia
1020,15.0951,17.64,Apateon,Thuringia
1019,13.647,15.5968,Apateon,Rhineland-Palatinate
1018,13.1412,15.7725,Apateon,Rhineland-Palatinate
1017,13.1412,15.7725,Apateon,Rhineland-Palatinate
1016,13.1412,15.7725,Apateon,Rhineland-Palatinate
1015,13.1412,15.7725,Apateon,Rhineland-Palatinate
1014,13.1412,15.7725,Apateon,Rhineland-Palatinate
1013,13.1412,15.7725,Apateon,Rhineland-Palatinate
1012,13.647,15.5968,Apateon,Rhineland-Palatinate
1011,13.1412,15.7725,Apateon,Rhineland-Palatinate
1010,13.1412,15.7725,Apateon,Rhineland-Palatinate
1009,10.1626,15.0595,Apateon,Saone et Laoire
1008,10.1626,15.0595,Apateon,Burgundy
1007,13.1412,15.7725,Apateon,Rhineland-Palatinate
1006,13.1412,15.7725,Apateon,Rhineland-Palatinate
1005,13.1412,15.7725,Apateon,Rhineland-Palatinate
1004,13.1412,15.7725,Apateon,Rhineland-Palatinate
1003,27.7242,17.4803,Megalophthalma,Baden-Wurttemberg
1002,-32.0453,-13.206,Timonya,Maranhao
1001,-33.9084,-13.7416,Timonya,Piaui
1000,-33.9084,-13.7416,Procuhy,Piaui
999,13.1412,15.7725,Eryops,Rhineland-Palatinate
998,13.1412,15.7725,Palatinerpeton,Rhineland-Palatinate
997,-9999.0,-9999.0,Lysipterygium,Kashmir
995,13.1412,15.7725,Sclerocephalus,Rhineland-Palatinate
994,13.647,15.5968,Sclerocephalus,Rhineland-Palatinate
993,13.1412,15.7725,Sclerocephalus,Rhineland-Palatinate
992,13.1412,15.7725,Sclerocephalus,Rhineland-Palatinate
991,13.1412,15.7725,Apateon,Rhineland-Palatinate
990,13.1412,15.7725,Sclerocephalus,Rhineland-Palatinate
989,13.1412,15.7725,Sclerocephalus,Rhineland-Palatinate
988,13.1412,15.7725,Sclerocephalus,Rhineland-Palatinate
987,16.6404,19.5629,Sclerocephalus,Czechia
986,15.0951,17.64,Sclerocephalus,Thuringia
985,15.0951,17.64,Sclerocephalus,Thuringia
984,13.647,15.5968,Sclerocephalus,Rhineland-Palatinate
983,14.5677,17.8279,Sclerocephalus,Thuringia
982,13.647,15.5968,Sclerocephalus,Rhineland-Palatinate
981,13.647,15.5968,Sclerocephalus,Rhineland-Palatinate
980,13.647,15.5968,Cheliderpeton,Rhineland-Palatinate
979,13.1412,15.7725,Sclerocephalus,Rhineland-Palatinate
978,13.1412,15.7725,Melanerpeton,Rhineland-Palatinate
977,13.1412,15.7725,Sclerocephalus,Rhineland-Palatinate
976,13.1412,15.7725,Sclerocephalus,Rhineland-Palatinate
975,13.1412,15.7725,Sclerocephalus,Rhineland-Palatinate
974,13.1412,15.7725,Sclerocephalus,Rhineland-Palatinate
973,13.1412,15.7725,Sclerocephalus,Rhineland-Palatinate
972,13.1412,15.7725,Sclerocephalus,Rhineland-Palatinate
971,13.1412,15.7725,Sclerocephalus,Rhineland-Palatinate
970,13.1412,15.7725,Sclerocephalus,Rhineland-Palatinate
969,13.1412,15.7725,Sclerocephalus,Rhineland-Palatinate
968,13.1412,15.7725,Sclerocephalus,Saarland
967,13.1412,15.7725,Sclerocephalus,Saarland
966,17.7901,21.2009,Cheliderpeton,Czechia
965,16.6404,19.5629,Cheliderpeton,Czechia
964,13.1412,15.7725,Archegosaurus,Saarland
963,13.647,15.5968,Archegosaurus,Rhineland-Palatinate
962,13.647,15.5968,Archegosaurus,Rhineland-Palatinate
961,-9999.0,-9999.0,Kashmirosaurus,Jammu and Kashmir
960,-9999.0,-9999.0,Kashmirosaurus,Kashmir
959,-9999.0,-9999.0,Kashmirosaurus,Kashmir
958,13.1412,15.7725,Glanochthon,Rhineland-Palatinate
957,13.647,15.5968,Glanochthon,Saarland
956,13.647,15.5968,Glanochthon,Rhineland-Palatinate
955,13.1412,15.7725,Glanochthon,Rhineland-Palatinate
954,13.1412,15.7725,Glanochthon,Saarland
953,13.1412,15.7725,Glanochthon,Rhineland-Palatinate
952,4.6147,-41.8361,Chenoprosopus,New Mexico
951,-1.3035,-22.1408,Eryops,Pennsylvania
950,2.4804,-43.1405,Chenoprosopus,New Mexico
949,2.4804,-43.1405,Zatrachys,New Mexico
948,2.4804,-43.1405,Platyhystrix,New Mexico
947,2.4804,-43.1405,Eryops,New Mexico
946,2.4804,-43.1405,Platyhystrix,New Mexico
945,-2.9808,-38.7628,Dissorophus,Texas
944,1.0593,-36.5887,Zatrachys,Texas
943,-1.3035,-22.1408,Zatrachys,West Virginia
942,-1.3035,-22.1408,Zatrachys,West Virginia
941,-1.3035,-22.1408,Isodectes,Pennsylvania
940,-1.3035,-22.1408,Eryops,Pennsylvania
939,4.6147,-41.8361,Platyhystrix,New Mexico
938,-0.4818,-24.8936,Edops,West Virginia
937,2.4804,-43.1405,Trimerorhachis,New Mexico
936,2.4804,-43.1405,Trimerorhachis,New Mexico
935,2.4804,-43.1405,Eryops,New Mexico
934,2.4804,-43.1405,Platyhystrix,New Mexico
933,2.4804,-43.1405,Zatrachys,New Mexico
932,2.4804,-43.1405,Eryops,New Mexico
931,2.4804,-43.1405,Zatrachys,New Mexico
930,2.4804,-43.1405,Aspidosaurus,New Mexico
929,-2.9808,-38.7628,Eryops,Texas
928,-2.9808,-38.7628,Zatrachys,Texas
927,-2.9808,-38.7628,Trimerorhachis,Texas
926,-2.7466,-38.9219,Eryops,Texas
925,3.7525,-35.5757,Acroplous,Kansas
924,3.3376,-45.8581,Trimerorhachis,New Mexico
923,1.5211,-36.5866,Trimerorhachis,Oklahoma
922,1.5211,-36.5866,Eryops,Oklahoma
921,-0.73,-37.6741,Trimerorhachis,Oklahoma
920,-0.73,-37.6741,Eryops,Oklahoma
919,-1.5505,-41.5857,Eryops,Texas
918,2.4804,-43.1405,Eryops,New Mexico
917,2.4804,-43.1405,Zatrachys,New Mexico
916,2.4804,-43.1405,Trimerorhachis,New Mexico
915,2.4804,-43.1405,Onchiodon,New Mexico
914,3.6502,-45.7873,Eryops,New Mexico
913,3.6502,-45.7873,Platyhystrix,New Mexico
912,0.3449,-44.4408,Edops,New Mexico
911,0.3449,-44.4408,Platyhystrix,New Mexico
910,1.4415,-46.9598,Trimerorhachis,New Mexico
909,2.4804,-43.1405,Trimerorhachis,New Mexico
908,2.4804,-43.1405,Platyhystrix,New Mexico
907,-0.4818,-24.8936,Broiliellus,Ohio
906,1.0593,-36.5887,Dissorophus,Texas
406,14.5677,17.8279,Apateon,Thuringia
407,14.5677,17.8279,Apateon,Thuringia
408,14.5677,17.8279,Apateon,Thuringia
409,14.5677,17.8279,Apateon,Thuringia
410,14.5677,17.8279,Apateon,Thuringia
411,14.5677,17.8279,Apateon,Thuringia
412,14.5677,17.8279,Apateon,Thuringia
413,14.5677,17.8279,Apateon,Thuringia
414,14.5677,17.8279,Apateon,Thuringia
415,14.5677,17.8279,Apateon,Thuringia
416,14.5677,17.8279,Apateon,Thuringia
417,14.5677,17.8279,Apateon,Thuringia
418,14.5677,17.8279,Apateon,Thuringia
419,14.5677,17.8279,Apateon,Thuringia
420,14.5677,17.8279,Apateon,Thuringia
421,14.5677,17.8279,Apateon,Thuringia
422,14.5677,17.8279,Apateon,Thuringia
423,14.5677,17.8279,Apateon,Thuringia
424,14.5677,17.8279,Apateon,Thuringia
425,14.5677,17.8279,Apateon,Thuringia
426,14.5677,17.8279,Apateon,Thuringia
427,14.5677,17.8279,Apateon,Thuringia
428,14.5677,17.8279,Apateon,Thuringia
429,14.5677,17.8279,Apateon,Thuringia
430,14.5677,17.8279,Apateon,Thuringia
431,14.5677,17.8279,Apateon,Thuringia
432,14.5677,17.8279,Apateon,Thuringia
433,14.5677,17.8279,Apateon,Thuringia
434,14.5677,17.8279,Apateon,Thuringia
435,14.5677,17.8279,Apateon,Thuringia
436,14.5677,17.8279,Apateon,Thuringia
437,14.5677,17.8279,Apateon,Thuringia
438,14.5677,17.8279,Apateon,Thuringia
439,14.5677,17.8279,Apateon,Thuringia
440,14.5677,17.8279,Apateon,Thuringia
441,14.5677,17.8279,Apateon,Thuringia
442,14.5677,17.8279,Apateon,Thuringia
443,14.5677,17.8279,Apateon,Thuringia
444,14.5677,17.8279,Apateon,Thuringia
445,14.5677,17.8279,Apateon,Thuringia
446,14.5677,17.8279,Apateon,Thuringia
447,14.5677,17.8279,Apateon,Thuringia
448,14.5677,17.8279,Apateon,Thuringia
449,14.5677,17.8279,Apateon,Thuringia
450,14.5677,17.8279,Apateon,Thuringia
451,14.5677,17.8279,Apateon,Thuringia
452,14.5677,17.8279,Apateon,Thuringia
453,14.5677,17.8279,Apateon,Thuringia
454,14.5677,17.8279,Apateon,Thuringia
455,14.5677,17.8279,Apateon,Thuringia
456,14.5677,17.8279,Apateon,Thuringia
457,14.5677,17.8279,Apateon,Thuringia
458,14.5677,17.8279,Apateon,Thuringia
459,14.5677,17.8279,Apateon,Thuringia
460,14.5677,17.8279,Apateon,Thuringia
461,14.5677,17.8279,Apateon,Thuringia
462,14.5677,17.8279,Apateon,Thuringia
463,14.5677,17.8279,Apateon,Thuringia
464,14.5677,17.8279,Apateon,Thuringia
465,14.5677,17.8279,Apateon,Thuringia
466,14.5677,17.8279,Apateon,Thuringia
467,14.5677,17.8279,Apateon,Thuringia
468,14.5677,17.8279,Apateon,Thuringia
469,14.5677,17.8279,Apateon,Thuringia
470,14.5677,17.8279,Apateon,Thuringia
471,14.5677,17.8279,Apateon,Thuringia
472,14.5677,17.8279,Apateon,Thuringia
473,14.5677,17.8279,Apateon,Thuringia
474,14.5677,17.8279,Apateon,Thuringia
475,14.5677,17.8279,Apateon,Thuringia
476,14.5677,17.8279,Apateon,Thuringia
477,14.5677,17.8279,Apateon,Thuringia
478,14.5677,17.8279,Apateon,Thuringia
479,14.5677,17.8279,Apateon,Thuringia
480,14.5677,17.8279,Apateon,Thuringia
481,14.5677,17.8279,Apateon,Thuringia
482,14.5677,17.8279,Apateon,Thuringia
483,14.5677,17.8279,Apateon,Thuringia
484,14.5677,17.8279,Apateon,Thuringia
485,14.5677,17.8279,Apateon,Thuringia
486,14.5677,17.8279,Apateon,Thuringia
487,14.5677,17.8279,Apateon,Thuringia
488,14.5677,17.8279,Apateon,Thuringia
489,14.5677,17.8279,Apateon,Thuringia
490,14.5677,17.8279,Apateon,Thuringia
491,14.5677,17.8279,Apateon,Thuringia
492,14.5677,17.8279,Apateon,Thuringia
493,14.5677,17.8279,Apateon,Thuringia
494,14.5677,17.8279,Apateon,Thuringia
495,14.5677,17.8279,Apateon,Thuringia
496,14.5677,17.8279,Apateon,Thuringia
497,14.5677,17.8279,Apateon,Thuringia
498,14.5677,17.8279,Apateon,Thuringia
499,14.5677,17.8279,Apateon,Thuringia
500,14.5677,17.8279,Apateon,Thuringia
501,14.5677,17.8279,Apateon,Thuringia
502,14.5677,17.8279,Apateon,Thuringia
503,14.5677,17.8279,Apateon,Thuringia
504,14.5677,17.8279,Apateon,Thuringia
505,14.5677,17.8279,Apateon,Thuringia
506,14.5677,17.8279,Apateon,Thuringia
507,14.5677,17.8279,Apateon,Thuringia
508,14.5677,17.8279,Apateon,Thuringia
509,14.5677,17.8279,Apateon,Thuringia
510,14.5677,17.8279,Apateon,Thuringia
511,14.5677,17.8279,Apateon,Thuringia
512,14.5677,17.8279,Apateon,Thuringia
513,14.5677,17.8279,Apateon,Thuringia
514,14.5677,17.8279,Apateon,Thuringia
515,14.5677,17.8279,Apateon,Thuringia
516,14.5677,17.8279,Apateon,Thuringia
517,14.5677,17.8279,Apateon,Thuringia
518,14.5677,17.8279,Apateon,Thuringia
519,14.5677,17.8279,Apateon,Thuringia
520,14.5677,17.8279,Apateon,Thuringia
521,14.5677,17.8279,Apateon,Thuringia
522,14.5677,17.8279,Apateon,Thuringia
523,14.5677,17.8279,Apateon,Thuringia
524,14.5677,17.8279,Apateon,Thuringia
525,14.5677,17.8279,Apateon,Thuringia
526,14.5677,17.8279,Apateon,Thuringia
527,14.5677,17.8279,Apateon,Thuringia
528,14.5677,17.8279,Apateon,Thuringia
529,14.5677,17.8279,Apateon,Thuringia
530,14.5677,17.8279,Apateon,Thuringia
531,14.5677,17.8279,Apateon,Thuringia
532,14.5677,17.8279,Apateon,Thuringia
533,14.5677,17.8279,Apateon,Thuringia
534,14.5677,17.8279,Apateon,Thuringia
535,14.5677,17.8279,Apateon,Thuringia
536,14.5677,17.8279,Apateon,Thuringia
537,14.5677,17.8279,Apateon,Thuringia
538,14.5677,17.8279,Apateon,Thuringia
539,14.5677,17.8279,Apateon,Thuringia
540,14.5677,17.8279,Apateon,Thuringia
541,14.5677,17.8279,Apateon,Thuringia
542,14.5677,17.8279,Apateon,Thuringia
543,14.5677,17.8279,Apateon,Thuringia
544,14.5677,17.8279,Apateon,Thuringia
545,14.5677,17.8279,Apateon,Thuringia
546,14.5677,17.8279,Apateon,Thuringia
547,14.5677,17.8279,Apateon,Thuringia
548,14.5677,17.8279,Apateon,Thuringia
549,14.5677,17.8279,Apateon,Thuringia
550,14.5677,17.8279,Apateon,Thuringia
551,14.5677,17.8279,Apateon,Thuringia
552,14.5677,17.8279,Apateon,Thuringia
553,14.5677,17.8279,Apateon,Thuringia
554,14.5677,17.8279,Apateon,Thuringia
555,14.5677,17.8279,Apateon,Thuringia
556,14.5677,17.8279,Apateon,Thuringia
557,14.5677,17.8279,Apateon,Thuringia
558,14.5677,17.8279,Apateon,Thuringia
559,14.5677,17.8279,Apateon,Thuringia
560,14.5677,17.8279,Apateon,Thuringia
561,14.5677,17.8279,Apateon,Thuringia
562,14.5677,17.8279,Apateon,Thuringia
563,14.5677,17.8279,Apateon,Thuringia
564,14.5677,17.8279,Apateon,Thuringia
565,14.5677,17.8279,Apateon,Thuringia
566,14.5677,17.8279,Apateon,Thuringia
567,14.5677,17.8279,Apateon,Thuringia
568,14.5677,17.8279,Apateon,Thuringia
569,14.5677,17.8279,Apateon,Thuringia
570,14.5677,17.8279,Apateon,Thuringia
571,14.5677,17.8279,Apateon,Thuringia
572,14.5677,17.8279,Apateon,Thuringia
573,14.5677,17.8279,Apateon,Thuringia
574,14.5677,17.8279,Apateon,Thuringia
575,14.5677,17.8279,Apateon,Thuringia
576,14.5677,17.8279,Apateon,Thuringia
577,14.5677,17.8279,Apateon,Thuringia
578,14.5677,17.8279,Apateon,Thuringia
579,14.5677,17.8279,Apateon,Thuringia
580,14.5677,17.8279,Apateon,Thuringia
581,14.5677,17.8279,Apateon,Thuringia
582,14.5677,17.8279,Apateon,Thuringia
583,14.5677,17.8279,Apateon,Thuringia
584,14.5677,17.8279,Apateon,Thuringia
585,14.5677,17.8279,Apateon,Thuringia
586,14.5677,17.8279,Apateon,Thuringia
587,14.5677,17.8279,Apateon,Thuringia
588,14.5677,17.8279,Apateon,Thuringia
589,14.5677,17.8279,Apateon,Thuringia
590,14.5677,17.8279,Apateon,Thuringia
591,14.5677,17.8279,Apateon,Thuringia
592,14.5677,17.8279,Apateon,Thuringia
593,14.5677,17.8279,Apateon,Thuringia
594,14.5677,17.8279,Apateon,Thuringia
595,14.5677,17.8279,Apateon,Thuringia
596,14.5677,17.8279,Apateon,Thuringia
597,14.5677,17.8279,Apateon,Thuringia
598,14.5677,17.8279,Apateon,Thuringia
599,14.5677,17.8279,Apateon,Thuringia
600,14.5677,17.8279,Apateon,Thuringia
601,14.5677,17.8279,Apateon,Thuringia
602,14.5677,17.8279,Apateon,Thuringia
603,14.5677,17.8279,Apateon,Thuringia
604,14.5677,17.8279,Apateon,Thuringia
605,14.5677,17.8279,Apateon,Thuringia
606,14.5677,17.8279,Apateon,Thuringia
607,14.5677,17.8279,Apateon,Thuringia
608,14.5677,17.8279,Apateon,Thuringia
609,14.5677,17.8279,Apateon,Thuringia
610,14.5677,17.8279,Apateon,Thuringia
611,14.5677,17.8279,Apateon,Thuringia
612,14.5677,17.8279,Apateon,Thuringia
613,14.5677,17.8279,Apateon,Thuringia
614,14.5677,17.8279,Apateon,Thuringia
615,14.5677,17.8279,Apateon,Thuringia
616,14.5677,17.8279,Apateon,Thuringia
617,14.5677,17.8279,Apateon,Thuringia
618,14.5677,17.8279,Apateon,Thuringia
619,14.5677,17.8279,Apateon,Thuringia
620,14.5677,17.8279,Apateon,Thuringia
621,14.5677,17.8279,Apateon,Thuringia
622,14.5677,17.8279,Apateon,Thuringia
623,14.5677,17.8279,Apateon,Thuringia
624,14.5677,17.8279,Apateon,Thuringia
625,14.5677,17.8279,Apateon,Thuringia
626,14.5677,17.8279,Apateon,Thuringia
627,14.5677,17.8279,Apateon,Thuringia
628,14.5677,17.8279,Apateon,Thuringia
629,14.5677,17.8279,Apateon,Thuringia
630,14.5677,17.8279,Apateon,Thuringia
631,14.5677,17.8279,Apateon,Thuringia
632,14.5677,17.8279,Apateon,Thuringia
633,14.5677,17.8279,Apateon,Thuringia
634,14.5677,17.8279,Apateon,Thuringia
635,14.5677,17.8279,Apateon,Thuringia
636,14.5677,17.8279,Apateon,Thuringia
637,14.5677,17.8279,Apateon,Thuringia
638,14.5677,17.8279,Apateon,Thuringia
639,14.5677,17.8279,Apateon,Thuringia
640,14.5677,17.8279,Apateon,Thuringia
641,14.5677,17.8279,Apateon,Thuringia
642,14.5677,17.8279,Apateon,Thuringia
643,14.5677,17.8279,Apateon,Thuringia
644,14.5677,17.8279,Apateon,Thuringia
645,14.5677,17.8279,Apateon,Thuringia
646,14.5677,17.8279,Apateon,Thuringia
647,14.5677,17.8279,Apateon,Thuringia
648,14.5677,17.8279,Apateon,Thuringia
649,14.5677,17.8279,Apateon,Thuringia
650,14.5677,17.8279,Apateon,Thuringia
651,14.5677,17.8279,Apateon,Thuringia
652,14.5677,17.8279,Apateon,Thuringia
653,14.5677,17.8279,Apateon,Thuringia
654,14.5677,17.8279,Apateon,Thuringia
655,14.5677,17.8279,Apateon,Thuringia
656,14.5677,17.8279,Apateon,Thuringia
657,14.5677,17.8279,Apateon,Thuringia
658,14.5677,17.8279,Apateon,Thuringia
659,14.5677,17.8279,Apateon,Thuringia
660,14.5677,17.8279,Apateon,Thuringia
661,14.5677,17.8279,Apateon,Thuringia
662,14.5677,17.8279,Apateon,Thuringia
663,14.5677,17.8279,Apateon,Thuringia
664,14.5677,17.8279,Apateon,Thuringia
665,14.5677,17.8279,Apateon,Thuringia
666,14.5677,17.8279,Apateon,Thuringia
667,14.5677,17.8279,Apateon,Thuringia
668,14.5677,17.8279,Apateon,Thuringia
669,14.5677,17.8279,Apateon,Thuringia
670,14.5677,17.8279,Apateon,Thuringia
671,14.5677,17.8279,Apateon,Thuringia
672,14.5677,17.8279,Apateon,Thuringia
673,14.5677,17.8279,Apateon,Thuringia
674,14.5677,17.8279,Apateon,Thuringia
675,14.5677,17.8279,Apateon,Thuringia
676,14.5677,17.8279,Apateon,Thuringia
677,14.5677,17.8279,Apateon,Thuringia
678,14.5677,17.8279,Apateon,Thuringia
679,14.5677,17.8279,Apateon,Thuringia
680,14.5677,17.8279,Apateon,Thuringia
681,14.5677,17.8279,Apateon,Thuringia
682,14.5677,17.8279,Apateon,Thuringia
683,14.5677,17.8279,Apateon,Thuringia
684,14.5677,17.8279,Apateon,Thuringia
685,14.5677,17.8279,Apateon,Thuringia
686,14.5677,17.8279,Apateon,Thuringia
687,14.5677,17.8279,Apateon,Thuringia
688,14.5677,17.8279,Apateon,Thuringia
689,14.5677,17.8279,Apateon,Thuringia
690,14.5677,17.8279,Apateon,Thuringia
691,14.5677,17.8279,Apateon,Thuringia
692,14.5677,17.8279,Apateon,Thuringia
693,14.5677,17.8279,Apateon,Thuringia
694,14.5677,17.8279,Apateon,Thuringia
695,14.5677,17.8279,Apateon,Thuringia
696,14.5677,17.8279,Apateon,Thuringia
697,14.5677,17.8279,Apateon,Thuringia
698,14.5677,17.8279,Apateon,Thuringia
699,14.5677,17.8279,Apateon,Thuringia
700,14.5677,17.8279,Apateon,Thuringia
701,14.5677,17.8279,Apateon,Thuringia
702,14.5677,17.8279,Apateon,Thuringia
703,14.5677,17.8279,Apateon,Thuringia
704,14.5677,17.8279,Apateon,Thuringia
705,14.5677,17.8279,Apateon,Thuringia
706,14.5677,17.8279,Apateon,Thuringia
707,14.5677,17.8279,Apateon,Thuringia
708,14.5677,17.8279,Apateon,Thuringia
709,14.5677,17.8279,Apateon,Thuringia
710,14.5677,17.8279,Apateon,Thuringia
711,14.5677,17.8279,Apateon,Thuringia
712,14.5677,17.8279,Apateon,Thuringia
713,14.5677,17.8279,Apateon,Thuringia
714,14.5677,17.8279,Apateon,Thuringia
715,14.5677,17.8279,Apateon,Thuringia
716,14.5677,17.8279,Apateon,Thuringia
717,14.5677,17.8279,Apateon,Thuringia
718,14.5677,17.8279,Apateon,Thuringia
719,14.5677,17.8279,Apateon,Thuringia
720,14.5677,17.8279,Apateon,Thuringia
721,14.5677,17.8279,Apateon,Thuringia
722,14.5677,17.8279,Apateon,Thuringia
723,14.5677,17.8279,Apateon,Thuringia
724,14.5677,17.8279,Apateon,Thuringia
725,14.5677,17.8279,Apateon,Thuringia
726,14.5677,17.8279,Apateon,Thuringia
727,14.5677,17.8279,Apateon,Thuringia
728,14.5677,17.8279,Apateon,Thuringia
729,14.5677,17.8279,Apateon,Thuringia
730,14.5677,17.8279,Apateon,Thuringia
731,14.5677,17.8279,Apateon,Thuringia
732,14.5677,17.8279,Apateon,Thuringia
733,14.5677,17.8279,Apateon,Thuringia
734,14.5677,17.8279,Apateon,Thuringia
735,14.5677,17.8279,Apateon,Thuringia
736,14.5677,17.8279,Apateon,Thuringia
737,14.5677,17.8279,Apateon,Thuringia
738,14.5677,17.8279,Apateon,Thuringia
739,14.5677,17.8279,Apateon,Thuringia
740,14.5677,17.8279,Apateon,Thuringia
741,14.5677,17.8279,Apateon,Thuringia
742,14.5677,17.8279,Apateon,Thuringia
743,14.5677,17.8279,Apateon,Thuringia
744,14.5677,17.8279,Apateon,Thuringia
745,14.5677,17.8279,Apateon,Thuringia
746,14.5677,17.8279,Apateon,Thuringia
747,14.5677,17.8279,Apateon,Thuringia
748,14.5677,17.8279,Apateon,Thuringia
749,14.5677,17.8279,Apateon,Thuringia
750,14.5677,17.8279,Apateon,Thuringia
751,14.5677,17.8279,Apateon,Thuringia
752,14.5677,17.8279,Apateon,Thuringia
753,14.5677,17.8279,Apateon,Thuringia
754,14.5677,17.8279,Apateon,Thuringia
755,14.5677,17.8279,Apateon,Thuringia
756,14.5677,17.8279,Apateon,Thuringia
757,14.5677,17.8279,Apateon,Thuringia
758,14.5677,17.8279,Apateon,Thuringia
759,14.5677,17.8279,Apateon,Thuringia
760,14.5677,17.8279,Apateon,Thuringia
761,14.5677,17.8279,Apateon,Thuringia
762,14.5677,17.8279,Apateon,Thuringia
763,14.5677,17.8279,Apateon,Thuringia
764,14.5677,17.8279,Apateon,Thuringia
765,14.5677,17.8279,Apateon,Thuringia
766,14.5677,17.8279,Apateon,Thuringia
767,14.5677,17.8279,Apateon,Thuringia
768,14.5677,17.8279,Apateon,Thuringia
769,14.5677,17.8279,Apateon,Thuringia
770,14.5677,17.8279,Apateon,Thuringia
771,14.5677,17.8279,Apateon,Thuringia
772,14.5677,17.8279,Apateon,Thuringia
773,14.5677,17.8279,Apateon,Thuringia
774,14.5677,17.8279,Apateon,Thuringia
775,14.5677,17.8279,Apateon,Thuringia
776,14.5677,17.8279,Apateon,Thuringia
777,14.5677,17.8279,Apateon,Thuringia
778,14.5677,17.8279,Apateon,Thuringia
779,14.5677,17.8279,Apateon,Thuringia
780,14.5677,17.8279,Apateon,Thuringia
781,14.5677,17.8279,Apateon,Thuringia
782,14.5677,17.8279,Apateon,Thuringia
783,14.5677,17.8279,Apateon,Thuringia
784,14.5677,17.8279,Apateon,Thuringia
785,14.5677,17.8279,Apateon,Thuringia
786,14.5677,17.8279,Apateon,Thuringia
787,14.5677,17.8279,Apateon,Thuringia
788,14.5677,17.8279,Apateon,Thuringia
789,14.5677,17.8279,Apateon,Thuringia
790,14.5677,17.8279,Apateon,Thuringia
791,14.5677,17.8279,Apateon,Thuringia
792,14.5677,17.8279,Apateon,Thuringia
793,14.5677,17.8279,Apateon,Thuringia
794,14.5677,17.8279,Apateon,Thuringia
795,14.5677,17.8279,Apateon,Thuringia
796,14.5677,17.8279,Apateon,Thuringia
797,14.5677,17.8279,Apateon,Thuringia
798,14.5677,17.8279,Apateon,Thuringia
799,14.5677,17.8279,Apateon,Thuringia
800,14.5677,17.8279,Apateon,Thuringia
801,14.5677,17.8279,Apateon,Thuringia
802,14.5677,17.8279,Apateon,Thuringia
803,14.5677,17.8279,Apateon,Thuringia
804,14.5677,17.8279,Apateon,Thuringia
805,14.5677,17.8279,Apateon,Thuringia
806,14.5677,17.8279,Apateon,Thuringia
807,14.5677,17.8279,Apateon,Thuringia
808,14.5677,17.8279,Apateon,Thuringia
809,14.5677,17.8279,Apateon,Thuringia
810,14.5677,17.8279,Apateon,Thuringia
811,14.5677,17.8279,Apateon,Thuringia
812,14.5677,17.8279,Apateon,Thuringia
813,14.5677,17.8279,Apateon,Thuringia
814,14.5677,17.8279,Apateon,Thuringia
815,14.5677,17.8279,Apateon,Thuringia
816,14.5677,17.8279,Apateon,Thuringia
817,14.5677,17.8279,Apateon,Thuringia
818,14.5677,17.8279,Apateon,Thuringia
819,14.5677,17.8279,Apateon,Thuringia
820,14.5677,17.8279,Apateon,Thuringia
821,14.5677,17.8279,Apateon,Thuringia
822,14.5677,17.8279,Apateon,Thuringia
823,14.5677,17.8279,Apateon,Thuringia
824,14.5677,17.8279,Apateon,Thuringia
825,14.5677,17.8279,Apateon,Thuringia
826,14.5677,17.8279,Apateon,Thuringia
827,14.5677,17.8279,Apateon,Thuringia
828,14.5677,17.8279,Apateon,Thuringia
829,14.5677,17.8279,Apateon,Thuringia
830,14.5677,17.8279,Apateon,Thuringia
831,14.5677,17.8279,Apateon,Thuringia
832,14.5677,17.8279,Apateon,Thuringia
833,14.5677,17.8279,Apateon,Thuringia
834,14.5677,17.8279,Apateon,Thuringia
835,14.5677,17.8279,Apateon,Thuringia
836,14.5677,17.8279,Apateon,Thuringia
837,14.5677,17.8279,Apateon,Thuringia
838,14.5677,17.8279,Apateon,Thuringia
839,14.5677,17.8279,Apateon,Thuringia
840,14.5677,17.8279,Apateon,Thuringia
841,14.5677,17.8279,Apateon,Thuringia
842,14.5677,17.8279,Apateon,Thuringia
843,14.5677,17.8279,Apateon,Thuringia
844,14.5677,17.8279,Apateon,Thuringia
845,14.5677,17.8279,Apateon,Thuringia
846,14.5677,17.8279,Apateon,Thuringia
847,14.5677,17.8279,Apateon,Thuringia
848,14.5677,17.8279,Apateon,Thuringia
849,14.5677,17.8279,Apateon,Thuringia
850,14.5677,17.8279,Apateon,Thuringia
851,14.5677,17.8279,Apateon,Thuringia
852,14.5677,17.8279,Apateon,Thuringia
853,14.5677,17.8279,Apateon,Thuringia
854,14.5677,17.8279,Apateon,Thuringia
855,14.5677,17.8279,Apateon,Thuringia
856,14.5677,17.8279,Apateon,Thuringia
857,14.5677,17.8279,Apateon,Thuringia
858,14.5677,17.8279,Apateon,Thuringia
859,14.5677,17.8279,Apateon,Thuringia
860,14.5677,17.8279,Apateon,Thuringia
861,14.5677,17.8279,Apateon,Thuringia
862,14.5677,17.8279,Apateon,Thuringia
863,14.5677,17.8279,Apateon,Thuringia
864,14.5677,17.8279,Apateon,Thuringia
865,14.5677,17.8279,Apateon,Thuringia
866,14.5677,17.8279,Apateon,Thuringia
867,14.5677,17.8279,Apateon,Thuringia
868,14.5677,17.8279,Apateon,Thuringia
869,14.5677,17.8279,Apateon,Thuringia
870,14.5677,17.8279,Apateon,Thuringia
871,14.5677,17.8279,Apateon,Thuringia
872,14.5677,17.8279,Apateon,Thuringia
873,14.5677,17.8279,Apateon,Thuringia
874,14.5677,17.8279,Apateon,Thuringia
875,14.5677,17.8279,Apateon,Thuringia
876,14.5677,17.8279,Apateon,Thuringia
877,14.5677,17.8279,Apateon,Thuringia
878,14.5677,17.8279,Apateon,Thuringia
879,14.5677,17.8279,Apateon,Thuringia
880,14.5677,17.8279,Apateon,Thuringia
881,14.5677,17.8279,Apateon,Thuringia
882,14.5677,17.8279,Apateon,Thuringia
883,14.5677,17.8279,Apateon,Thuringia
884,14.5677,17.8279,Apateon,Thuringia
885,14.5677,17.8279,Apateon,Thuringia
886,14.5677,17.8279,Apateon,Thuringia
887,14.5677,17.8279,Apateon,Thuringia
888,14.5677,17.8279,Apateon,Thuringia
889,14.5677,17.8279,Apateon,Thuringia
890,14.5677,17.8279,Apateon,Thuringia
891,14.5677,17.8279,Apateon,Thuringia
892,14.5677,17.8279,Apateon,Thuringia
893,14.5677,17.8279,Apateon,Thuringia
894,14.5677,17.8279,Apateon,Thuringia
895,14.5677,17.8279,Apateon,Thuringia
896,14.5677,17.8279,Apateon,Thuringia
897,14.5677,17.8279,Apateon,Thuringia
898,14.5677,17.8279,Apateon,Thuringia
899,14.5677,17.8279,Apateon,Thuringia
900,14.5677,17.8279,Apateon,Thuringia
901,14.5677,17.8279,Apateon,Thuringia
902,14.5677,17.8279,Apateon,Thuringia
903,14.5677,17.8279,Apateon,Thuringia
904,14.5677,17.8279,Apateon,Thuringia
905,14.5677,17.8279,Apateon,Thuringia
405,14.5677,17.8279,Apateon,Thuringia
404,15.0951,17.64,Apateon,Thuringia
403,14.5677,17.8279,Apateon,Thuringia
402,14.5677,17.8279,Apateon,Thuringia
401,12.5951,19.408,Eryops,Thuringia
400,-1.3035,-22.1408,Glaukerpeton,Pennsylvania
399,16.0936,19.7625,Cheliderpeton,Czechia
398,16.0936,19.7625,Archegosaurus,Czechia
397,-49.4771,-10.0175,Compsocerops,Rio Grande do Sul
396,44.3876,33.3665,Dvinosaurus,Nizhegorod
395,39.5414,32.9682,Dvinosaurus,Vladimir
394,45.2164,33.3228,Tupilakosaurus,Nizhegorod
393,-61.3754,-6.6214,Batrachosuchus,Free State
392,-49.3175,-20.8134,Parapytanga,Santa Catarina 
391,-43.8199,-22.2348,Australerpeton,Parana
390,-43.8199,-22.2348,Konzhukovia,Parana
389,6.3158,-43.6456,Chinlestegophis,Colorado
388,6.3405,-46.8252,Chinlestegophis,Colorado
387,-43.8199,-22.2348,Australerpeton,Parana
386,-51.3271,-26.4671,Konzhukovia,Rio Grande do Sul
385,-52.3882,-27.3601,Bageherpeton,Rio Grande do Sul
384,-62.7516,-22.8072,Rhinesuchus,Western Cape
383,26.0552,24.8826,Mastodonsaurus,Austria
382,41.9725,35.9164,Bashkirosaurus,Bashkortostan
381,42.6534,40.3398,Uralosuchus,Orenburg
380,40.6921,38.7763,Konzhukovia,Orenburg
379,38.1038,33.5023,Melosaurus,Tatarstan
378,39.7216,23.7627,Koinia,Komi
377,38.1038,33.5023,Melosaurus,Udmurtia
376,38.1038,33.5023,Platyoposaurus,Udmurtia
375,44.9789,34.2025,Kamacops,Perm
374,44.9789,34.2025,Kamacops,Perm
373,44.9789,34.2025,Collidosuchus,Perm
371,44.9789,34.2025,Konzhukovia,Perm
372,44.9789,34.2025,Konzhukovia,Perm
369,-46.5586,19.7779,Stanocephalosaurus,Ruvuma
370,-46.5586,19.7779,Stanocephalosaurus,Ruvuma
368,40.1271,34.4515,Tryphosuchus,Tatarstan
367,41.9725,35.9164,Platyoposaurus,Bashkortostan
366,43.5161,40.8295,Dvinosaurus,Orenburg
365,44.0349,28.9755,Dvinosaurus,Volgograd
364,44.0349,28.9755,Dvinosaurus,Volgograd
363,41.0308,30.3357,Dvinosaurus,Vladimir
362,43.5161,40.8295,Dvinosaurus,Orenburg
361,43.5161,40.8295,Dvinosaurus,Orenburg
360,42.6534,40.3398,Zygosaurus,Bashkortostan
359,48.1979,31.766,Luzocephalus,Kirov
358,49.8078,27.7337,Batrachosuchoides,Komi
357,57.7068,18.5203,Batrachosuchoides,Archangelsk
356,44.0349,28.9755,Dvinosaurus,Archangelsk
355,44.0349,28.9755,Dvinosaurus,Archangelsk
354,44.0349,28.9755,Dvinosaurus,Archangelsk
353,44.0349,28.9755,Dvinosaurus,Archangelsk
352,1.0593,-36.5887,Aspidosaurus,Texas
351,48.8243,42.2106,Plagioscutum,Orenburg
350,48.8243,42.2106,Eryosuchus,Orenburg
349,48.8243,42.2106,Eryosuchus,Orenburg
348,48.8243,42.2106,Bukobaja,Orenburg
347,47.0681,41.4188,Plagioscutum,Kazakhstan
346,44.0318,46.2736,Plagioscutum,Kazakhstan
344,48.2805,26.4894,Melanopelta,Archangelsk
343,48.6263,31.1073,Melanopelta,Kirov
342,51.5683,36.4314,Plagiorophus,Bashkortostan
341,74.6421,-9.6766,Boreopelta,Sakha Republic
340,42.2041,39.0134,Platyoposaurus,Orenburg
339,24.2134,17.2823,Mastodonsaurus,Grand Est
338,-62.7516,-22.8072,Rhinesuchoides,Western Cape
336,-60.8508,-19.3342,Lydekkerina,Western Cape
337,-60.8508,-19.3342,Lydekkerina,Western Cape
335,-32.0453,-13.206,Prionosuchus,Maranhao
334,-54.4666,-28.839,Pelorocephalus,Mendoza
333,-54.4666,-28.839,Pelorocephalus,Mendoza
332,-54.4666,-28.839,Pelorocephalus,Mendoza
331,45.8978,42.6869,Syrtosuchus,Orenburg
330,45.6586,32.7324,Wetlugasaurus,Nizhegorod
329,46.4143,42.1659,Wetlugasaurus,Orenburg
328,46.4143,42.1659,Wetlugasaurus,Samara
325,-47.7841,17.7482,Peltobatrachus,Ruvuma
326,-47.7841,17.7482,Peltobatrachus,Ruvuma
327,-47.7841,17.7482,Peltobatrachus,Ruvuma
324,-51.8925,-8.9992,Arachana,Uruguay
323,-46.3223,-24.4717,Tomeia,Rio Grande do Sul
322,29.6057,10.015,Cyclotosaurus,Westphalia
321,16.0936,19.7625,Sclerocephalus,Czechia
320,-37.335,38.8469,Aphaneramma,Diana
319,18.3084,126.3019,Yuanansuchus,Hubei
317,42.3944,29.4489,Thoosuchus,Yaroslavl
316,1.3531,-47.1801,Apachesaurus,Arizona
315,-61.3754,-6.6214,Bathignathus,Eastern Cape
314,46.4143,42.1659,Qantas,Samara
313,46.4143,42.1659,Benthosuchus,Samara
312,45.8978,42.6869,Syrtosuchus,Samara
311,46.4143,42.1659,Prothoosuchus,Orenburg
310,46.4143,42.1659,Thoosuchus,Orenburg
309,46.4143,42.1659,Qantas,Orenburg
308,46.4143,42.1659,Benthosuchus,Orenburg
307,39.5454,43.5092,Inflectosaurus,Astrakhan
306,49.8078,27.7337,Trematosaurus,Komi
305,45.8978,42.6869,Angusaurus,Buzulukskij
304,44.0492,40.7938,Angusaurus,Samara
303,43.5776,31.6825,Angusaurus,Ivanovo
302,42.3944,29.4489,Angusaurus,Yaroslavl
301,47.7835,44.5676,Tupilakosaurus,Orenburg
300,47.7835,44.5676,Qantas,Orenburg
299,47.7835,44.5676,Selenocara,Orenburg
298,47.7835,44.5676,Samarabatrachus,Orenburg
297,47.7835,44.5676,Syrtosuchus,Samara
296,47.7835,44.5676,Trematotegmen,Orenburg
295,48.3133,44.0363,Yarengia,Bashkortostan
294,48.3133,44.0363,Parotosuchus,Bashkortostan
293,48.3133,44.0363,Wetlugasaurus,Bashkortostan
292,48.3133,44.0363,Benthosuchus,Bashkortostan
291,48.3133,44.0363,Parotosuchus,Bashkortostan
290,48.3133,44.0363,Parotosuchus,Bashkortostan
289,47.7835,44.5676,Tupilakosaurus,Orenburg
288,48.3133,44.0363,Yarengia,Orenburg
287,48.3133,44.0363,Parotosuchus,Orenburg
286,48.3133,44.0363,Parotosuchus,Orenburg
285,48.3133,44.0363,Parotosuchus,Orenburg
284,48.3133,44.0363,Parotosuchus,Orenburg
283,48.3133,44.0363,Wetlugasaurus,Orenburg
282,47.7835,44.5676,Benthosuchus,Orenburg
281,47.7835,44.5676,Benthosuchus,Orenburg
280,48.3133,44.0363,Wetlugasaurus,Orenburg
279,47.7835,44.5676,Tupilakosaurus,Orenburg
278,47.7835,44.5676,Benthosuchus,Orenburg
277,47.7835,44.5676,Benthosuchus,Orenburg
276,48.3133,44.0363,Wetlugasaurus,Orenburg
275,48.3133,44.0363,Parotosuchus,Orenburg
274,48.3133,44.0363,Rhytidosteus,Orenburg
273,48.3133,44.0363,Batrachosuchoides,Orenburg
272,48.8243,42.2106,Plagioscutum,Orenburg
271,48.3133,44.0363,Parotosuchus,Orenburg
270,48.3133,44.0363,Batrachosuchoides,Orenburg
269,47.7835,44.5676,Tupilakosaurus,Orenburg
268,47.7835,44.5676,Benthosuchus,Orenburg
267,48.3133,44.0363,Wetlugasaurus,Orenburg
266,48.3133,44.0363,Wetlugasaurus,Orenburg
265,46.4143,42.1659,Trematosaurus,Orenburg
264,45.8978,42.6869,Benthosuchus,Orenburg
263,46.4143,42.1659,Thoosuchus,Orenburg
262,46.4143,42.1659,Wetlugasaurus,Orenburg
261,46.4143,42.1659,Wetlugasaurus,Orenburg
260,45.8978,42.6869,Tupilakosaurus,Orenburg
259,45.8978,42.6869,Benthosuchus,Orenburg
258,46.4143,42.1659,Parotosuchus,Orenburg
257,45.8978,42.6869,Benthosuchus,Orenburg
256,46.4143,42.1659,Wetlugasaurus,Orenburg
255,46.4143,42.1659,Wetlugasaurus,Orenburg
254,46.4143,42.1659,Trematosaurus,Orenburg
253,45.8978,42.6869,Benthosuchus,Orenburg
252,46.4143,42.1659,Thoosuchus,Orenburg
251,45.8978,42.6869,Benthosuchus,Orenburg
250,45.8978,42.6869,Thoosuchus,Orenburg
249,46.4143,42.1659,Benthosuchus,Orenburg
248,45.8978,42.6869,Tupilakosaurus,Orenburg
247,46.4143,42.1659,Parotosuchus,Orenburg
246,45.8978,42.6869,Benthosuchus,Orenburg
245,45.8978,42.6869,Syrtosuchus,Orenburg
244,45.8978,42.6869,Benthosuchus,Orenburg
243,45.8978,42.6869,Wetlugasaurus,Orenburg
242,45.8978,42.6869,Thoosuchus,Orenburg
241,45.8978,42.6869,Syrtosuchus,Orenburg
240,45.8978,42.6869,Benthosuchus,Orenburg
239,46.4143,42.1659,Thoosuchus,Orenburg
238,46.4143,42.1659,Wetlugasaurus,Orenburg
237,45.8978,42.6869,Syrtosuchus,Orenburg
236,45.8978,42.6869,Benthosuchus,Orenburg
235,45.8978,42.6869,Thoosuchus,Orenburg
234,45.8978,42.6869,Benthosuchus,Orenburg
233,45.8978,42.6869,Syrtosuchus,Orenburg
232,45.8978,42.6869,Benthosuchus,Orenburg
231,45.8978,42.6869,Thoosuchus,Orenburg
230,45.8978,42.6869,Benthosuchus,Orenburg
229,46.4143,42.1659,Thoosuchus,Orenburg
228,46.4143,42.1659,Wetlugasaurus,Orenburg
227,46.4143,42.1659,Angusaurus,Orenburg
226,45.8978,42.6869,Tupilakosaurus,Orenburg
225,45.8978,42.6869,Tupilakosaurus,Orenburg
224,46.4143,42.1659,Thoosuchus,Orenburg
223,45.8978,42.6869,Benthosuchus,Orenburg
222,45.8978,42.6869,Thoosuchus,Orenburg
221,45.8978,42.6869,Trematotegmen,Orenburg
220,45.8978,42.6869,Benthosuchus,Orenburg
219,45.8978,42.6869,Benthosuchus,Orenburg
218,46.4143,42.1659,Trematosaurus,Orenburg
217,46.4143,42.1659,Parotosuchus,Orenburg
216,45.8978,42.6869,Wetlugasaurus,Orenburg
215,45.8978,42.6869,Tupilakosaurus,Orenburg
214,45.8978,42.6869,Benthosuchus,Orenburg
213,45.8978,42.6869,Tupilakosaurus,Orenburg
212,45.8978,42.6869,Benthosuchus,Orenburg
211,45.8978,42.6869,Syrtosuchus,Orenburg
210,45.8978,42.6869,Syrtosuchus,Orenburg
209,45.8978,42.6869,Tupilakosaurus,Orenburg
208,45.8978,42.6869,Syrtosuchus,Orenburg
207,45.8978,42.6869,Syrtosuchus,Orenburg
206,45.8978,42.6869,Benthosuchus,Orenburg
205,46.4143,42.1659,Trematosaurus,Orenburg
204,45.8978,42.6869,Benthosuchus,Orenburg
203,45.8978,42.6869,Benthosuchus,Orenburg
202,45.8978,42.6869,Benthosuchus,Orenburg
201,45.8978,42.6869,Benthosuchus,Orenburg
200,46.4143,42.1659,Wetlugasaurus,Samara
199,46.4143,42.1659,Angusaurus,Samara
198,46.4143,42.1659,Wetlugasaurus,Samara
197,46.4143,42.1659,Prothoosuchus,Samara
196,47.7835,44.5676,Wetlugasaurus,Samara
195,47.7835,44.5676,Thoosuchus,Samara
194,46.4143,42.1659,Thoosuchus,Samara
193,46.4143,42.1659,Angusaurus,Samara
192,45.8978,42.6869,Benthosuchus,Samara
191,45.8978,42.6869,Thoosuchus,Samara
190,45.8978,42.6869,Qantas,Samara
189,44.0492,40.7938,Tupilakosaurus,Samara
188,46.4143,42.1659,Prothoosuchus,Samara
187,44.0492,40.7938,Tupilakosaurus,Samara
186,39.1998,144.8091,Benthosphenus,Primorye
185,45.4379,42.556,Platyoposaurus,Orenburg
184,43.5161,40.8295,Tryphosuchus,Orenburg
183,45.4379,42.556,Dvinosaurus,Orenburg
182,43.5161,40.8295,Dvinosaurus,Orenburg
181,7.907,-40.8135,Eocyclotosaurus,New Mexico
180,1.0633,-40.6348,Apachesaurus,Texas
179,1.0633,-40.6348,Anaschisma,Texas
178,1.0633,-40.6348,Apachesaurus,Texas
177,-60.8508,-19.3342,Rhinesuchus,Western Cape
176,-37.335,38.8469,Mahavisaurus,Diana
175,-37.335,38.8469,Mahavisaurus,Diana
173,22.9805,20.4578,Mastodonsaurus,Baden-Wurttemberg
172,-2.519,8.9542,Stanocephalosaurus,In Amenas
171,28.4527,20.4024,Parotosuchus,Sachsen-Anhalt
170,28.4527,20.4024,Trematosaurus,Sachsen-Anhalt
169,49.8078,27.7337,Parotosuchus,Komi
168,41.8484,50.4677,Parotosuchus,Kazakhstan
167,-62.7516,-22.8072,Rhinesuchus,Western Cape
166,-62.7516,-22.8072,Rhinesuchus,Northern Cape
165,-60.8508,-19.3342,Rhinesuchus,Western Cape
164,-59.479,-7.6562,Uranocentrodon,Free State
163,27.7242,17.4803,Plagiosternum,Baden-Wurttemberg
162,27.7242,17.4803,Plagiosternum,Thuringia
161,27.7242,17.4803,Plagiosternum,Thuringia
160,27.7242,17.4803,Plagiosternum,Thuringia
159,27.7242,17.4803,Plagiosternum,Thuringia
158,27.7242,17.4803,Plagiosternum,Thuringia
157,27.7242,17.4803,Plagiosternum,Thuringia
156,27.7242,17.4803,Plagiosuchus,Thuringia
155,27.7242,17.4803,Plagiosuchus,Thuringia
154,26.4626,20.9891,Gerrothorax,Baden-Wurttemberg
153,24.2134,17.2823,Gerrothorax,Grand Est
152,27.7242,17.4803,Gerrothorax,Thuringia
151,27.8516,12.0466,Gerrothorax,Baden-Wurttemberg
150,5.2142,-4.8883,Almasaurus,Marrakech
149,22.9805,20.4578,Mastodonsaurus,Schwarzwald
148,22.9807,21.4397,Mastodonsaurus,Baden-Wurttemberg
147,26.4626,20.9891,Mastodonsaurus,Bavaria
146,27.7242,17.4803,Tatrasuchus,Baden-Wurttemberg
145,27.7242,17.4803,Tatrasuchus,Baden-Wurttemberg
144,27.7242,17.4803,Tatrasuchus,Baden-Wurttemberg
143,22.9805,20.4578,Eocyclotosaurus,Baden-Wurttemberg
142,22.9805,20.4578,Heptasaurus,Baden-Wurttemberg
141,22.9807,21.4397,Eocyclotosaurus,Baden-Wurttemberg
140,22.9807,21.4397,Eocyclotosaurus,Baden-Wurttemberg
139,22.9807,21.4397,Stenotosaurus,Baden-Wurttemberg
138,32.5932,9.3339,Cyclotosaurus,Baden-Wurttemberg
137,30.9826,11.6474,Cyclotosaurus,Baden-Wurttemberg
136,42.7067,10.1418,Cyclotosaurus,Sachsen-Anhalt
135,45.4379,42.556,Anthichnium,Orenburg
134,10.7549,-46.119,Vigilius,Arizona
133,-63.335,-9.9696,Xenotosuchus,Eastern Cape
132,-61.3754,-6.6214,Xenotosuchus,Free State
130,29.5613,25.1704,Mentosaurus,Opole
129,29.5613,25.1704,Eurycervix,Opole
128,27.6226,21.4482,Metoposaurus,Austria
127,57.7068,18.5203,Komatosuchus,Archangelsk
126,45.6586,32.7324,Benthosuchus,Kostroma
125,47.012,29.6875,Benthosuchus,Volgograd
124,22.9805,20.4578,Eocyclotosaurus,Vosges
123,25.024,18.7935,Eocyclotosaurus,Bas-Rhin
122,27.7242,17.4803,Cyclotosaurus,Baden-Wurttemberg
121,-52.0012,-29.5316,Promastodonsaurus,San Juan
120,25.024,18.7935,Mastodonsaurus,Westphalia
119,48.2805,26.4894,Yarengia,Archangelsk
118,48.1979,31.766,Vladlenosaurus,Kirov
117,16.6404,19.5629,Archegosaurus,Saxony
116,15.0951,17.64,Limnogyrinus,Thuringia
115,-2.7466,-38.9219,Tersomius,Texas
114,-2.7466,-38.9219,Pasawioops,Texas
113,-2.7466,-38.9219,Reiszerpeton,Texas
112,16.0936,19.7625,Cochleosaurus,Czechia
111,17.7901,21.2009,Chelydosaurus,Czechia
110,16.6404,19.5629,Sclerocephalus,Czechia
109,16.0936,19.7625,Potamochoston,Czechia
108,-0.4818,-24.8936,Stegops,Ohio
107,17.1135,19.5856,Melanerpeton,Czechia
106,16.0936,19.7625,Mordex,Czechia
105,16.0936,19.7625,Cochleosaurus,Czechia
104,16.0936,19.7625,Macromerium,Czechia
103,16.0936,19.7625,Limnerpeton,Czechia
102,16.0936,19.7625,Limnerpeton,Czechia
101,16.0936,19.7625,Sparagmites,Czechia
100,0.4314,-18.7963,Branchiosaurus,Pennsylvania
99,-62.7516,-22.8072,Rhinesuchus,Western Cape
98,-62.7516,-22.8072,Rhinesuchoides,Western Cape
97,-0.73,-37.6741,Zatrachys,Texas
96,-0.73,-37.6741,Eryops,Texas
95,0.2573,-40.5036,Cacops,Texas
93,-1.3878,-41.1268,Anaschisma,Texas
92,-2.7466,-38.9219,Eryops,Texas
91,-0.5219,-37.7808,Eryops,Texas
90,-0.5219,-37.7808,Eryops,Texas
89,-0.5219,-37.7808,Eryops,Texas
88,-30.8144,64.7603,Eodiscoglossus,Madhya Pradesh
87,-30.8144,64.7603,Metoposaurus,Madhya Pradesh
86,-30.8144,64.7603,Metoposaurus,Madhya Pradesh
85,47.6976,0.6657,Lyrocephaliscus,Svalbard
84,1.7029,-36.6404,Eryops,Kansas
83,1.7029,-36.6404,Trimerorhachis,Kansas
82,-0.73,-37.6741,Aspidosaurus,Oklahoma
81,-0.73,-37.6741,Dissorophus,Oklahoma
80,5.8574,-44.6091,Conjunctio,Colorado
79,9.6624,15.1988,Nyranerpeton,Burgundy
78,1.5061,-30.2827,Amphibamus,Illinois
77,1.3531,-47.1801,Anaschisma,Arizona
76,2.6894,-35.9903,Nooxobeia,Oklahoma
75,9.6624,15.1988,Anthracobamus,Allier
74,9.6624,15.1988,Branchiosaurus,Allier
73,16.0936,19.7625,Korkonterpeton,Czechia
72,14.5677,17.8279,Schoenfelderpeton,Thuringia
71,14.5677,17.8279,Glanochthon,Thuringia
70,14.5677,17.8279,Apateon,Thuringia
69,14.5677,17.8279,Melanerpeton,Thuringia
68,14.5677,17.8279,Sclerocephalus,Thuringia
67,-1.4701,-41.4649,Metoposaurus,Texas
66,40.9542,8.1787,Cyclotosaurus,Westphalia
65,5.56,-44.7095,Eryops,Utah
64,3.3376,-45.8581,Eryops,New Mexico
63,2.4804,-43.1405,Zatrachys,New Mexico
62,-45.4946,64.2439,Capulomala,West Bengal
61,-54.016,134.4377,Capulomala,Queensland
60,-52.1532,140.794,Capulomala,Queensland
59,-54.6256,140.1719,Capulomala,Queensland
58,46.5963,30.3264,Benthosuchus,Volgograd
57,2.4804,-43.1405,Bermanerpeton,New Mexico
56,27.0679,17.1911,Capitosauroides,Netherland
54,1.5211,-36.5866,Trimerorhachis,Oklahoma
53,1.0593,-36.5887,Trimerorhachis,Oklahoma
52,1.0593,-36.5887,Trimerorhachis,Oklahoma
51,1.0593,-36.5887,Trimerorhachis,Oklahoma
50,1.0593,-36.5887,Eryops,Oklahoma
49,1.0593,-36.5887,Acheloma,Oklahoma
48,1.0593,-36.5887,Trimerorhachis,Oklahoma
47,1.0593,-36.5887,Eryops,Oklahoma
46,1.0593,-36.5887,Acheloma,Oklahoma
45,13.1412,15.7725,Sclerocephalus,Saarland
44,5.2142,-4.8883,Metoposaurus,Marrakech
43,5.2142,-4.8883,Metoposaurus,Marrakech
42,5.2142,-4.8883,Dutuitosaurus,Marrakech
41,1.3531,-47.1801,Apachesaurus,Arizona
40,13.647,15.5968,Archegosaurus,Saarland
39,1.3572,-44.289,Anaschisma,New Mexico
37,1.3531,-47.1801,Funcusvermis,Arizona
36,25.6133,22.3383,Trematosaurus,Bavaria
35,27.7242,17.4803,Cyclotosaurus,Thuringia
34,-62.0172,137.7371,Arenaerpeton,New South Wales
33,42.9225,25.5167,Clamorosaurus,Perm
32,41.4573,34.6428,Platyoposaurus,Samara
31,41.4573,34.6428,Koinia,Samara
30,16.0936,19.7625,Archegosaurus,Czechia
29,16.0936,19.7625,Cheliderpeton,Czechia
28,16.0936,19.7625,Melanerpeton,Czechia
27,16.0936,19.7625,Apateon,Czechia
26,16.0936,19.7625,Branchiosaurus,Czechia
25,13.1412,15.7725,Stenokranio,Rhineland-Palatinate
24,13.1412,15.7725,Trypanognathus,Rhineland-Palatinate
23,16.0936,19.7625,Archegosaurus,Czechia
22,16.0936,19.7625,Branchiosaurus,Czechia
21,16.0936,19.7625,Melanerpeton,Czechia
20,16.0936,19.7625,Melanerpeton,Czechia
19,16.0936,19.7625,Melanerpeton,Czechia
18,40.9999,27.4499,Dvinosaurus,Volgograd
17,40.9999,27.4499,Dvinosaurus,Volgograd
16,46.0942,30.2026,Dvinosaurus,Volgograd
15,42.3944,29.4489,Wetlugasaurus,Yaroslavl
14,-46.3881,-25.2811,Australerpeton,Parana
13,-46.1164,-4.6554,Compsocerops,Rio Grande do Sul
12,-46.1164,-4.6554,Compsocerops,Rio Grande do Sul
11,-46.3881,-25.2811,Australerpeton,Parana
10,-46.4569,-23.7712,Kwatisuchus,Rio Grande do Sul
9,-46.4569,-23.7712,Tomeia,Rio Grande do Sul
8,-46.3881,-25.2811,Rastosuchus,Parana
7,-46.3881,-25.2811,Rastosuchus,Parana
6,-46.3881,-25.2811,Rastosuchus,Parana
5,-46.3881,-25.2811,Rastosuchus,Parana
4,-46.3881,-25.2811,Rastosuchus,Parana
3,-46.3881,-25.2811,Rastosuchus,Parana
2,-46.1164,-4.6554,Compsocerops,Rio Grande do Sul
1,-46.1164,-4.6554,Compsocerops,Rio Grande do Sul
