,occurrence_no,Locality,county_original,state,cc
0,146665,Rio Arriba,Rio Arriba,New Mexico,US
1,147563,Baylor,Baylor,Texas,US
2,147564,Clay,Clay,Texas,US
3,148243,Archer,Archer,Texas,US
4,148244,Archer,Archer,Texas,US
5,148245,Archer,Archer,Texas,US
6,148246,Archer,Archer,Texas,US
7,149740,San Juan,San Juan,Utah,US
8,149741,San Juan,San Juan,Utah,US
9,149920,Garza,Garza,Texas,US
10,149923,Garza,Garza,Texas,US
11,157307,Seminole,Seminole,Oklahoma,US
12,219910,Texas,,Texas,US
13,219959,,,,RU
14,219960,,,,RU
15,219961,,,,RU
16,219962,,,,RU
17,220039,Scurry,Scurry,Texas,US
18,220192,Wichita,Wichita,Texas,US
19,220193,Wichita,Wichita,Texas,US
20,220202,Santa Fe,Santa Fe,New Mexico,US
21,221286,Jones,Jones,Texas,US
22,221286,Jones,Jones,Texas,US
23,221286,Jones,Jones,Texas,US
24,221286,Jones,Jones,Texas,US
25,221286,Jones,Jones,Texas,US
26,221286,Jones,Jones,Texas,US
27,221286,Jones,Jones,Texas,US
28,221286,Jones,Jones,Texas,US
29,221286,Jones,Jones,Texas,US
30,221286,Jones,Jones,Texas,US
31,221286,Jones,Jones,Texas,US
32,221286,Jones,Jones,Texas,US
33,221286,Jones,Jones,Texas,US
34,221286,Jones,Jones,Texas,US
35,221286,Jones,Jones,Texas,US
36,221286,Jones,Jones,Texas,US
37,221286,Jones,Jones,Texas,US
38,221286,Jones,Jones,Texas,US
39,221286,Jones,Jones,Texas,US
40,221286,Jones,Jones,Texas,US
41,221286,Jones,Jones,Texas,US
42,221286,Jones,Jones,Texas,US
43,221286,Jones,Jones,Texas,US
44,221286,Jones,Jones,Texas,US
45,221286,Jones,Jones,Texas,US
46,221286,Jones,Jones,Texas,US
47,221286,Jones,Jones,Texas,US
48,221286,Jones,Jones,Texas,US
49,221286,Jones,Jones,Texas,US
50,221286,Jones,Jones,Texas,US
51,221286,Jones,Jones,Texas,US
52,221286,Jones,Jones,Texas,US
53,229269,Baylor,Baylor,Texas,US
54,229270,Texas,,Texas,US
55,229271,Texas,,Texas,US
56,229273,Texas,,Texas,US
57,229327,Arizona,,Arizona,US
58,229336,Howard,Howard,Texas,US
59,283817,East Greenland,,East Greenland,GL
60,283818,East Greenland,,East Greenland,GL
61,286238,Kashmir,,Kashmir,IN
62,286240,Kashmir,,Kashmir,IN
63,287720,Blaine,Blaine,Oklahoma,US
64,287732,Blaine,Blaine,Oklahoma,US
65,287732,Blaine,Blaine,Oklahoma,US
66,294219,Sandoval,Sandoval,New Mexico,US
67,295886,Archer,Archer,Texas,US
68,295887,Archer,Archer,Texas,US
69,295891,Archer,Archer,Texas,US
70,295893,Archer,Archer,Texas,US
71,295894,Archer,Archer,Texas,US
72,295897,Archer,Archer,Texas,US
73,295901,Archer,Archer,Texas,US
74,295906,Archer,Archer,Texas,US
75,295907,Archer,Archer,Texas,US
76,295911,Archer,Archer,Texas,US
77,295915,Wichita,Wichita,Texas,US
78,295916,Wichita,Wichita,Texas,US
79,295917,Wichita,Wichita,Texas,US
80,295931,Archer,Archer,Texas,US
81,295932,Archer,Archer,Texas,US
82,295938,Archer,Archer,Texas,US
83,295939,Archer,Archer,Texas,US
84,295942,Baylor,Baylor,Texas,US
85,295943,Baylor,Baylor,Texas,US
86,295944,Baylor,Baylor,Texas,US
87,295947,Baylor,Baylor,Texas,US
88,295949,Baylor,Baylor,Texas,US
89,295950,Baylor,Baylor,Texas,US
90,295957,Baylor,Baylor,Texas,US
91,295959,Archer,Archer,Texas,US
92,295960,Archer,Archer,Texas,US
93,295961,Archer,Archer,Texas,US
94,295964,Archer,Archer,Texas,US
95,295965,Archer,Archer,Texas,US
96,295966,Archer,Archer,Texas,US
97,295969,Archer,Archer,Texas,US
98,295970,Archer,Archer,Texas,US
99,295974,Baylor,Baylor,Texas,US
100,295979,Wichita,Wichita,Texas,US
101,295987,Baylor,Baylor,Texas,US
102,295988,Baylor,Baylor,Texas,US
103,295993,Baylor,Baylor,Texas,US
104,295995,Baylor,Baylor,Texas,US
105,295996,Baylor,Baylor,Texas,US
106,295997,Baylor,Baylor,Texas,US
107,296006,Baylor/Wilbarger,Baylor/Wilbarger,Texas,US
108,296007,Baylor/Wilbarger,Baylor/Wilbarger,Texas,US
109,296011,Baylor,Baylor,Texas,US
110,296015,Baylor,Baylor,Texas,US
111,296021,Baylor,Baylor,Texas,US
112,296024,Baylor/Willbarger,Baylor/Willbarger,Texas,US
113,296025,Baylor/Willbarger,Baylor/Willbarger,Texas,US
114,296026,Baylor/Willbarger,Baylor/Willbarger,Texas,US
115,296027,Baylor/Willbarger,Baylor/Willbarger,Texas,US
116,296028,Baylor/Willbarger,Baylor/Willbarger,Texas,US
117,296055,Baylor,Baylor,Texas,US
118,296056,Baylor,Baylor,Texas,US
119,296057,Baylor,Baylor,Texas,US
120,296061,Baylor,Baylor,Texas,US
121,296071,Baylor,Baylor,Texas,US
122,296077,Baylor,Baylor,Texas,US
123,296079,Baylor,Baylor,Texas,US
124,296082,Baylor,Baylor,Texas,US
125,296086,Baylor,Baylor,Texas,US
126,296087,Baylor,Baylor,Texas,US
127,296097,Baylor,Baylor,Texas,US
128,296101,Baylor,Baylor,Texas,US
129,296102,Baylor,Baylor,Texas,US
130,296103,Baylor,Baylor,Texas,US
131,296104,Baylor,Baylor,Texas,US
132,296111,Baylor,Baylor,Texas,US
133,296112,Baylor,Baylor,Texas,US
134,296120,Baylor,Baylor,Texas,US
135,296128,Wilbarger,Wilbarger,Texas,US
136,296135,Baylor,Baylor,Texas,US
137,296140,Archer,Archer,Texas,US
138,296141,Archer,Archer,Texas,US
139,296147,Baylor/Willbarger,Baylor/Willbarger,Texas,US
140,296148,Baylor/Willbarger,Baylor/Willbarger,Texas,US
141,296150,Baylor,Baylor,Texas,US
142,296595,McClain,McClain,Oklahoma,US
143,297321,Ogliastra region,Ogliastra region,Sardinia,IT
144,297323,Ogliastra region,Ogliastra region,Sardinia,IT
145,297325,Ogliastra region,Ogliastra region,Sardinia,IT
146,297327,Greene,Greene,Pennsylvania,US
147,297332,Ivanovo,,Ivanovo,RU
148,297333,Ivanovo,,Ivanovo,RU
149,297334,Nikolsk,Nikolsk,Vologda,RU
150,297334,Nikolsk,Nikolsk,Vologda,RU
151,297334,Nikolsk,Nikolsk,Vologda,RU
152,297334,Nikolsk,Nikolsk,Vologda,RU
153,297334,Nikolsk,Nikolsk,Vologda,RU
154,297334,Nikolsk,Nikolsk,Vologda,RU
155,297334,Nikolsk,Nikolsk,Vologda,RU
156,297334,Nikolsk,Nikolsk,Vologda,RU
157,297334,Nikolsk,Nikolsk,Vologda,RU
158,297334,Nikolsk,Nikolsk,Vologda,RU
159,297334,Nikolsk,Nikolsk,Vologda,RU
160,297334,Nikolsk,Nikolsk,Vologda,RU
161,297334,Nikolsk,Nikolsk,Vologda,RU
162,297334,Nikolsk,Nikolsk,Vologda,RU
163,297334,Nikolsk,Nikolsk,Vologda,RU
164,297334,Nikolsk,Nikolsk,Vologda,RU
165,297334,Nikolsk,Nikolsk,Vologda,RU
166,297334,Nikolsk,Nikolsk,Vologda,RU
167,297334,Nikolsk,Nikolsk,Vologda,RU
168,297334,Nikolsk,Nikolsk,Vologda,RU
169,297334,Nikolsk,Nikolsk,Vologda,RU
170,297334,Nikolsk,Nikolsk,Vologda,RU
171,297334,Nikolsk,Nikolsk,Vologda,RU
172,297334,Nikolsk,Nikolsk,Vologda,RU
173,297334,Nikolsk,Nikolsk,Vologda,RU
174,297334,Nikolsk,Nikolsk,Vologda,RU
175,297334,Nikolsk,Nikolsk,Vologda,RU
176,297334,Nikolsk,Nikolsk,Vologda,RU
177,297334,Nikolsk,Nikolsk,Vologda,RU
178,297334,Nikolsk,Nikolsk,Vologda,RU
179,297334,Nikolsk,Nikolsk,Vologda,RU
180,297334,Nikolsk,Nikolsk,Vologda,RU
181,297334,Nikolsk,Nikolsk,Vologda,RU
182,297334,Nikolsk,Nikolsk,Vologda,RU
183,297334,Nikolsk,Nikolsk,Vologda,RU
184,297334,Nikolsk,Nikolsk,Vologda,RU
185,297334,Nikolsk,Nikolsk,Vologda,RU
186,297334,Nikolsk,Nikolsk,Vologda,RU
187,297334,Nikolsk,Nikolsk,Vologda,RU
188,297334,Nikolsk,Nikolsk,Vologda,RU
189,297334,Nikolsk,Nikolsk,Vologda,RU
190,297334,Nikolsk,Nikolsk,Vologda,RU
191,297334,Nikolsk,Nikolsk,Vologda,RU
192,297334,Nikolsk,Nikolsk,Vologda,RU
193,297334,Nikolsk,Nikolsk,Vologda,RU
194,297334,Nikolsk,Nikolsk,Vologda,RU
195,297334,Nikolsk,Nikolsk,Vologda,RU
196,297334,Nikolsk,Nikolsk,Vologda,RU
197,297334,Nikolsk,Nikolsk,Vologda,RU
198,297334,Nikolsk,Nikolsk,Vologda,RU
199,297334,Nikolsk,Nikolsk,Vologda,RU
200,297334,Nikolsk,Nikolsk,Vologda,RU
201,297334,Nikolsk,Nikolsk,Vologda,RU
202,297334,Nikolsk,Nikolsk,Vologda,RU
203,297334,Nikolsk,Nikolsk,Vologda,RU
204,297334,Nikolsk,Nikolsk,Vologda,RU
205,297334,Nikolsk,Nikolsk,Vologda,RU
206,297334,Nikolsk,Nikolsk,Vologda,RU
207,297334,Nikolsk,Nikolsk,Vologda,RU
208,297334,Nikolsk,Nikolsk,Vologda,RU
209,297334,Nikolsk,Nikolsk,Vologda,RU
210,297334,Nikolsk,Nikolsk,Vologda,RU
211,297334,Nikolsk,Nikolsk,Vologda,RU
212,297334,Nikolsk,Nikolsk,Vologda,RU
213,297334,Nikolsk,Nikolsk,Vologda,RU
214,297334,Nikolsk,Nikolsk,Vologda,RU
215,297334,Nikolsk,Nikolsk,Vologda,RU
216,297334,Nikolsk,Nikolsk,Vologda,RU
217,297334,Nikolsk,Nikolsk,Vologda,RU
218,297334,Nikolsk,Nikolsk,Vologda,RU
219,297334,Nikolsk,Nikolsk,Vologda,RU
220,297334,Nikolsk,Nikolsk,Vologda,RU
221,297334,Nikolsk,Nikolsk,Vologda,RU
222,297334,Nikolsk,Nikolsk,Vologda,RU
223,297334,Nikolsk,Nikolsk,Vologda,RU
224,297334,Nikolsk,Nikolsk,Vologda,RU
225,297334,Nikolsk,Nikolsk,Vologda,RU
226,297334,Nikolsk,Nikolsk,Vologda,RU
227,297334,Nikolsk,Nikolsk,Vologda,RU
228,297334,Nikolsk,Nikolsk,Vologda,RU
229,297334,Nikolsk,Nikolsk,Vologda,RU
230,297334,Nikolsk,Nikolsk,Vologda,RU
231,297334,Nikolsk,Nikolsk,Vologda,RU
232,297334,Nikolsk,Nikolsk,Vologda,RU
233,297334,Nikolsk,Nikolsk,Vologda,RU
234,297334,Nikolsk,Nikolsk,Vologda,RU
235,297334,Nikolsk,Nikolsk,Vologda,RU
236,297334,Nikolsk,Nikolsk,Vologda,RU
237,297334,Nikolsk,Nikolsk,Vologda,RU
238,297334,Nikolsk,Nikolsk,Vologda,RU
239,297334,Nikolsk,Nikolsk,Vologda,RU
240,297334,Nikolsk,Nikolsk,Vologda,RU
241,297334,Nikolsk,Nikolsk,Vologda,RU
242,297334,Nikolsk,Nikolsk,Vologda,RU
243,297334,Nikolsk,Nikolsk,Vologda,RU
244,297334,Nikolsk,Nikolsk,Vologda,RU
245,297334,Nikolsk,Nikolsk,Vologda,RU
246,297334,Nikolsk,Nikolsk,Vologda,RU
247,297334,Nikolsk,Nikolsk,Vologda,RU
248,297334,Nikolsk,Nikolsk,Vologda,RU
249,297334,Nikolsk,Nikolsk,Vologda,RU
250,297334,Nikolsk,Nikolsk,Vologda,RU
251,297334,Nikolsk,Nikolsk,Vologda,RU
252,297334,Nikolsk,Nikolsk,Vologda,RU
253,297334,Nikolsk,Nikolsk,Vologda,RU
254,297334,Nikolsk,Nikolsk,Vologda,RU
255,297334,Nikolsk,Nikolsk,Vologda,RU
256,297334,Nikolsk,Nikolsk,Vologda,RU
257,297334,Nikolsk,Nikolsk,Vologda,RU
258,297334,Nikolsk,Nikolsk,Vologda,RU
259,297334,Nikolsk,Nikolsk,Vologda,RU
260,297334,Nikolsk,Nikolsk,Vologda,RU
261,297334,Nikolsk,Nikolsk,Vologda,RU
262,297334,Nikolsk,Nikolsk,Vologda,RU
263,297334,Nikolsk,Nikolsk,Vologda,RU
264,297334,Nikolsk,Nikolsk,Vologda,RU
265,297334,Nikolsk,Nikolsk,Vologda,RU
266,297334,Nikolsk,Nikolsk,Vologda,RU
267,297334,Nikolsk,Nikolsk,Vologda,RU
268,297334,Nikolsk,Nikolsk,Vologda,RU
269,297334,Nikolsk,Nikolsk,Vologda,RU
270,297334,Nikolsk,Nikolsk,Vologda,RU
271,297334,Nikolsk,Nikolsk,Vologda,RU
272,297334,Nikolsk,Nikolsk,Vologda,RU
273,297334,Nikolsk,Nikolsk,Vologda,RU
274,297334,Nikolsk,Nikolsk,Vologda,RU
275,297334,Nikolsk,Nikolsk,Vologda,RU
276,297334,Nikolsk,Nikolsk,Vologda,RU
277,297334,Nikolsk,Nikolsk,Vologda,RU
278,297334,Nikolsk,Nikolsk,Vologda,RU
279,297334,Nikolsk,Nikolsk,Vologda,RU
280,297334,Nikolsk,Nikolsk,Vologda,RU
281,297334,Nikolsk,Nikolsk,Vologda,RU
282,297334,Nikolsk,Nikolsk,Vologda,RU
283,297334,Nikolsk,Nikolsk,Vologda,RU
284,297334,Nikolsk,Nikolsk,Vologda,RU
285,297334,Nikolsk,Nikolsk,Vologda,RU
286,297334,Nikolsk,Nikolsk,Vologda,RU
287,297334,Nikolsk,Nikolsk,Vologda,RU
288,297334,Nikolsk,Nikolsk,Vologda,RU
289,297334,Nikolsk,Nikolsk,Vologda,RU
290,297334,Nikolsk,Nikolsk,Vologda,RU
291,297334,Nikolsk,Nikolsk,Vologda,RU
292,297334,Nikolsk,Nikolsk,Vologda,RU
293,297334,Nikolsk,Nikolsk,Vologda,RU
294,297334,Nikolsk,Nikolsk,Vologda,RU
295,297334,Nikolsk,Nikolsk,Vologda,RU
296,297334,Nikolsk,Nikolsk,Vologda,RU
297,297334,Nikolsk,Nikolsk,Vologda,RU
298,297334,Nikolsk,Nikolsk,Vologda,RU
299,297334,Nikolsk,Nikolsk,Vologda,RU
300,297334,Nikolsk,Nikolsk,Vologda,RU
301,297334,Nikolsk,Nikolsk,Vologda,RU
302,297334,Nikolsk,Nikolsk,Vologda,RU
303,297334,Nikolsk,Nikolsk,Vologda,RU
304,297334,Nikolsk,Nikolsk,Vologda,RU
305,297334,Nikolsk,Nikolsk,Vologda,RU
306,297334,Nikolsk,Nikolsk,Vologda,RU
307,297334,Nikolsk,Nikolsk,Vologda,RU
308,297334,Nikolsk,Nikolsk,Vologda,RU
309,297334,Nikolsk,Nikolsk,Vologda,RU
310,297334,Nikolsk,Nikolsk,Vologda,RU
311,297334,Nikolsk,Nikolsk,Vologda,RU
312,297334,Nikolsk,Nikolsk,Vologda,RU
313,297334,Nikolsk,Nikolsk,Vologda,RU
314,297334,Nikolsk,Nikolsk,Vologda,RU
315,297334,Nikolsk,Nikolsk,Vologda,RU
316,297334,Nikolsk,Nikolsk,Vologda,RU
317,297334,Nikolsk,Nikolsk,Vologda,RU
318,297334,Nikolsk,Nikolsk,Vologda,RU
319,297334,Nikolsk,Nikolsk,Vologda,RU
320,297334,Nikolsk,Nikolsk,Vologda,RU
321,297334,Nikolsk,Nikolsk,Vologda,RU
322,297334,Nikolsk,Nikolsk,Vologda,RU
323,297334,Nikolsk,Nikolsk,Vologda,RU
324,297334,Nikolsk,Nikolsk,Vologda,RU
325,297334,Nikolsk,Nikolsk,Vologda,RU
326,297334,Nikolsk,Nikolsk,Vologda,RU
327,297334,Nikolsk,Nikolsk,Vologda,RU
328,297334,Nikolsk,Nikolsk,Vologda,RU
329,297334,Nikolsk,Nikolsk,Vologda,RU
330,297334,Nikolsk,Nikolsk,Vologda,RU
331,297334,Nikolsk,Nikolsk,Vologda,RU
332,297334,Nikolsk,Nikolsk,Vologda,RU
333,297334,Nikolsk,Nikolsk,Vologda,RU
334,297334,Nikolsk,Nikolsk,Vologda,RU
335,297334,Nikolsk,Nikolsk,Vologda,RU
336,297334,Nikolsk,Nikolsk,Vologda,RU
337,297334,Nikolsk,Nikolsk,Vologda,RU
338,297334,Nikolsk,Nikolsk,Vologda,RU
339,297334,Nikolsk,Nikolsk,Vologda,RU
340,297334,Nikolsk,Nikolsk,Vologda,RU
341,297334,Nikolsk,Nikolsk,Vologda,RU
342,297334,Nikolsk,Nikolsk,Vologda,RU
343,297334,Nikolsk,Nikolsk,Vologda,RU
344,297334,Nikolsk,Nikolsk,Vologda,RU
345,297334,Nikolsk,Nikolsk,Vologda,RU
346,297334,Nikolsk,Nikolsk,Vologda,RU
347,297334,Nikolsk,Nikolsk,Vologda,RU
348,297334,Nikolsk,Nikolsk,Vologda,RU
349,297334,Nikolsk,Nikolsk,Vologda,RU
350,297334,Nikolsk,Nikolsk,Vologda,RU
351,297334,Nikolsk,Nikolsk,Vologda,RU
352,297334,Nikolsk,Nikolsk,Vologda,RU
353,297334,Nikolsk,Nikolsk,Vologda,RU
354,297334,Nikolsk,Nikolsk,Vologda,RU
355,297334,Nikolsk,Nikolsk,Vologda,RU
356,297334,Nikolsk,Nikolsk,Vologda,RU
357,297334,Nikolsk,Nikolsk,Vologda,RU
358,297334,Nikolsk,Nikolsk,Vologda,RU
359,297334,Nikolsk,Nikolsk,Vologda,RU
360,297334,Nikolsk,Nikolsk,Vologda,RU
361,297334,Nikolsk,Nikolsk,Vologda,RU
362,297334,Nikolsk,Nikolsk,Vologda,RU
363,297334,Nikolsk,Nikolsk,Vologda,RU
364,297334,Nikolsk,Nikolsk,Vologda,RU
365,297334,Nikolsk,Nikolsk,Vologda,RU
366,297334,Nikolsk,Nikolsk,Vologda,RU
367,297334,Nikolsk,Nikolsk,Vologda,RU
368,297334,Nikolsk,Nikolsk,Vologda,RU
369,297334,Nikolsk,Nikolsk,Vologda,RU
370,297334,Nikolsk,Nikolsk,Vologda,RU
371,297334,Nikolsk,Nikolsk,Vologda,RU
372,297334,Nikolsk,Nikolsk,Vologda,RU
373,297334,Nikolsk,Nikolsk,Vologda,RU
374,297334,Nikolsk,Nikolsk,Vologda,RU
375,297334,Nikolsk,Nikolsk,Vologda,RU
376,297334,Nikolsk,Nikolsk,Vologda,RU
377,297334,Nikolsk,Nikolsk,Vologda,RU
378,297334,Nikolsk,Nikolsk,Vologda,RU
379,297334,Nikolsk,Nikolsk,Vologda,RU
380,297334,Nikolsk,Nikolsk,Vologda,RU
381,297334,Nikolsk,Nikolsk,Vologda,RU
382,297334,Nikolsk,Nikolsk,Vologda,RU
383,297334,Nikolsk,Nikolsk,Vologda,RU
384,297334,Nikolsk,Nikolsk,Vologda,RU
385,297334,Nikolsk,Nikolsk,Vologda,RU
386,297334,Nikolsk,Nikolsk,Vologda,RU
387,297334,Nikolsk,Nikolsk,Vologda,RU
388,297334,Nikolsk,Nikolsk,Vologda,RU
389,297334,Nikolsk,Nikolsk,Vologda,RU
390,297334,Nikolsk,Nikolsk,Vologda,RU
391,297334,Nikolsk,Nikolsk,Vologda,RU
392,297334,Nikolsk,Nikolsk,Vologda,RU
393,297334,Nikolsk,Nikolsk,Vologda,RU
394,297334,Nikolsk,Nikolsk,Vologda,RU
395,297334,Nikolsk,Nikolsk,Vologda,RU
396,297334,Nikolsk,Nikolsk,Vologda,RU
397,297334,Nikolsk,Nikolsk,Vologda,RU
398,297334,Nikolsk,Nikolsk,Vologda,RU
399,297335,Nikolsk,Nikolsk,Vologda,RU
400,297926,Amo-Tura region,Amo-Tura region,Evenk Autonomous District,RU
401,297945,Amo-Tura region,Amo-Tura region,Evenk Autonomous District,RU
402,297946,Amo-Tura region,Amo-Tura region,Evenk Autonomous District,RU
403,299698,Sol'-Iletsk,Sol'-Iletsk,Orenburg,RU
404,346290,Archer,Archer,Texas,US
405,367864,Allier,Allier,,FR
406,368039,Bergville,Bergville,KwaZulu-Natal,ZA
407,368795,Navajo,Navajo,Arizona,US
408,368796,Navajo,Navajo,Arizona,US
409,368797,Navajo,Navajo,Arizona,US
410,382158,Krasnopartizan,Krasnopartizan,Orenburg,RU
411,382159,Krasnopartizan,Krasnopartizan,Orenburg,RU
412,384336,Baylor,Baylor,Texas,US
413,387723,Sterlitamak,Sterlitamak,Bashkortostan,RU
414,388988,Archangel'sk,,Archangel'sk,RU
415,388989,Archangel'sk,,Archangel'sk,RU
416,388990,Archangel'sk,,Archangel'sk,RU
417,399460,New South Wales,,New South Wales,AU
418,401594,Krakowski,Krakowski,Malopolskie,PL
419,401598,Krakowski,Krakowski,Malopolskie,PL
420,406870,Apache,Apache,Arizona,US
421,407765,Apache,Apache,Arizona,US
422,407774,Apache,Apache,Arizona,US
423,410770,Crosby,Crosby,Texas,US
424,410787,Crosby,Crosby,Texas,US
425,411694,Komi,,Komi,RU
426,411695,Komi,,Komi,RU
427,411696,Komi,,Komi,RU
428,477613,Primorye,,Primorye,RU
429,477681,Primorye,,Primorye,RU
430,483852,Apache,Apache,Arizona,US
431,483857,Apache,Apache,Arizona,US
432,486123,Meuthe-et-Moselle,Meuthe-et-Moselle,Lorraine,FR
433,486124,Meuthe-et-Moselle,Meuthe-et-Moselle,Lorraine,FR
434,517579,Apache,Apache,Arizona,US
435,517599,Apache,Apache,Arizona,US
436,517604,Apache,Apache,Arizona,US
437,517607,Navajo,Navajo,Arizona,US
438,517728,Weisseritzkreis,Weisseritzkreis,Saxony,DE
439,517729,Weisseritzkreis,Weisseritzkreis,Saxony,DE
440,517730,Weisseritzkreis,Weisseritzkreis,Saxony,DE
441,517731,Weisseritzkreis,Weisseritzkreis,Saxony,DE
442,517732,Weisseritzkreis,Weisseritzkreis,Saxony,DE
443,533987,McKinley,McKinley,New Mexico,US
444,538734,Diekirch,,Diekirch,LU
445,538735,Diekirch,,Diekirch,LU
446,558338,Warwickshire,Warwickshire,England,UK
447,558339,Warwickshire,Warwickshire,England,UK
448,558340,Warwickshire,Warwickshire,England,UK
449,559541,Boheme,,Boheme,CZ
450,562849,Apache,Apache,Arizona,US
451,572543,Apache,Apache,Arizona,US
452,572544,Apache,Apache,Arizona,US
453,572574,Arizona,,Arizona,US
454,572583,McKinley,McKinley,New Mexico,US
455,584069,Opole,,Opole,PL
456,584070,Opole,,Opole,PL
457,584075,Opole,,Opole,PL
458,590154,Rio Arriba,Rio Arriba,New Mexico,US
459,629466,Comanche,Comanche,Oklahoma,US
460,629466,Comanche,Comanche,Oklahoma,US
461,629466,Comanche,Comanche,Oklahoma,US
462,629466,Comanche,Comanche,Oklahoma,US
463,629466,Comanche,Comanche,Oklahoma,US
464,629466,Comanche,Comanche,Oklahoma,US
465,629466,Comanche,Comanche,Oklahoma,US
466,629467,Comanche,Comanche,Oklahoma,US
467,629468,Comanche,Comanche,Oklahoma,US
468,629488,Comanche,Comanche,Oklahoma,US
469,629488,Comanche,Comanche,Oklahoma,US
470,629489,Comanche,Comanche,Oklahoma,US
471,631438,Tillman,Tillman,Oklahoma,US
472,631439,Tillman,Tillman,Oklahoma,US
473,632371,Arlit,Arlit,Agadez,NE
474,632372,Arlit,Arlit,Agadez,NE
475,667875,Crosby,Crosby,Texas,US
476,667875,Crosby,Crosby,Texas,US
477,667875,Crosby,Crosby,Texas,US
478,667875,Crosby,Crosby,Texas,US
479,667875,Crosby,Crosby,Texas,US
480,667875,Crosby,Crosby,Texas,US
481,667875,Crosby,Crosby,Texas,US
482,667875,Crosby,Crosby,Texas,US
483,667875,Crosby,Crosby,Texas,US
484,670355,Penarth,Penarth,Wales,UK
485,670358,Penarth,Penarth,Wales,UK
486,690409,Warwickshire,Warwickshire,England,UK
487,690410,Warwickshire,Warwickshire,England,UK
488,690411,Warwickshire,Warwickshire,England,UK
489,705334,McKinley,McKinley,New Mexico,US
490,705335,McKinley,McKinley,New Mexico,US
491,705362,McKinley,McKinley,New Mexico,US
492,705368,McKinley,McKinley,New Mexico,US
493,728366,Baden-Wurttemberg,,Baden-Wurttemberg,DE
494,739841,Cleveland,Cleveland,Oklahoma,US
495,749055,San Juan,San Juan,Utah,US
496,753719,Knox,Knox,Texas,US
497,773340,Loule,Loule,Algarve,PT
498,773661,Opole,,Opole,PL
499,778928,Guadalupe,Guadalupe,New Mexico,US
500,778945,Quay,Quay,New Mexico,US
501,778963,Howard,Howard,Texas,US
502,782139,Navajo,Navajo,Arizona,US
503,782172,Navajo,Navajo,Arizona,US
504,782200,Potter,Potter,Texas,US
505,785869,Mamadysh,Mamadysh,Tatarstan,RU
506,786933,Foard,Foard,Texas,US
507,786936,Knox,Knox,Texas,US
508,787458,Noble,Noble,Oklahoma,US
509,787459,Noble,Noble,Oklahoma,US
510,787528,Noble,Noble,Oklahoma,US
511,787561,Kay,Kay,Oklahoma,US
512,787562,Kay,Kay,Oklahoma,US
513,787580,Kay,Kay,Oklahoma,US
514,787990,Baylor,Baylor,Texas,US
515,788096,Kiowa,Kiowa,Oklahoma,US
516,788179,Knox,Knox,Texas,US
517,788994,Jefferson,Jefferson,Ohio,US
518,788995,Jefferson,Jefferson,Ohio,US
519,789051,Baylor,Baylor,Texas,US
520,789060,Baylor,Baylor,Texas,US
521,789067,Baylor,Baylor,Texas,US
522,789101,Arlit,Arlit,Agadez,NE
523,789653,Gansu,,Gansu,CN
524,789760,Orenburg,,Orenburg,RU
525,789761,Orenburg,,Orenburg,RU
526,789762,Orenburg,,Orenburg,RU
527,789765,Orenburg,,Orenburg,RU
528,789768,Bashkortostan,,Bashkortostan,RU
529,789770,Bashkortostan,,Bashkortostan,RU
530,789965,Archer,Archer,Texas,US
531,789966,Archer,Archer,Texas,US
532,789967,Archer,Archer,Texas,US
533,789968,Archer,Archer,Texas,US
534,789984,San Miguel,San Miguel,Colorado,US
535,789986,San Miguel,San Miguel,Colorado,US
536,790003,Gotha,Gotha,Thuringia,DE
537,790215,Orenburg,,Orenburg,RU
538,790491,Noble,Noble,Oklahoma,US
539,790492,Noble,Noble,Oklahoma,US
540,790500,Archer,Archer,Texas,US
541,790501,Archer,Archer,Texas,US
542,790525,Rio Arriba,Rio Arriba,New Mexico,US
543,795306,Vyazniki,Vyazniki,Vladimir,RU
544,796034,Cerro Largo,,Cerro Largo,UY
545,799672,Slobodskoi,Slobodskoi,Kirov,RU
546,799681,Oktyabrskoe,Oktyabrskoe,Orenburg,RU
547,799682,Malmysh,Malmysh,Kirov,RU
548,799683,Malmysh,Malmysh,Kirov,RU
549,799808,Grant,Grant,Oklahoma,US
550,799809,Grant,Grant,Oklahoma,US
551,799812,Slobodskoi,Slobodskoi,Kirov,RU
552,799813,Slobodskoi,Slobodskoi,Kirov,RU
553,800079,Inta,Inta,Komi,RU
554,800080,Inta,Inta,Komi,RU
555,806471,Garza,Garza,Texas,US
556,811357,Devon,Devon,England,UK
557,811358,Devon,Devon,England,UK
558,814162,Kotelnich,Kotelnich,Kirov,RU
559,814505,Cotton,Cotton,Oklahoma,US
560,818655,Thung Luilai,Thung Luilai,Chaiyaphum,TH
561,821549,Queensland,,Queensland,AU
562,821550,Maletswai,Maletswai,Eastern Cape,ZA
563,825243,Comanche,Comanche,Oklahoma,US
564,825243,Comanche,Comanche,Oklahoma,US
565,825283,Gotha,Gotha,Thuringia,DE
566,825943,Baylor,Baylor,Texas,US
567,829759,Fremont,Fremont,Wyoming,US
568,829815,Fremont,Fremont,Wyoming,US
569,829815,Fremont,Fremont,Wyoming,US
570,829817,Fremont,Fremont,Wyoming,US
571,829817,Fremont,Fremont,Wyoming,US
572,829817,Fremont,Fremont,Wyoming,US
573,829818,Hot Springs,Hot Springs,Wyoming,US
574,829821,Fremont,Fremont,Wyoming,US
575,829824,Fremont,Fremont,Wyoming,US
576,831024,Fremont,Fremont,Wyoming,US
577,831025,Fremont,Fremont,Wyoming,US
578,831989,Ambilobe,Ambilobe,Diana,MG
579,832058,Quay,Quay,New Mexico,US
580,832693,Apache,Apache,Arizona,US
581,837087,Apache,Apache,Arizona,US
582,837165,Navajo,Navajo,Arizona,US
583,837211,Apache,Apache,Arizona,US
584,837212,Apache,Apache,Arizona,US
585,837354,Apache,Apache,Arizona,US
586,837355,Apache,Apache,Arizona,US
587,837393,Apache,Apache,Arizona,US
588,837394,Apache,Apache,Arizona,US
589,837399,Apache,Apache,Arizona,US
590,837553,Apache,Apache,Arizona,US
591,837554,Apache,Apache,Arizona,US
592,837555,Apache,Apache,Arizona,US
593,837557,Apache,Apache,Arizona,US
594,837561,Apache,Apache,Arizona,US
595,837564,Apache,Apache,Arizona,US
596,837592,Navajo,Navajo,Arizona,US
597,837634,Navajo,Navajo,Arizona,US
598,837636,Navajo,Navajo,Arizona,US
599,837641,Navajo,Navajo,Arizona,US
600,838831,Navajo,Navajo,Arizona,US
601,838833,Navajo,Navajo,Arizona,US
602,838835,Apache,Apache,Arizona,US
603,838836,Apache,Apache,Arizona,US
604,838863,Apache,Apache,Arizona,US
605,838888,Navajo,Navajo,Arizona,US
606,838888,Navajo,Navajo,Arizona,US
607,838888,Navajo,Navajo,Arizona,US
608,838888,Navajo,Navajo,Arizona,US
609,838888,Navajo,Navajo,Arizona,US
610,838888,Navajo,Navajo,Arizona,US
611,838888,Navajo,Navajo,Arizona,US
612,838889,Navajo,Navajo,Arizona,US
613,838915,Apache,Apache,Arizona,US
614,838923,Apache,Apache,Arizona,US
615,838931,Apache,Apache,Arizona,US
616,838931,Apache,Apache,Arizona,US
617,838931,Apache,Apache,Arizona,US
618,838931,Apache,Apache,Arizona,US
619,838934,Apache,Apache,Arizona,US
620,838962,Apache,Apache,Arizona,US
621,838968,Apache,Apache,Arizona,US
622,838996,Apache,Apache,Arizona,US
623,838997,Apache,Apache,Arizona,US
624,839582,Sol'-Iletsk,Sol'-Iletsk,Orenburg,RU
625,840352,Totskoe,Totskoe,Orenburg,RU
626,840357,Totskoe,Totskoe,Orenburg,RU
627,840366,Belyaevka,Belyaevka,Orenburg,RU
628,840367,Belyaevka,Belyaevka,Orenburg,RU
629,840368,Belyaevka,Belyaevka,Orenburg,RU
630,840369,Belyaevka,Belyaevka,Orenburg,RU
631,840370,Belyaevka,Belyaevka,Orenburg,RU
632,840616,Apache,Apache,Arizona,US
633,840620,Apache,Apache,Arizona,US
634,840721,Apache,Apache,Arizona,US
635,840766,Navajo,Navajo,Arizona,US
636,841814,Apache,Apache,Arizona,US
637,841815,Apache,Apache,Arizona,US
638,841819,Apache,Apache,Arizona,US
639,841823,Navajo,Navajo,Arizona,US
640,841826,Navajo,Navajo,Arizona,US
641,841830,Apache,Apache,Arizona,US
642,841832,Apache,Apache,Arizona,US
643,841832,Apache,Apache,Arizona,US
644,841832,Apache,Apache,Arizona,US
645,841832,Apache,Apache,Arizona,US
646,841832,Apache,Apache,Arizona,US
647,841832,Apache,Apache,Arizona,US
648,841835,Apache,Apache,Arizona,US
649,841835,Apache,Apache,Arizona,US
650,841835,Apache,Apache,Arizona,US
651,841835,Apache,Apache,Arizona,US
652,841837,Apache,Apache,Arizona,US
653,842080,Apache,Apache,Arizona,US
654,842087,Apache,Apache,Arizona,US
655,842098,Arizona,,Arizona,US
656,842102,Apache,Apache,Arizona,US
657,842108,Apache,Apache,Arizona,US
658,842111,Apache,Apache,Arizona,US
659,842118,Apache,Apache,Arizona,US
660,842119,Apache,Apache,Arizona,US
661,842143,Apache,Apache,Arizona,US
662,842188,Apache,Apache,Arizona,US
663,842192,Apache,Apache,Arizona,US
664,842215,Apache,Apache,Arizona,US
665,842344,Apache,Apache,Arizona,US
666,842664,Coconino,Coconino,Arizona,US
667,842693,Coconino,Coconino,Arizona,US
668,842768,Coconino,Coconino,Arizona,US
669,842769,Coconino,Coconino,Arizona,US
670,842955,Coconino,Coconino,Arizona,US
671,842963,Apache,Apache,Arizona,US
672,842969,Cibola,Cibola,New Mexico,US
673,842980,Cibola,Cibola,New Mexico,US
674,843211,Quay,Quay,New Mexico,US
675,843239,Quay,Quay,New Mexico,US
676,843254,Quay,Quay,New Mexico,US
677,843296,Quay,Quay,New Mexico,US
678,843497,Baylor/Willbarger,Baylor/Willbarger,Texas,US
679,845877,Cimarron,Cimarron,Oklahoma,US
680,845918,Union,Union,New Mexico,US
681,846842,Belyaevka,Belyaevka,Orenburg,RU
682,847014,Nenetsia,Nenetsia,Arkhangelsk,RU
683,847022,Nenetsia,Nenetsia,Arkhangelsk,RU
684,848405,Sol'-Iletsk,Sol'-Iletsk,Orenburg,RU
685,850014,Crosby,Crosby,Texas,US
686,850612,Queensland,,Queensland,AU
687,853399,Shadol,Shadol,Madhya Pradesh,IN
688,853403,Quay,Quay,New Mexico,US
689,853404,Quay,Quay,New Mexico,US
690,855632,Coconino,Coconino,Arizona,US
691,855737,Apache,Apache,Arizona,US
692,855738,Coconino,Coconino,Arizona,US
693,855739,Navajo,Navajo,Arizona,US
694,855740,Navajo,Navajo,Arizona,US
695,855741,Navajo,Navajo,Arizona,US
696,855742,Apache,Apache,Arizona,US
697,855776,Navajo,Navajo,Arizona,US
698,855777,Coconino,Coconino,Arizona,US
699,855778,Coconino,Coconino,Arizona,US
700,855781,Coconino,Coconino,Arizona,US
701,855789,Coconino,Coconino,Arizona,US
702,855795,Coconino,Coconino,Arizona,US
703,856130,Navajo,Navajo,Arizona,US
704,868560,Sterkstroom,Sterkstroom,Eastern Cape,ZA
705,868561,Wepener,Wepener,Free State,ZA
706,868562,Ukhahlamba,Ukhahlamba,Eastern Cape,ZA
707,868564,Ukhahlamba,Ukhahlamba,Eastern Cape,ZA
708,877596,Sol'-Iletsk,Sol'-Iletsk,Orenburg,RU
709,877600,Sol'-Iletsk,Sol'-Iletsk,Orenburg,RU
710,877603,Sol'-Iletsk,Sol'-Iletsk,Orenburg,RU
711,877608,Sol'-Iletskiy,Sol'-Iletskiy,Orenburg,RU
712,877609,Sol'-Iletskiy,Sol'-Iletskiy,Orenburg,RU
713,877614,Sol'-Iletsk,Sol'-Iletsk,Orenburg,RU
714,877630,Bashkortostan,,Bashkortostan,RU
715,877635,Bashkortostan,,Bashkortostan,RU
716,877636,Bashkortostan,,Bashkortostan,RU
717,877637,Bashkortostan,,Bashkortostan,RU
718,877649,Bashkortostan,,Bashkortostan,RU
719,877650,Bashkortostan,,Bashkortostan,RU
720,877689,Sol'-Iletsk,Sol'-Iletsk,Orenburg,RU
721,877795,Sol'-Iletsk,Sol'-Iletsk,Orenburg,RU
722,877796,Sol'-Iletsk,Sol'-Iletsk,Orenburg,RU
723,877797,Sol'-Iletsk,Sol'-Iletsk,Orenburg,RU
724,880669,Orenburg,,Orenburg,RU
725,880671,Yuanan,Yuanan,Hubei,CN
726,880678,Worcestershire,Worcestershire,England,UK
727,880679,Worcestershire,Worcestershire,England,UK
728,880951,Bamberg,Bamberg,Bayern,DE
729,881085,Bamberg,Bamberg,Bayern,DE
730,881089,Bamberg,Bamberg,Bayern,DE
731,881090,Bamberg,Bamberg,Bayern,DE
732,881093,Bamberg,Bamberg,Bayern,DE
733,881094,Bamberg,Bamberg,Bayern,DE
734,882294,Kronach,Kronach,Bayern,DE
735,882295,Bludenz,Bludenz,Vorarlberg,AT
736,895253,Rio Grande do Sul,,Rio Grande do Sul,BR
737,896222,Eastern,,Eastern,ZM
738,896224,Eastern,,Eastern,ZM
739,896257,Eastern,,Eastern,ZM
740,906409,Schwabisch Hall,Schwabisch Hall,Baden-Wurttemberg,DE
741,906411,Schwabisch Hall,Schwabisch Hall,Baden-Wurttemberg,DE
742,906412,Schwabisch Hall,Schwabisch Hall,Baden-Wurttemberg,DE
743,908229,Catalonia,,Catalonia,ES
744,921164,Ruvuma,,Ruvuma,TZ
745,922673,Maluti-A-Phofung,Maluti-A-Phofung,Free State,ZA
746,924744,York,York,Pennsylvania,US
747,929764,Schwabisch Hall,Schwabisch Hall,Baden-Wurttemberg,DE
748,929765,Schwabisch Hall,Schwabisch Hall,Baden-Wurttemberg,DE
749,929766,Schwabisch Hall,Schwabisch Hall,Baden-Wurttemberg,DE
750,929771,Schwabisch Hall,Schwabisch Hall,Baden-Wurttemberg,DE
751,929772,Schwabisch Hall,Schwabisch Hall,Baden-Wurttemberg,DE
752,929773,Schwabisch Hall,Schwabisch Hall,Baden-Wurttemberg,DE
753,929774,Schwabisch Hall,Schwabisch Hall,Baden-Wurttemberg,DE
754,929775,Ilm-Kreis,Ilm-Kreis,Thuringia,DE
755,929776,Schwabisch Hall,Schwabisch Hall,Baden-Wurttemberg,DE
756,929777,Hohenlohekreis,Hohenlohekreis,Baden-Wurttemberg,DE
757,929780,Hohenlohekreis,Hohenlohekreis,Baden-Wurttemberg,DE
758,929781,Hohenlohekreis,Hohenlohekreis,Baden-Wurttemberg,DE
759,929782,Hohenlohekreis,Hohenlohekreis,Baden-Wurttemberg,DE
760,929783,Hohenlohekreis,Hohenlohekreis,Baden-Wurttemberg,DE
761,929795,Hohenlohekreis,Hohenlohekreis,Baden-Wurttemberg,DE
762,929799,Schwabisch Hall,Schwabisch Hall,Baden-Wurttemberg,DE
763,929800,Schwabisch Hall,Schwabisch Hall,Baden-Wurttemberg,DE
764,929801,Ludwigsburg,Ludwigsburg,Baden-Wurttemberg,DE
765,929802,Ludwigsburg,Ludwigsburg,Baden-Wurttemberg,DE
766,929802,Ludwigsburg,Ludwigsburg,Baden-Wurttemberg,DE
767,929803,Ludwigsburg,Ludwigsburg,Baden-Wurttemberg,DE
768,929804,,,,DE
769,929808,Erfurt,Erfurt,Thuringia,DE
770,929809,Thuringia,,Thuringia,DE
771,929812,Hildburghausen,Hildburghausen,Thuringia,DE
772,930385,Stuttgart,Stuttgart,Baden-Wurttemberg,DE
773,930387,Stuttgart,Stuttgart,Baden-Wurttemberg,DE
774,930388,Heilbronn,Heilbronn,Baden-Wurttemberg,DE
775,930389,Heilbronn,Heilbronn,Baden-Wurttemberg,DE
776,930389,Heilbronn,Heilbronn,Baden-Wurttemberg,DE
777,930391,Stuttgart,Stuttgart,Baden-Wurttemberg,DE
778,930391,Stuttgart,Stuttgart,Baden-Wurttemberg,DE
779,930391,Stuttgart,Stuttgart,Baden-Wurttemberg,DE
780,930391,Stuttgart,Stuttgart,Baden-Wurttemberg,DE
781,930391,Stuttgart,Stuttgart,Baden-Wurttemberg,DE
782,930391,Stuttgart,Stuttgart,Baden-Wurttemberg,DE
783,930391,Stuttgart,Stuttgart,Baden-Wurttemberg,DE
784,930391,Stuttgart,Stuttgart,Baden-Wurttemberg,DE
785,930391,Stuttgart,Stuttgart,Baden-Wurttemberg,DE
786,930391,Stuttgart,Stuttgart,Baden-Wurttemberg,DE
787,930391,Stuttgart,Stuttgart,Baden-Wurttemberg,DE
788,930391,Stuttgart,Stuttgart,Baden-Wurttemberg,DE
789,930391,Stuttgart,Stuttgart,Baden-Wurttemberg,DE
790,930391,Stuttgart,Stuttgart,Baden-Wurttemberg,DE
791,930391,Stuttgart,Stuttgart,Baden-Wurttemberg,DE
792,930391,Stuttgart,Stuttgart,Baden-Wurttemberg,DE
793,930391,Stuttgart,Stuttgart,Baden-Wurttemberg,DE
794,930391,Stuttgart,Stuttgart,Baden-Wurttemberg,DE
795,930391,Stuttgart,Stuttgart,Baden-Wurttemberg,DE
796,930391,Stuttgart,Stuttgart,Baden-Wurttemberg,DE
797,930391,Stuttgart,Stuttgart,Baden-Wurttemberg,DE
798,930391,Stuttgart,Stuttgart,Baden-Wurttemberg,DE
799,930392,Tubingen,Tubingen,Baden-Wurttemberg,DE
800,930393,Schwabisch Hall,Schwabisch Hall,Baden-Wurttemberg,DE
801,930394,Stuttgart,Stuttgart,Baden-Wurttemberg,DE
802,930395,Heilbronn,Heilbronn,Baden-Wurttemberg,DE
803,930782,Comanche,Comanche,Oklahoma,US
804,930821,Baden-Wurttemberg,,Baden-Wurttemberg,DE
805,930826,Bolzano,,Bolzano,IT
806,931096,East Greenland,,East Greenland,GL
807,931097,East Greenland,,East Greenland,GL
808,931097,East Greenland,,East Greenland,GL
809,932452,Rems-Murr-Kreis,Rems-Murr-Kreis,Baden-Wurttemberg,DE
810,933157,Skane,,Skane,SE
811,933166,Illizi,,Illizi,DZ
812,933166,Illizi,,Illizi,DZ
813,933492,Nova Scotia,,Nova Scotia,CA
814,933980,Fremont,Fremont,Wyoming,US
815,933981,Fremont,Fremont,Wyoming,US
816,934043,Bucks,Bucks,Pennsylvania,US
817,959358,Adilabad,Adilabad,Telangana,IN
818,963873,Grundy/Will,Grundy/Will,Illinois,US
819,963874,Jefferson,Jefferson,Ohio,US
820,963875,Jefferson,Jefferson,Ohio,US
821,964693,Clay,Clay,Texas,US
822,968279,Howard,Howard,Texas,US
823,968280,Howard,Howard,Texas,US
824,968281,Crosby,Crosby,Texas,US
825,970671,Batken,,Batken,KG
826,984553,Krakowski,Krakowski,Malopolskie,PL
827,984559,Ostrowiec,Ostrowiec,Swietoryzskie,PL
828,985111,Freudenstadt,Freudenstadt,Baden-Wurttemberg,DE
829,985112,Calw,Calw,Baden-Wurttemberg,DE
830,985128,Neckar-Odenwald-Kreis,Neckar-Odenwald-Kreis,Baden-Wurttemberg,DE
831,985129,Freudenstadt,Freudenstadt,Baden-Wurttemberg,DE
832,1016311,Mittelfranken,Mittelfranken,Bayern,DE
833,1016312,Mittelfranken,Mittelfranken,Bayern,DE
834,1016313,Mittelfranken,Mittelfranken,Bayern,DE
835,1016314,Mittelfranken,Mittelfranken,Bayern,DE
836,1016620,Gotha,Gotha,Thuringia,DE
837,1021845,Ohio,Ohio,West Virginia,US
838,1037998,Monongalia,Monongalia,West Virginia,US
839,1076088,Oberhessen,Oberhessen,Hessen,DE
840,1076089,Hessen,,Hessen,DE
841,1076287,Pinneburg,Pinneburg,Schleswig-Holstein,DE
842,1076974,Wartburgkreis,Wartburgkreis,Thuringen,DE
843,1079951,Utah,,Utah,US
844,1081097,,,,AA
845,1081098,,,,AA
846,1081114,Songea,Songea,Ruvuma,TZ
847,1087030,New South Wales,,New South Wales,AU
848,1087050,Queensland,,Queensland,AU
849,1087055,Queensland,,Queensland,AU
850,1087056,Queensland,,Queensland,AU
851,1087060,Queensland,,Queensland,AU
852,1087061,Queensland,,Queensland,AU
853,1087061,Queensland,,Queensland,AU
854,1087070,Queensland,,Queensland,AU
855,1087071,Queensland,,Queensland,AU
856,1087079,Queensland,,Queensland,AU
857,1087080,Queensland,,Queensland,AU
858,1087081,Hobart,Hobart,Tasmania,AU
859,1087082,Queensland,,Queensland,AU
860,1087087,Queensland,,Queensland,AU
861,1087247,New South Wales,,New South Wales,AU
862,1087277,New South Wales,,New South Wales,AU
863,1087300,New South Wales,,New South Wales,AU
864,1087301,New South Wales,,New South Wales,AU
865,1087308,New South Wales,,New South Wales,AU
866,1087312,New South Wales,,New South Wales,AU
867,1087518,Western Australia,,Western Australia,AU
868,1087519,Western Australia,,Western Australia,AU
869,1087520,Western Australia,,Western Australia,AU
870,1087521,Western Australia,,Western Australia,AU
871,1087522,Western Australia,,Western Australia,AU
872,1087523,Western Australia,,Western Australia,AU
873,1087524,Western Australia,,Western Australia,AU
874,1087526,West Bengal,,West Bengal,IN
875,1087562,West Bengal,,West Bengal,IN
876,1087565,Azad Jammu & Kashmir,,Azad Jammu & Kashmir,PK
877,1087566,Western Australia,,Western Australia,AU
878,1087567,Western Australia,,Western Australia,AU
879,1087659,Hobart,Hobart,Tasmania,AU
880,1087660,Hobart,Hobart,Tasmania,AU
881,1087661,Tasmania,,Tasmania,AU
882,1087662,Tasmania,,Tasmania,AU
883,1087663,Tasmania,,Tasmania,AU
884,1087669,Tasmania,,Tasmania,AU
885,1087670,Tasmania,,Tasmania,AU
886,1087671,Tasmania,,Tasmania,AU
887,1087672,Tasmania,,Tasmania,AU
888,1087673,Tasmania,,Tasmania,AU
889,1087674,Tasmania,,Tasmania,AU
890,1087675,Tasmania,,Tasmania,AU
891,1087678,Tasmania,,Tasmania,AU
892,1087679,Tasmania,,Tasmania,AU
893,1087681,Tasmania,,Tasmania,AU
894,1087682,Tasmania,,Tasmania,AU
895,1087683,Tasmania,,Tasmania,AU
896,1087684,Tasmania,,Tasmania,AU
897,1087685,Tasmania,,Tasmania,AU
898,1087685,Tasmania,,Tasmania,AU
899,1087685,Tasmania,,Tasmania,AU
900,1087685,Tasmania,,Tasmania,AU
901,1087685,Tasmania,,Tasmania,AU
902,1087685,Tasmania,,Tasmania,AU
903,1087685,Tasmania,,Tasmania,AU
904,1087685,Tasmania,,Tasmania,AU
905,1087685,Tasmania,,Tasmania,AU
906,1087685,Tasmania,,Tasmania,AU
907,1087685,Tasmania,,Tasmania,AU
908,1087685,Tasmania,,Tasmania,AU
909,1087685,Tasmania,,Tasmania,AU
910,1087685,Tasmania,,Tasmania,AU
911,1087685,Tasmania,,Tasmania,AU
912,1087832,Chhindwara,Chhindwara,Madhya Pradesh,IN
913,1087835,Chhindwara,Chhindwara,Madhya Pradesh,IN
914,1087838,Andhra Pradesh,,Andhra Pradesh,IN
915,1087840,Adilabad,Adilabad,Andhra Pradesh,IN
916,1087841,Maharashtra,,Maharashtra,IN
917,1089186,Adilabad,Adilabad,Andhra Pradesh,IN
918,1089187,Adilabad,Adilabad,Andhra Pradesh,IN
919,1089188,Adilabad,Adilabad,Andhra Pradesh,IN
920,1089196,Andhra Pradesh,,Andhra Pradesh,IN
921,1089197,Andhra Pradesh,,Andhra Pradesh,IN
922,1089197,Andhra Pradesh,,Andhra Pradesh,IN
923,1089197,Andhra Pradesh,,Andhra Pradesh,IN
924,1091731,Baden-Wurttemberg,,Baden-Wurttemberg,DE
925,1091732,Baden-Wurttemberg,,Baden-Wurttemberg,DE
926,1099423,Stuttgart,Stuttgart,Baden-Wurttemberg,DE
927,1099958,Stuttgart,Stuttgart,Baden-Wurttemberg,DE
928,1100726,Santa Fe,Santa Fe,New Mexico,US
929,1104070,Sachsen-Anhalt,,Sachsen-Anhalt,DE
930,1104073,Sachsen-Anhalt,,Sachsen-Anhalt,DE
931,1104074,Sachsen-Anhalt,,Sachsen-Anhalt,DE
932,1104076,Sachsen-Anhalt,,Sachsen-Anhalt,DE
933,1104083,Sachsen-Anhalt,,Sachsen-Anhalt,DE
934,1104084,Sachsen-Anhalt,,Sachsen-Anhalt,DE
935,1104088,Sachsen-Anhalt,,Sachsen-Anhalt,DE
936,1104091,Sachsen-Anhalt,,Sachsen-Anhalt,DE
937,1112606,Ilovlya,Ilovlya,Volgograd,RU
938,1113545,Rybinsk,Rybinsk,Yaroslavl,RU
939,1113595,Kuyurgazinskii,Kuyurgazinskii,Bashkortostan,RU
940,1113638,Borskii,Borskii,Samara,RU
941,1116262,Eastern Cape,,Eastern Cape,ZA
942,1127412,Ilovlya,Ilovlya,Volgograd,RU
943,1127413,Ilovlya,Ilovlya,Volgograd,RU
944,1127434,Nagorsk,Nagorsk,Kirov,RU
945,1127576,Ilekskii,Ilekskii,Orenburg,RU
946,1129698,Western Australia,,Western Australia,AU
947,1130472,Free State,,Free State,ZA
948,1130488,Free State,,Free State,ZA
949,1130489,Maluti-A-Phofung,Maluti-A-Phofung,Free State,ZA
950,1130490,Maluti-A-Phofung,Maluti-A-Phofung,Free State,ZA
951,1130491,Maluti-A-Phofung,Maluti-A-Phofung,Free State,ZA
952,1130492,Bergville,Bergville,KwaZulu-Natal,ZA
953,1130495,KwaZulu-Natal,,KwaZulu-Natal,ZA
954,1130496,KwaZulu-Natal,,KwaZulu-Natal,ZA
955,1130694,Maluti-A-Phofung,Maluti-A-Phofung,Free State,ZA
956,1130695,Maluti-A-Phofung,Maluti-A-Phofung,Free State,ZA
957,1131046,Northeast Greenland National Park,,Northeast Greenland National Park,GL
958,1131047,Northeast Greenland National Park,,Northeast Greenland National Park,GL
959,1131048,Northeast Greenland National Park,,Northeast Greenland National Park,GL
960,1131049,Northeast Greenland National Park,,Northeast Greenland National Park,GL
961,1131085,Northeast Greenland National Park,,Northeast Greenland National Park,GL
962,1131086,Northeast Greenland National Park,,Northeast Greenland National Park,GL
963,1131087,Northeast Greenland National Park,,Northeast Greenland National Park,GL
964,1131088,Northeast Greenland National Park,,Northeast Greenland National Park,GL
965,1131095,Northeast Greenland National Park,,Northeast Greenland National Park,GL
966,1131097,Northeast Greenland National Park,,Northeast Greenland National Park,GL
967,1131219,,,,SJ
968,1131223,,,,SJ
969,1131868,Ambilobe,Ambilobe,Diana,MG
970,1131869,,,,SJ
971,1131895,,,,SJ
972,1131896,,,,SJ
973,1131898,,,,SJ
974,1131899,,,,SJ
975,1131900,,,,SJ
976,1131901,,,,SJ
977,1131902,,,,SJ
978,1131903,,,,SJ
979,1131904,,,,SJ
980,1131905,,,,SJ
981,1131906,,,,SJ
982,1131965,,,,SJ
983,1131966,,,,SJ
984,1131970,,,,SJ
985,1131971,,,,SJ
986,1131972,,,,SJ
987,1131973,,,,SJ
988,1131982,,,,SJ
989,1131983,,,,SJ
990,1132143,Ambilobe,Ambilobe,Diana,MG
991,1132144,Ambilobe,Ambilobe,Diana,MG
992,1132145,Ambilobe,Ambilobe,Diana,MG
993,1132146,Ambilobe,Ambilobe,Diana,MG
994,1132147,Ambilobe,Ambilobe,Diana,MG
995,1132148,Ambilobe,Ambilobe,Diana,MG
996,1132149,Ambilobe,Ambilobe,Diana,MG
997,1132150,Ambilobe,Ambilobe,Diana,MG
998,1132151,Ambilobe,Ambilobe,Diana,MG
999,1132152,Ambilobe,Ambilobe,Diana,MG
1000,1132252,Ambilobe,Ambilobe,Diana,MG
1001,1132254,Ambilobe,Ambilobe,Diana,MG
1002,1132297,Engcobo,Engcobo,Eastern Cape,ZA
1003,1132307,Chris Hani,Chris Hani,Eastern Cape,ZA
1004,1132308,Pixley ka Seme,Pixley ka Seme,Northern Cape,ZA
1005,1133423,Eastern Cape,,Eastern Cape,ZA
1006,1133445,Eastern Cape,,Eastern Cape,ZA
1007,1134100,Thabo Mofutsanyane,Thabo Mofutsanyane,Free State,ZA
1008,1134114,Eastern Cape,,Eastern Cape,ZA
1009,1134116,Graaff-Reinet,Graaff-Reinet,Eastern Cape,ZA
1010,1134117,Chris Hani,Chris Hani,Eastern Cape,ZA
1011,1134117,Chris Hani,Chris Hani,Eastern Cape,ZA
1012,1134117,Chris Hani,Chris Hani,Eastern Cape,ZA
1013,1134117,Chris Hani,Chris Hani,Eastern Cape,ZA
1014,1134117,Chris Hani,Chris Hani,Eastern Cape,ZA
1015,1134117,Chris Hani,Chris Hani,Eastern Cape,ZA
1016,1134117,Chris Hani,Chris Hani,Eastern Cape,ZA
1017,1134117,Chris Hani,Chris Hani,Eastern Cape,ZA
1018,1134117,Chris Hani,Chris Hani,Eastern Cape,ZA
1019,1134118,Eastern Cape,,Eastern Cape,ZA
1020,1134118,Eastern Cape,,Eastern Cape,ZA
1021,1134119,Eastern Cape,,Eastern Cape,ZA
1022,1134120,Free State,,Free State,ZA
1023,1134120,Free State,,Free State,ZA
1024,1134121,Xhariep,Xhariep,Free State,ZA
1025,1134122,Free State,,Free State,ZA
1026,1134124,Xhariep,Xhariep,Free State,ZA
1027,1134125,Xhariep,Xhariep,Free State,ZA
1028,1134126,Xhariep,Xhariep,Free State,ZA
1029,1134126,Xhariep,Xhariep,Free State,ZA
1030,1134127,Thabo Mofutsanyane,Thabo Mofutsanyane,Free State,ZA
1031,1134137,Eastern Cape,,Eastern Cape,ZA
1032,1134137,Eastern Cape,,Eastern Cape,ZA
1033,1134138,Thabo Mofutsanyane,Thabo Mofutsanyane,Free State,ZA
1034,1134176,Free State,,Free State,ZA
1035,1134194,Free State,,Free State,ZA
1036,1134210,Maletswai,Maletswai,Eastern Cape,ZA
1037,1142020,Eastern Cape,,Eastern Cape,ZA
1038,1142024,Chris Hani,Chris Hani,Eastern Cape,ZA
1039,1142138,Eastern Cape,,Eastern Cape,ZA
1040,1142822,Mangaung,Mangaung,Free State,ZA
1041,1142839,Thabo Mofutsanyana,Thabo Mofutsanyana,Free State,ZA
1042,1142840,Thabo Mofutsanyana,Thabo Mofutsanyana,Free State,ZA
1043,1142844,Thabo Mofutsanyana,Thabo Mofutsanyana,Free State,ZA
1044,1142847,Ukhahlamba,Ukhahlamba,Eastern Cape,ZA
1045,1143559,Rouxville,Rouxville,Free State,ZA
1046,1143569,Eastern Cape,,Eastern Cape,ZA
1047,1143595,Ukhahlamba,Ukhahlamba,Eastern Cape,ZA
1048,1143608,Venterstad,Venterstad,Eastern Cape,ZA
1049,1143834,Senekal,Senekal,Free State,ZA
1050,1143835,Senekal,Senekal,Free State,ZA
1051,1143860,Free State,,Free State,ZA
1052,1163741,Tetyushi,Tetyushi,Tatarstan,RU
1053,1209762,Sidhi,Sidhi,Madhya Pradesh,IN
1054,1210850,Akhtubinskii,Akhtubinskii,Astrakhan,RU
1055,1221318,Kostroma,,Kostroma,RU
1056,1221320,Kostroma,,Kostroma,RU
1057,1221322,Kirov,,Kirov,RU
1058,1237952,Noble,Noble,Oklahoma,US
1059,1242744,Baylor/Willbarger,Baylor/Willbarger,Texas,US
1060,1264414,Staffordshire,Staffordshire,England,UK
1061,1286789,,,,AA
1062,1300960,Clay,Clay,Texas,US
1063,1301296,Rio Arriba,Rio Arriba,New Mexico,US
1064,1301297,Rio Arriba,Rio Arriba,New Mexico,US
1065,1304609,Graaff-Reinet,Graaff-Reinet,Eastern Cape,ZA
1066,1307367,West Bengal,,West Bengal,IN
1067,1307512,Warwickshire,Warwickshire,England,UK
1068,1311815,Jefferson,Jefferson,Ohio,US
1069,1311853,Jefferson,Jefferson,Ohio,US
1070,1313771,Rumphi,Rumphi,Northern Region,MW
1071,1314749,Archer,Archer,Texas,US
1072,1314749,Archer,Archer,Texas,US
1073,1314750,Archer,Archer,Texas,US
1074,1314753,Young,Young,Texas,US
1075,1314763,Archer County,Archer County,Texas,US
1076,1315229,Young County,Young County,Texas,US
1077,1315230,Archer,Archer,Texas,US
1078,1315231,Archer,Archer,Texas,US
1079,1315232,Jack Couty,Jack Couty,Texas,US
1080,1315233,Otero County,Otero County,New Mexico,US
1081,1315234,Ohio,,Ohio,US
1082,1315235,Clay County,Clay County,Texas,US
1083,1315301,Bernalillo,Bernalillo,New Mexico,US
1084,1315325,Rakovnik,,Rakovnik,CZ
1085,1315463,Gotha District,Gotha District,Thuringia,DE
1086,1315479,Bockelwitz,Bockelwitz,Mittelsachsen,DE
1087,1315480,Sachsen-Anhalt,,Sachsen-Anhalt,DE
1088,1315481,Saxony-Anhalt,,Saxony-Anhalt,DE
1089,1315482,,,,DE
1090,1315483,Bohemian Region,,Bohemian Region,CZ
1091,1315505,Emsetal,Emsetal,Thuringia,DE
1092,1316960,Burgundy,,Burgundy,FR
1093,1317698,Pilsen-North,Pilsen-North,Pilsen,CZ
1094,1317699,Pilsen-North,Pilsen-North,Pilsen,CZ
1095,1317917,Knox,Knox,Texas,US
1096,1317919,Knox,Knox,Texas,US
1097,1317937,Foard,Foard,Texas,US
1098,1317981,Knox,Knox,Texas,US
1099,1317986,Baylor,Baylor,Texas,US
1100,1317987,Baylor,Baylor,Texas,US
1101,1319240,Jefferson,Jefferson,Ohio,US
1102,1328468,Taylor,Taylor,Texas,US
1103,1328469,Taylor,Taylor,Texas,US
1104,1328481,Taylor,Taylor,Texas,US
1105,1328492,Haskell ,Haskell ,Texas,US
1106,1328493,Haskell ,Haskell ,Texas,US
1107,1330179,Sandoval,Sandoval,New Mexico,US
1108,1330336,Bad Kreuznach,Bad Kreuznach,Rheinland-Pfalz,DE
1109,1330421,Bockelwitz,Bockelwitz,Mittelsachsen,DE
1110,1332794,Riley,Riley,Kansas,US
1111,1332972,Richardson,Richardson,Nebraska,US
1112,1332987,Richardson,Richardson,Nebraska,US
1113,1333239,Kusel district,Kusel district,Rhineland-Pfalz,DE
1114,1333318,Belyaevskii,Belyaevskii,Orenburg,RU
1115,1333328,Orenburg,,Orenburg,RU
1116,1333888,Richardson,Richardson,Nebraska,US
1117,1334848,Allegheny,Allegheny,Pennsylvania,US
1118,1334850,Archer,Archer,Texas,US
1119,1334885,Rio Arriba,Rio Arriba,New Mexico,US
1120,1334970,Bockelwitz,Bockelwitz,Mittelsachsen,DE
1121,1334971,Grundy/Will,Grundy/Will,Illinois,US
1122,1334972,Bernalillo,Bernalillo,New Mexico,US
1123,1334974,Grundy/Will,Grundy/Will,Illinois,US
1124,1334976,Greenwood,Greenwood,Kansas,US
1125,1335602,Castilla-La Manacha,,Castilla-La Manacha,ES
1126,1335603,Comanche,Comanche,Oklahoma,US
1127,1335607,Rio Arriba,Rio Arriba,New Mexico,US
1128,1335610,Rio Arriba,Rio Arriba,New Mexico,US
1129,1335611,Rio Arriba,Rio Arriba,New Mexico,US
1130,1335612,Rio Arriba,Rio Arriba,New Mexico,US
1131,1335613,Rio Arriba,Rio Arriba,New Mexico,US
1132,1335617,Rio Arriba,Rio Arriba,New Mexico,US
1133,1335618,Anderson,Anderson,Kansas,US
1134,1335676,Rio Arriba,Rio Arriba,New Mexico,US
1135,1335677,Rio Arriba,Rio Arriba,New Mexico,US
1136,1335678,Rio Arriba,Rio Arriba,New Mexico,US
1137,1335679,Rio Arriba,Rio Arriba,New Mexico,US
1138,1336075,,,,CZ
1139,1336733,Pilsen-North,Pilsen-North,Pilsen,CZ
1140,1336742,Bourgogne,,Bourgogne,FR
1141,1336743,Rheinland-Pfalz,,Rheinland-Pfalz,DE
1142,1336803,Archer,Archer,Texas,US
1143,1336891,Baylor,Baylor,Texas,US
1144,1336900,Comanche,Comanche,Oklahoma,US
1145,1336908,Archer,Archer,Texas,US
1146,1337191,Rio Arriba,Rio Arriba,New Mexico,US
1147,1337193,Rio Arriba,Rio Arriba,New Mexico,US
1148,1337201,Rio Arriba,Rio Arriba,New Mexico,US
1149,1337202,Rio Arriba,Rio Arriba,New Mexico,US
1150,1337203,Rio Arriba,Rio Arriba,New Mexico,US
1151,1337209,Rio Arriba,Rio Arriba,New Mexico,US
1152,1337210,Rio Arriba,Rio Arriba,New Mexico,US
1153,1337211,Rio Arriba,Rio Arriba,New Mexico,US
1154,1337212,Rio Arriba,Rio Arriba,New Mexico,US
1155,1337246,Bernalillo,Bernalillo,New Mexico,US
1156,1337280,Archer,Archer,Texas,US
1157,1337284,Baylor,Baylor,Texas,US
1158,1337285,Archer,Archer,Texas,US
1159,1337320,Pilsen-North,Pilsen-North,Pilsen,CZ
1160,1337443,Rio Arriba,Rio Arriba,New Mexico,US
1161,1337444,Clay,Clay,Texas,US
1162,1337465,Baylor,Baylor,Texas,US
1163,1337466,Sandoval,Sandoval,New Mexico,US
1164,1337581,Jefferson,Jefferson,Ohio,US
1165,1337584,Jefferson,Jefferson,Ohio,US
1166,1337586,Grundy/Will,Grundy/Will,Illinois,US
1167,1337587,Baylor,Baylor,Texas,US
1168,1337590,Baylor/Willbarger,Baylor/Willbarger,Texas,US
1169,1337697,Bad Kreuznach,Bad Kreuznach,Rhineland-Pfalz,DE
1170,1337750,Donnersbergkreis district,Donnersbergkreis district,Rhineland-Pflaz,DE
1171,1337842,Grundy/Will,Grundy/Will,Illinois,US
1172,1337843,Grundy/Will,Grundy/Will,Illinois,US
1173,1338005,Knyazhpogostskii,Knyazhpogostskii,Komi Republic,RU
1174,1338117,Baylor,Baylor,Texas,US
1175,1338135,Seminole,Seminole,Oklahoma,US
1176,1338152,Nemaha,Nemaha,Nebraska,US
1177,1338164,Allier,,Allier,FR
1178,1338165,Pilsen-North,Pilsen-North,Pilsen,CZ
1179,1338177,Jefferson,Jefferson,Ohio,US
1180,1338178,Jefferson,Jefferson,Ohio,US
1181,1338179,Jefferson,Jefferson,Ohio,US
1182,1338180,Archer,Archer,Texas,US
1183,1338181,Archer,Archer,Texas,US
1184,1338182,Brown,Brown,Kansas,US
1185,1338183,Jefferson,Jefferson,Ohio,US
1186,1338184,Jefferson,Jefferson,Ohio,US
1187,1338186,Belebei,Belebei,Bashkortostan,RU
1188,1338187,Jefferson,Jefferson,Ohio,US
1189,1338188,Plze-North District,Plze-North District,Plze Region,CZ
1190,1338190,Pilsen-North,Pilsen-North,Pilsen,CZ
1191,1338212,Komi Republic,,Komi Republic,RU
1192,1338213,Inta,Inta,Komi,RU
1193,1338223,,,,PL
1194,1338234,Rakovnik,,Rakovnik,CZ
1195,1338240,Saone et Loire,,Saone et Loire,FR
1196,1338314,Saone et Laoire,,Saone et Laoire,FR
1197,1338315,Saone et Laoire,,Saone et Laoire,FR
1198,1338316,Saone et Loire,,Saone et Loire,FR
1199,1338317,Suhl,Suhl,Thuringia,DE
1200,1338318,Archer,Archer,Texas,US
1201,1338507,Emsetal,Emsetal,Thuringia,DE
1202,1338510,Thuringia,,Thuringia,DE
1203,1338514,Thuringia,,Thuringia,DE
1204,1338517,Boheme,,Boheme,CZ
1205,1338519,Emsetal,Emsetal,Thuringia,DE
1206,1338520,Thuringia,,Thuringia,DE
1207,1338551,Thuringer Wald,,Thuringer Wald,DE
1208,1338552,Thuringer Wald,,Thuringer Wald,DE
1209,1338553,Thuringia,,Thuringia,DE
1210,1338554,Thuringia,,Thuringia,DE
1211,1338555,Boheme,,Boheme,CZ
1212,1338556,,,,CZ
1213,1338557,Saxony,,Saxony,DE
1214,1338558,Bad Kreuznach,Bad Kreuznach,Rhineland-Palatine,DE
1215,1338559,Kaiserslautern,Kaiserslautern,Rhineland-Palatinate,DE
1216,1338565,Semily District,Semily District,Liberec Region,CZ
1217,1338566,Thuringia,,Thuringia,DE
1218,1338566,Thuringia,,Thuringia,DE
1219,1338566,Thuringia,,Thuringia,DE
1220,1338570,Allier,Allier,,FR
1221,1338612,,,,CZ
1222,1338613,Thuringia,,Thuringia,DE
1223,1338614,Saone et Laoire,,Saone et Laoire,FR
1224,1338615,Emsetal,Emsetal,Thuringia,DE
1225,1338616,Bockelwitz,Bockelwitz,Mittelsachsen,DE
1226,1338617,Thuringia,,Thuringia,DE
1227,1338618,Thuringia,,Thuringia,DE
1228,1338619,Bad Kreuznach,Bad Kreuznach,Rhineland-Palatine,DE
1229,1338620,Kaiserslautern,Kaiserslautern,Rhineland-Palatinate,DE
1230,1338621,Kusel district,Kusel district,Rhineland-Palatinate,DE
1231,1338622,Rhineland-Palatine,,Rhineland-Palatine,DE
1232,1338623,Rhineland-Palatine,,Rhineland-Palatine,DE
1233,1338624,Rhineland-Palatine,,Rhineland-Palatine,DE
1234,1338625,Kaiserslautern,Kaiserslautern,Rhineland-Palatinate,DE
1235,1338626,Bad Kreuznach,Bad Kreuznach,Rhineland-Palatine,DE
1236,1338627,Kusel district,Kusel district,Rhineland-Palatinate,DE
1237,1338628,Bad Kreuznach,Bad Kreuznach,Rhineland-Palatine,DE
1238,1338629,Saone et Loire,,Saone et Loire,FR
1239,1338630,Saone-et-Loire,Saone-et-Loire,Burgundy,FR
1240,1338631,Bad Kreuznach,Bad Kreuznach,Rhineland-Palatine,DE
1241,1338632,Kusel,Kusel,Rhineland-Palatinate,DE
1242,1338633,Kusel,Kusel,Rhineland-Palatine,DE
1243,1338634,Rhineland-Palatine,,Rhineland-Palatine,DE
1244,1338636,Schwabisch Hall,Schwabisch Hall,Baden-Wurttemberg,DE
1245,1338643,Timon,Timon,Maranhao,BR
1246,1338644,Nazaria,Nazaria,Piaui,BR
1247,1338645,Nazaria,Nazaria,Piaui,BR
1248,1338759,Donnersbergkreis,Donnersbergkreis,Rhineland-Palatine,DE
1249,1338761,Donnersbergkreis ,Donnersbergkreis ,Rhineland-Palatine,DE
1250,1338762,Kashmir,,Kashmir,IN
1251,1338763,,,,IN
1252,1338764,Rhineland-Palatine,,Rhineland-Palatine,DE
1253,1338765,Bad Kreuznach,Bad Kreuznach,Rhineland-Palatine,DE
1254,1338766,Rhineland-Palatine,,Rhineland-Palatine,DE
1255,1338767,Kusel,Kusel,Rhineland-Palatine,DE
1256,1338768,Rhineland-Palatine,,Rhineland-Palatine,DE
1257,1338769,Rhineland-Palatine,,Rhineland-Palatine,DE
1258,1338770,Kaiserslautern,Kaiserslautern,Rhineland-Palatinate,DE
1259,1338771,Bad Kreuznach,Bad Kreuznach,Rhineland-Palatine,DE
1260,1338793,,,,CZ
1261,1338794,Gotha,Gotha,Thuringia,DE
1262,1338795,Thuringia,,Thuringia,DE
1263,1338796,Kusel,Kusel,Rhineland-Palatine,DE
1264,1338809,Suhl,Suhl,Thuringia,DE
1265,1338861,Bad Kreuznach,Bad Kreuznach,Rhineland-Palatine,DE
1266,1338862,Bad Kreuznach,Bad Kreuznach,Rhineland-Palatine,DE
1267,1338863,Bad Kreuznach,Bad Kreuznach,Rhineland-Palatine,DE
1268,1338871,Kusel district,Kusel district,Rhineland-Palatinate,DE
1269,1338872,Rhineland-Pfalz,,Rhineland-Pfalz,DE
1270,1338873,Rhineland-Pfalz,,Rhineland-Pfalz,DE
1271,1338874,Bad Kreuznach,Bad Kreuznach,Rhineland-Palatine,DE
1272,1338875,Bad Kreuznach,Bad Kreuznach,Rhineland-Palatine,DE
1273,1338876,Kusel,Kusel,Rhineland-Palatine,DE
1274,1338878,Kusel,Kusel,Rhineland-Palatine,DE
1275,1338879,Bad Kreuznach,Bad Kreuznach,Rhineland-Palatine,DE
1276,1338880,Bad Kreuznach,Bad Kreuznach,Rhineland-Palatine,DE
1277,1338881,Kusel,Kusel,Rhineland-Palatine,DE
1278,1338882,Bad Kreuznach,Bad Kreuznach,Rhineland-Palatinate,DE
1279,1338883,Saarland,,Saarland,DE
1280,1338885,Saarland,,Saarland,DE
1281,1338886,Boheme,,Boheme,CZ
1282,1338887,,,,CZ
1283,1338890,Saarlouis,Saarlouis,Saarland,DE
1284,1338891,Rhineland-Palatinate,,Rhineland-Palatinate,DE
1285,1338892,Kusel,Kusel,Rhineland-Palatinate,DE
1286,1338896,Jammu and Kashmir,,Jammu and Kashmir,IN
1287,1338897,Kashmir,,Kashmir,IN
1288,1338898,Kashmir,,Kashmir,IN
1289,1338900,Kusel district,Kusel district,Rhineland-Palatinate,DE
1290,1338901,Saarland,,Saarland,DE
1291,1338902,Kusel district,Kusel district,Rhineland-Palatinate,DE
1292,1338909,Bad Kreuznach,Bad Kreuznach,Rhineland-Palatine,DE
1293,1338910,Saarland,,Saarland,DE
1294,1338912,Rhineland-Palatinate,,Rhineland-Palatinate,DE
1295,1339746,Rio Arriba,Rio Arriba,New Mexico,US
1296,1339749,Allegheny,Allegheny,Pennsylvania,US
1297,1339752,Rio Arriba,Rio Arriba,New Mexico,US
1298,1339753,Rio Arriba,Rio Arriba,New Mexico,US
1299,1339757,Rio Arriba,Rio Arriba,New Mexico,US
1300,1339758,Rio Arriba,Rio Arriba,New Mexico,US
1301,1339765,Rio Arriba,Rio Arriba,New Mexico,US
1302,1339766,Texas,,Texas,US
1303,1339767,Baylor/Willbarger,Baylor/Willbarger,Texas,US
1304,1339768,Ohio,Ohio,West Virginia,US
1305,1339769,Ohio,Ohio,West Virginia,US
1306,1339841,Allegheny,Allegheny,Pennsylvania,US
1307,1339842,Allegheny,Allegheny,Pennsylvania,US
1308,1339893,Rio Arriba,Rio Arriba,New Mexico,US
1309,1339901,Ohio,Ohio,West Virginia,US
1310,1339930,Sandoval,Sandoval,New Mexico,US
1311,1339931,Sandoval,Sandoval,New Mexico,US
1312,1339932,Sandoval,Sandoval,New Mexico,US
1313,1339933,Sandoval,Sandoval,New Mexico,US
1314,1339934,Sandoval,Sandoval,New Mexico,US
1315,1339947,Rio Arriba,Rio Arriba,New Mexico,US
1316,1339948,Rio Arriba,Rio Arriba,New Mexico,US
1317,1339949,Rio Arriba,Rio Arriba,New Mexico,US
1318,1339957,Archer,Archer,Texas,US
1319,1339958,Archer,Archer,Texas,US
1320,1339959,Archer,Archer,Texas,US
1321,1339963,Archer,Archer,Texas,US
1322,1339969,Wabaunsee,Wabaunsee,Kansas,US
1323,1340014,Cibola,Cibola,New Mexico,US
1324,1340027,Grant,Grant,Oklahoma,US
1325,1340028,Grant,Grant,Oklahoma,US
1326,1340038,Jefferson,Jefferson,Oklahoma,US
1327,1340039,Jefferson,Jefferson,Oklahoma,US
1328,1340050,Knox,Knox,Texas,US
1329,1340518,Rio Arriba,Rio Arriba,New Mexico,US
1330,1340530,Socorro,Socorro,New Mexico,US
1331,1340531,Socorro,Socorro,New Mexico,US
1332,1340535,Socorro,Socorro,New Mexico,US
1333,1340538,San Miguel,San Miguel,New Mexico,US
1334,1340539,San Miguel,San Miguel,New Mexico,US
1335,1340546,Otero,Otero,New Mexico,US
1336,1340547,Otero,Otero,New Mexico,US
1337,1340553,Sierra,Sierra,New Mexico,US
1338,1340557,Socorro,Socorro,New Mexico,US
1339,1340559,Socorro,Socorro,New Mexico,US
1340,1340562,Monroe,Monroe,Ohio,US
1341,1340563,Texas,,Texas,US
1342,1340709,Gotha District,Gotha District,Thuringia,DE
1343,1340709,Gotha District,Gotha District,Thuringia,DE
1344,1340709,Gotha District,Gotha District,Thuringia,DE
1345,1340709,Gotha District,Gotha District,Thuringia,DE
1346,1340709,Gotha District,Gotha District,Thuringia,DE
1347,1340709,Gotha District,Gotha District,Thuringia,DE
1348,1340709,Gotha District,Gotha District,Thuringia,DE
1349,1340709,Gotha District,Gotha District,Thuringia,DE
1350,1340709,Gotha District,Gotha District,Thuringia,DE
1351,1340709,Gotha District,Gotha District,Thuringia,DE
1352,1340709,Gotha District,Gotha District,Thuringia,DE
1353,1340709,Gotha District,Gotha District,Thuringia,DE
1354,1340709,Gotha District,Gotha District,Thuringia,DE
1355,1340709,Gotha District,Gotha District,Thuringia,DE
1356,1340709,Gotha District,Gotha District,Thuringia,DE
1357,1340709,Gotha District,Gotha District,Thuringia,DE
1358,1340709,Gotha District,Gotha District,Thuringia,DE
1359,1340709,Gotha District,Gotha District,Thuringia,DE
1360,1340709,Gotha District,Gotha District,Thuringia,DE
1361,1340709,Gotha District,Gotha District,Thuringia,DE
1362,1340709,Gotha District,Gotha District,Thuringia,DE
1363,1340709,Gotha District,Gotha District,Thuringia,DE
1364,1340709,Gotha District,Gotha District,Thuringia,DE
1365,1340709,Gotha District,Gotha District,Thuringia,DE
1366,1340709,Gotha District,Gotha District,Thuringia,DE
1367,1340709,Gotha District,Gotha District,Thuringia,DE
1368,1340709,Gotha District,Gotha District,Thuringia,DE
1369,1340709,Gotha District,Gotha District,Thuringia,DE
1370,1340709,Gotha District,Gotha District,Thuringia,DE
1371,1340709,Gotha District,Gotha District,Thuringia,DE
1372,1340709,Gotha District,Gotha District,Thuringia,DE
1373,1340709,Gotha District,Gotha District,Thuringia,DE
1374,1340709,Gotha District,Gotha District,Thuringia,DE
1375,1340709,Gotha District,Gotha District,Thuringia,DE
1376,1340709,Gotha District,Gotha District,Thuringia,DE
1377,1340709,Gotha District,Gotha District,Thuringia,DE
1378,1340709,Gotha District,Gotha District,Thuringia,DE
1379,1340709,Gotha District,Gotha District,Thuringia,DE
1380,1340709,Gotha District,Gotha District,Thuringia,DE
1381,1340709,Gotha District,Gotha District,Thuringia,DE
1382,1340709,Gotha District,Gotha District,Thuringia,DE
1383,1340709,Gotha District,Gotha District,Thuringia,DE
1384,1340709,Gotha District,Gotha District,Thuringia,DE
1385,1340709,Gotha District,Gotha District,Thuringia,DE
1386,1340709,Gotha District,Gotha District,Thuringia,DE
1387,1340709,Gotha District,Gotha District,Thuringia,DE
1388,1340709,Gotha District,Gotha District,Thuringia,DE
1389,1340709,Gotha District,Gotha District,Thuringia,DE
1390,1340709,Gotha District,Gotha District,Thuringia,DE
1391,1340709,Gotha District,Gotha District,Thuringia,DE
1392,1340709,Gotha District,Gotha District,Thuringia,DE
1393,1340709,Gotha District,Gotha District,Thuringia,DE
1394,1340709,Gotha District,Gotha District,Thuringia,DE
1395,1340709,Gotha District,Gotha District,Thuringia,DE
1396,1340709,Gotha District,Gotha District,Thuringia,DE
1397,1340709,Gotha District,Gotha District,Thuringia,DE
1398,1340709,Gotha District,Gotha District,Thuringia,DE
1399,1340709,Gotha District,Gotha District,Thuringia,DE
1400,1340709,Gotha District,Gotha District,Thuringia,DE
1401,1340709,Gotha District,Gotha District,Thuringia,DE
1402,1340709,Gotha District,Gotha District,Thuringia,DE
1403,1340709,Gotha District,Gotha District,Thuringia,DE
1404,1340709,Gotha District,Gotha District,Thuringia,DE
1405,1340709,Gotha District,Gotha District,Thuringia,DE
1406,1340709,Gotha District,Gotha District,Thuringia,DE
1407,1340709,Gotha District,Gotha District,Thuringia,DE
1408,1340709,Gotha District,Gotha District,Thuringia,DE
1409,1340709,Gotha District,Gotha District,Thuringia,DE
1410,1340709,Gotha District,Gotha District,Thuringia,DE
1411,1340709,Gotha District,Gotha District,Thuringia,DE
1412,1340709,Gotha District,Gotha District,Thuringia,DE
1413,1340709,Gotha District,Gotha District,Thuringia,DE
1414,1340709,Gotha District,Gotha District,Thuringia,DE
1415,1340709,Gotha District,Gotha District,Thuringia,DE
1416,1340709,Gotha District,Gotha District,Thuringia,DE
1417,1340709,Gotha District,Gotha District,Thuringia,DE
1418,1340709,Gotha District,Gotha District,Thuringia,DE
1419,1340709,Gotha District,Gotha District,Thuringia,DE
1420,1340709,Gotha District,Gotha District,Thuringia,DE
1421,1340709,Gotha District,Gotha District,Thuringia,DE
1422,1340709,Gotha District,Gotha District,Thuringia,DE
1423,1340709,Gotha District,Gotha District,Thuringia,DE
1424,1340709,Gotha District,Gotha District,Thuringia,DE
1425,1340709,Gotha District,Gotha District,Thuringia,DE
1426,1340709,Gotha District,Gotha District,Thuringia,DE
1427,1340709,Gotha District,Gotha District,Thuringia,DE
1428,1340709,Gotha District,Gotha District,Thuringia,DE
1429,1340709,Gotha District,Gotha District,Thuringia,DE
1430,1340709,Gotha District,Gotha District,Thuringia,DE
1431,1340709,Gotha District,Gotha District,Thuringia,DE
1432,1340709,Gotha District,Gotha District,Thuringia,DE
1433,1340709,Gotha District,Gotha District,Thuringia,DE
1434,1340709,Gotha District,Gotha District,Thuringia,DE
1435,1340709,Gotha District,Gotha District,Thuringia,DE
1436,1340709,Gotha District,Gotha District,Thuringia,DE
1437,1340709,Gotha District,Gotha District,Thuringia,DE
1438,1340709,Gotha District,Gotha District,Thuringia,DE
1439,1340709,Gotha District,Gotha District,Thuringia,DE
1440,1340709,Gotha District,Gotha District,Thuringia,DE
1441,1340709,Gotha District,Gotha District,Thuringia,DE
1442,1340709,Gotha District,Gotha District,Thuringia,DE
1443,1340709,Gotha District,Gotha District,Thuringia,DE
1444,1340709,Gotha District,Gotha District,Thuringia,DE
1445,1340709,Gotha District,Gotha District,Thuringia,DE
1446,1340709,Gotha District,Gotha District,Thuringia,DE
1447,1340709,Gotha District,Gotha District,Thuringia,DE
1448,1340709,Gotha District,Gotha District,Thuringia,DE
1449,1340709,Gotha District,Gotha District,Thuringia,DE
1450,1340709,Gotha District,Gotha District,Thuringia,DE
1451,1340709,Gotha District,Gotha District,Thuringia,DE
1452,1340709,Gotha District,Gotha District,Thuringia,DE
1453,1340709,Gotha District,Gotha District,Thuringia,DE
1454,1340709,Gotha District,Gotha District,Thuringia,DE
1455,1340709,Gotha District,Gotha District,Thuringia,DE
1456,1340709,Gotha District,Gotha District,Thuringia,DE
1457,1340709,Gotha District,Gotha District,Thuringia,DE
1458,1340709,Gotha District,Gotha District,Thuringia,DE
1459,1340709,Gotha District,Gotha District,Thuringia,DE
1460,1340709,Gotha District,Gotha District,Thuringia,DE
1461,1340709,Gotha District,Gotha District,Thuringia,DE
1462,1340709,Gotha District,Gotha District,Thuringia,DE
1463,1340709,Gotha District,Gotha District,Thuringia,DE
1464,1340709,Gotha District,Gotha District,Thuringia,DE
1465,1340709,Gotha District,Gotha District,Thuringia,DE
1466,1340709,Gotha District,Gotha District,Thuringia,DE
1467,1340709,Gotha District,Gotha District,Thuringia,DE
1468,1340709,Gotha District,Gotha District,Thuringia,DE
1469,1340709,Gotha District,Gotha District,Thuringia,DE
1470,1340709,Gotha District,Gotha District,Thuringia,DE
1471,1340709,Gotha District,Gotha District,Thuringia,DE
1472,1340709,Gotha District,Gotha District,Thuringia,DE
1473,1340709,Gotha District,Gotha District,Thuringia,DE
1474,1340709,Gotha District,Gotha District,Thuringia,DE
1475,1340709,Gotha District,Gotha District,Thuringia,DE
1476,1340709,Gotha District,Gotha District,Thuringia,DE
1477,1340709,Gotha District,Gotha District,Thuringia,DE
1478,1340709,Gotha District,Gotha District,Thuringia,DE
1479,1340709,Gotha District,Gotha District,Thuringia,DE
1480,1340709,Gotha District,Gotha District,Thuringia,DE
1481,1340709,Gotha District,Gotha District,Thuringia,DE
1482,1340709,Gotha District,Gotha District,Thuringia,DE
1483,1340709,Gotha District,Gotha District,Thuringia,DE
1484,1340709,Gotha District,Gotha District,Thuringia,DE
1485,1340709,Gotha District,Gotha District,Thuringia,DE
1486,1340709,Gotha District,Gotha District,Thuringia,DE
1487,1340709,Gotha District,Gotha District,Thuringia,DE
1488,1340709,Gotha District,Gotha District,Thuringia,DE
1489,1340709,Gotha District,Gotha District,Thuringia,DE
1490,1340709,Gotha District,Gotha District,Thuringia,DE
1491,1340709,Gotha District,Gotha District,Thuringia,DE
1492,1340709,Gotha District,Gotha District,Thuringia,DE
1493,1340709,Gotha District,Gotha District,Thuringia,DE
1494,1340709,Gotha District,Gotha District,Thuringia,DE
1495,1340709,Gotha District,Gotha District,Thuringia,DE
1496,1340709,Gotha District,Gotha District,Thuringia,DE
1497,1340709,Gotha District,Gotha District,Thuringia,DE
1498,1340709,Gotha District,Gotha District,Thuringia,DE
1499,1340709,Gotha District,Gotha District,Thuringia,DE
1500,1340709,Gotha District,Gotha District,Thuringia,DE
1501,1340709,Gotha District,Gotha District,Thuringia,DE
1502,1340709,Gotha District,Gotha District,Thuringia,DE
1503,1340709,Gotha District,Gotha District,Thuringia,DE
1504,1340709,Gotha District,Gotha District,Thuringia,DE
1505,1340709,Gotha District,Gotha District,Thuringia,DE
1506,1340709,Gotha District,Gotha District,Thuringia,DE
1507,1340709,Gotha District,Gotha District,Thuringia,DE
1508,1340709,Gotha District,Gotha District,Thuringia,DE
1509,1340709,Gotha District,Gotha District,Thuringia,DE
1510,1340709,Gotha District,Gotha District,Thuringia,DE
1511,1340709,Gotha District,Gotha District,Thuringia,DE
1512,1340709,Gotha District,Gotha District,Thuringia,DE
1513,1340709,Gotha District,Gotha District,Thuringia,DE
1514,1340709,Gotha District,Gotha District,Thuringia,DE
1515,1340709,Gotha District,Gotha District,Thuringia,DE
1516,1340709,Gotha District,Gotha District,Thuringia,DE
1517,1340709,Gotha District,Gotha District,Thuringia,DE
1518,1340709,Gotha District,Gotha District,Thuringia,DE
1519,1340709,Gotha District,Gotha District,Thuringia,DE
1520,1340709,Gotha District,Gotha District,Thuringia,DE
1521,1340709,Gotha District,Gotha District,Thuringia,DE
1522,1340709,Gotha District,Gotha District,Thuringia,DE
1523,1340709,Gotha District,Gotha District,Thuringia,DE
1524,1340709,Gotha District,Gotha District,Thuringia,DE
1525,1340709,Gotha District,Gotha District,Thuringia,DE
1526,1340709,Gotha District,Gotha District,Thuringia,DE
1527,1340709,Gotha District,Gotha District,Thuringia,DE
1528,1340709,Gotha District,Gotha District,Thuringia,DE
1529,1340709,Gotha District,Gotha District,Thuringia,DE
1530,1340709,Gotha District,Gotha District,Thuringia,DE
1531,1340709,Gotha District,Gotha District,Thuringia,DE
1532,1340709,Gotha District,Gotha District,Thuringia,DE
1533,1340709,Gotha District,Gotha District,Thuringia,DE
1534,1340709,Gotha District,Gotha District,Thuringia,DE
1535,1340709,Gotha District,Gotha District,Thuringia,DE
1536,1340709,Gotha District,Gotha District,Thuringia,DE
1537,1340709,Gotha District,Gotha District,Thuringia,DE
1538,1340709,Gotha District,Gotha District,Thuringia,DE
1539,1340709,Gotha District,Gotha District,Thuringia,DE
1540,1340709,Gotha District,Gotha District,Thuringia,DE
1541,1340709,Gotha District,Gotha District,Thuringia,DE
1542,1340709,Gotha District,Gotha District,Thuringia,DE
1543,1340709,Gotha District,Gotha District,Thuringia,DE
1544,1340709,Gotha District,Gotha District,Thuringia,DE
1545,1340709,Gotha District,Gotha District,Thuringia,DE
1546,1340709,Gotha District,Gotha District,Thuringia,DE
1547,1340709,Gotha District,Gotha District,Thuringia,DE
1548,1340709,Gotha District,Gotha District,Thuringia,DE
1549,1340709,Gotha District,Gotha District,Thuringia,DE
1550,1340709,Gotha District,Gotha District,Thuringia,DE
1551,1340709,Gotha District,Gotha District,Thuringia,DE
1552,1340709,Gotha District,Gotha District,Thuringia,DE
1553,1340709,Gotha District,Gotha District,Thuringia,DE
1554,1340709,Gotha District,Gotha District,Thuringia,DE
1555,1340709,Gotha District,Gotha District,Thuringia,DE
1556,1340709,Gotha District,Gotha District,Thuringia,DE
1557,1340709,Gotha District,Gotha District,Thuringia,DE
1558,1340709,Gotha District,Gotha District,Thuringia,DE
1559,1340709,Gotha District,Gotha District,Thuringia,DE
1560,1340709,Gotha District,Gotha District,Thuringia,DE
1561,1340709,Gotha District,Gotha District,Thuringia,DE
1562,1340709,Gotha District,Gotha District,Thuringia,DE
1563,1340709,Gotha District,Gotha District,Thuringia,DE
1564,1340709,Gotha District,Gotha District,Thuringia,DE
1565,1340709,Gotha District,Gotha District,Thuringia,DE
1566,1340709,Gotha District,Gotha District,Thuringia,DE
1567,1340709,Gotha District,Gotha District,Thuringia,DE
1568,1340709,Gotha District,Gotha District,Thuringia,DE
1569,1340709,Gotha District,Gotha District,Thuringia,DE
1570,1340709,Gotha District,Gotha District,Thuringia,DE
1571,1340709,Gotha District,Gotha District,Thuringia,DE
1572,1340709,Gotha District,Gotha District,Thuringia,DE
1573,1340709,Gotha District,Gotha District,Thuringia,DE
1574,1340709,Gotha District,Gotha District,Thuringia,DE
1575,1340709,Gotha District,Gotha District,Thuringia,DE
1576,1340709,Gotha District,Gotha District,Thuringia,DE
1577,1340709,Gotha District,Gotha District,Thuringia,DE
1578,1340709,Gotha District,Gotha District,Thuringia,DE
1579,1340709,Gotha District,Gotha District,Thuringia,DE
1580,1340709,Gotha District,Gotha District,Thuringia,DE
1581,1340709,Gotha District,Gotha District,Thuringia,DE
1582,1340709,Gotha District,Gotha District,Thuringia,DE
1583,1340709,Gotha District,Gotha District,Thuringia,DE
1584,1340709,Gotha District,Gotha District,Thuringia,DE
1585,1340709,Gotha District,Gotha District,Thuringia,DE
1586,1340709,Gotha District,Gotha District,Thuringia,DE
1587,1340709,Gotha District,Gotha District,Thuringia,DE
1588,1340709,Gotha District,Gotha District,Thuringia,DE
1589,1340709,Gotha District,Gotha District,Thuringia,DE
1590,1340709,Gotha District,Gotha District,Thuringia,DE
1591,1340709,Gotha District,Gotha District,Thuringia,DE
1592,1340709,Gotha District,Gotha District,Thuringia,DE
1593,1340709,Gotha District,Gotha District,Thuringia,DE
1594,1340709,Gotha District,Gotha District,Thuringia,DE
1595,1340709,Gotha District,Gotha District,Thuringia,DE
1596,1340709,Gotha District,Gotha District,Thuringia,DE
1597,1340709,Gotha District,Gotha District,Thuringia,DE
1598,1340709,Gotha District,Gotha District,Thuringia,DE
1599,1340709,Gotha District,Gotha District,Thuringia,DE
1600,1340709,Gotha District,Gotha District,Thuringia,DE
1601,1340709,Gotha District,Gotha District,Thuringia,DE
1602,1340709,Gotha District,Gotha District,Thuringia,DE
1603,1340709,Gotha District,Gotha District,Thuringia,DE
1604,1340709,Gotha District,Gotha District,Thuringia,DE
1605,1340709,Gotha District,Gotha District,Thuringia,DE
1606,1340709,Gotha District,Gotha District,Thuringia,DE
1607,1340709,Gotha District,Gotha District,Thuringia,DE
1608,1340709,Gotha District,Gotha District,Thuringia,DE
1609,1340709,Gotha District,Gotha District,Thuringia,DE
1610,1340709,Gotha District,Gotha District,Thuringia,DE
1611,1340709,Gotha District,Gotha District,Thuringia,DE
1612,1340709,Gotha District,Gotha District,Thuringia,DE
1613,1340709,Gotha District,Gotha District,Thuringia,DE
1614,1340709,Gotha District,Gotha District,Thuringia,DE
1615,1340709,Gotha District,Gotha District,Thuringia,DE
1616,1340709,Gotha District,Gotha District,Thuringia,DE
1617,1340709,Gotha District,Gotha District,Thuringia,DE
1618,1340709,Gotha District,Gotha District,Thuringia,DE
1619,1340709,Gotha District,Gotha District,Thuringia,DE
1620,1340709,Gotha District,Gotha District,Thuringia,DE
1621,1340709,Gotha District,Gotha District,Thuringia,DE
1622,1340709,Gotha District,Gotha District,Thuringia,DE
1623,1340709,Gotha District,Gotha District,Thuringia,DE
1624,1340709,Gotha District,Gotha District,Thuringia,DE
1625,1340709,Gotha District,Gotha District,Thuringia,DE
1626,1340709,Gotha District,Gotha District,Thuringia,DE
1627,1340709,Gotha District,Gotha District,Thuringia,DE
1628,1340709,Gotha District,Gotha District,Thuringia,DE
1629,1340709,Gotha District,Gotha District,Thuringia,DE
1630,1340709,Gotha District,Gotha District,Thuringia,DE
1631,1340709,Gotha District,Gotha District,Thuringia,DE
1632,1340709,Gotha District,Gotha District,Thuringia,DE
1633,1340709,Gotha District,Gotha District,Thuringia,DE
1634,1340709,Gotha District,Gotha District,Thuringia,DE
1635,1340709,Gotha District,Gotha District,Thuringia,DE
1636,1340709,Gotha District,Gotha District,Thuringia,DE
1637,1340709,Gotha District,Gotha District,Thuringia,DE
1638,1340709,Gotha District,Gotha District,Thuringia,DE
1639,1340709,Gotha District,Gotha District,Thuringia,DE
1640,1340709,Gotha District,Gotha District,Thuringia,DE
1641,1340709,Gotha District,Gotha District,Thuringia,DE
1642,1340709,Gotha District,Gotha District,Thuringia,DE
1643,1340709,Gotha District,Gotha District,Thuringia,DE
1644,1340709,Gotha District,Gotha District,Thuringia,DE
1645,1340709,Gotha District,Gotha District,Thuringia,DE
1646,1340709,Gotha District,Gotha District,Thuringia,DE
1647,1340709,Gotha District,Gotha District,Thuringia,DE
1648,1340709,Gotha District,Gotha District,Thuringia,DE
1649,1340709,Gotha District,Gotha District,Thuringia,DE
1650,1340709,Gotha District,Gotha District,Thuringia,DE
1651,1340709,Gotha District,Gotha District,Thuringia,DE
1652,1340709,Gotha District,Gotha District,Thuringia,DE
1653,1340709,Gotha District,Gotha District,Thuringia,DE
1654,1340709,Gotha District,Gotha District,Thuringia,DE
1655,1340709,Gotha District,Gotha District,Thuringia,DE
1656,1340709,Gotha District,Gotha District,Thuringia,DE
1657,1340709,Gotha District,Gotha District,Thuringia,DE
1658,1340709,Gotha District,Gotha District,Thuringia,DE
1659,1340709,Gotha District,Gotha District,Thuringia,DE
1660,1340709,Gotha District,Gotha District,Thuringia,DE
1661,1340709,Gotha District,Gotha District,Thuringia,DE
1662,1340709,Gotha District,Gotha District,Thuringia,DE
1663,1340709,Gotha District,Gotha District,Thuringia,DE
1664,1340709,Gotha District,Gotha District,Thuringia,DE
1665,1340709,Gotha District,Gotha District,Thuringia,DE
1666,1340709,Gotha District,Gotha District,Thuringia,DE
1667,1340709,Gotha District,Gotha District,Thuringia,DE
1668,1340709,Gotha District,Gotha District,Thuringia,DE
1669,1340709,Gotha District,Gotha District,Thuringia,DE
1670,1340709,Gotha District,Gotha District,Thuringia,DE
1671,1340709,Gotha District,Gotha District,Thuringia,DE
1672,1340709,Gotha District,Gotha District,Thuringia,DE
1673,1340709,Gotha District,Gotha District,Thuringia,DE
1674,1340709,Gotha District,Gotha District,Thuringia,DE
1675,1340709,Gotha District,Gotha District,Thuringia,DE
1676,1340709,Gotha District,Gotha District,Thuringia,DE
1677,1340709,Gotha District,Gotha District,Thuringia,DE
1678,1340709,Gotha District,Gotha District,Thuringia,DE
1679,1340709,Gotha District,Gotha District,Thuringia,DE
1680,1340709,Gotha District,Gotha District,Thuringia,DE
1681,1340709,Gotha District,Gotha District,Thuringia,DE
1682,1340709,Gotha District,Gotha District,Thuringia,DE
1683,1340709,Gotha District,Gotha District,Thuringia,DE
1684,1340709,Gotha District,Gotha District,Thuringia,DE
1685,1340709,Gotha District,Gotha District,Thuringia,DE
1686,1340709,Gotha District,Gotha District,Thuringia,DE
1687,1340709,Gotha District,Gotha District,Thuringia,DE
1688,1340709,Gotha District,Gotha District,Thuringia,DE
1689,1340709,Gotha District,Gotha District,Thuringia,DE
1690,1340709,Gotha District,Gotha District,Thuringia,DE
1691,1340709,Gotha District,Gotha District,Thuringia,DE
1692,1340709,Gotha District,Gotha District,Thuringia,DE
1693,1340709,Gotha District,Gotha District,Thuringia,DE
1694,1340709,Gotha District,Gotha District,Thuringia,DE
1695,1340709,Gotha District,Gotha District,Thuringia,DE
1696,1340709,Gotha District,Gotha District,Thuringia,DE
1697,1340709,Gotha District,Gotha District,Thuringia,DE
1698,1340709,Gotha District,Gotha District,Thuringia,DE
1699,1340709,Gotha District,Gotha District,Thuringia,DE
1700,1340709,Gotha District,Gotha District,Thuringia,DE
1701,1340709,Gotha District,Gotha District,Thuringia,DE
1702,1340709,Gotha District,Gotha District,Thuringia,DE
1703,1340709,Gotha District,Gotha District,Thuringia,DE
1704,1340709,Gotha District,Gotha District,Thuringia,DE
1705,1340709,Gotha District,Gotha District,Thuringia,DE
1706,1340709,Gotha District,Gotha District,Thuringia,DE
1707,1340709,Gotha District,Gotha District,Thuringia,DE
1708,1340709,Gotha District,Gotha District,Thuringia,DE
1709,1340709,Gotha District,Gotha District,Thuringia,DE
1710,1340709,Gotha District,Gotha District,Thuringia,DE
1711,1340709,Gotha District,Gotha District,Thuringia,DE
1712,1340709,Gotha District,Gotha District,Thuringia,DE
1713,1340709,Gotha District,Gotha District,Thuringia,DE
1714,1340709,Gotha District,Gotha District,Thuringia,DE
1715,1340709,Gotha District,Gotha District,Thuringia,DE
1716,1340709,Gotha District,Gotha District,Thuringia,DE
1717,1340709,Gotha District,Gotha District,Thuringia,DE
1718,1340709,Gotha District,Gotha District,Thuringia,DE
1719,1340709,Gotha District,Gotha District,Thuringia,DE
1720,1340709,Gotha District,Gotha District,Thuringia,DE
1721,1340709,Gotha District,Gotha District,Thuringia,DE
1722,1340709,Gotha District,Gotha District,Thuringia,DE
1723,1340709,Gotha District,Gotha District,Thuringia,DE
1724,1340709,Gotha District,Gotha District,Thuringia,DE
1725,1340709,Gotha District,Gotha District,Thuringia,DE
1726,1340709,Gotha District,Gotha District,Thuringia,DE
1727,1340709,Gotha District,Gotha District,Thuringia,DE
1728,1340709,Gotha District,Gotha District,Thuringia,DE
1729,1340709,Gotha District,Gotha District,Thuringia,DE
1730,1340709,Gotha District,Gotha District,Thuringia,DE
1731,1340709,Gotha District,Gotha District,Thuringia,DE
1732,1340709,Gotha District,Gotha District,Thuringia,DE
1733,1340709,Gotha District,Gotha District,Thuringia,DE
1734,1340709,Gotha District,Gotha District,Thuringia,DE
1735,1340709,Gotha District,Gotha District,Thuringia,DE
1736,1340709,Gotha District,Gotha District,Thuringia,DE
1737,1340709,Gotha District,Gotha District,Thuringia,DE
1738,1340709,Gotha District,Gotha District,Thuringia,DE
1739,1340709,Gotha District,Gotha District,Thuringia,DE
1740,1340709,Gotha District,Gotha District,Thuringia,DE
1741,1340709,Gotha District,Gotha District,Thuringia,DE
1742,1340709,Gotha District,Gotha District,Thuringia,DE
1743,1340709,Gotha District,Gotha District,Thuringia,DE
1744,1340709,Gotha District,Gotha District,Thuringia,DE
1745,1340709,Gotha District,Gotha District,Thuringia,DE
1746,1340709,Gotha District,Gotha District,Thuringia,DE
1747,1340709,Gotha District,Gotha District,Thuringia,DE
1748,1340709,Gotha District,Gotha District,Thuringia,DE
1749,1340709,Gotha District,Gotha District,Thuringia,DE
1750,1340709,Gotha District,Gotha District,Thuringia,DE
1751,1340709,Gotha District,Gotha District,Thuringia,DE
1752,1340709,Gotha District,Gotha District,Thuringia,DE
1753,1340709,Gotha District,Gotha District,Thuringia,DE
1754,1340709,Gotha District,Gotha District,Thuringia,DE
1755,1340709,Gotha District,Gotha District,Thuringia,DE
1756,1340709,Gotha District,Gotha District,Thuringia,DE
1757,1340709,Gotha District,Gotha District,Thuringia,DE
1758,1340709,Gotha District,Gotha District,Thuringia,DE
1759,1340709,Gotha District,Gotha District,Thuringia,DE
1760,1340709,Gotha District,Gotha District,Thuringia,DE
1761,1340709,Gotha District,Gotha District,Thuringia,DE
1762,1340709,Gotha District,Gotha District,Thuringia,DE
1763,1340709,Gotha District,Gotha District,Thuringia,DE
1764,1340709,Gotha District,Gotha District,Thuringia,DE
1765,1340709,Gotha District,Gotha District,Thuringia,DE
1766,1340709,Gotha District,Gotha District,Thuringia,DE
1767,1340709,Gotha District,Gotha District,Thuringia,DE
1768,1340709,Gotha District,Gotha District,Thuringia,DE
1769,1340709,Gotha District,Gotha District,Thuringia,DE
1770,1340709,Gotha District,Gotha District,Thuringia,DE
1771,1340709,Gotha District,Gotha District,Thuringia,DE
1772,1340709,Gotha District,Gotha District,Thuringia,DE
1773,1340709,Gotha District,Gotha District,Thuringia,DE
1774,1340709,Gotha District,Gotha District,Thuringia,DE
1775,1340709,Gotha District,Gotha District,Thuringia,DE
1776,1340709,Gotha District,Gotha District,Thuringia,DE
1777,1340709,Gotha District,Gotha District,Thuringia,DE
1778,1340709,Gotha District,Gotha District,Thuringia,DE
1779,1340709,Gotha District,Gotha District,Thuringia,DE
1780,1340709,Gotha District,Gotha District,Thuringia,DE
1781,1340709,Gotha District,Gotha District,Thuringia,DE
1782,1340709,Gotha District,Gotha District,Thuringia,DE
1783,1340709,Gotha District,Gotha District,Thuringia,DE
1784,1340709,Gotha District,Gotha District,Thuringia,DE
1785,1340709,Gotha District,Gotha District,Thuringia,DE
1786,1340709,Gotha District,Gotha District,Thuringia,DE
1787,1340709,Gotha District,Gotha District,Thuringia,DE
1788,1340709,Gotha District,Gotha District,Thuringia,DE
1789,1340709,Gotha District,Gotha District,Thuringia,DE
1790,1340709,Gotha District,Gotha District,Thuringia,DE
1791,1340709,Gotha District,Gotha District,Thuringia,DE
1792,1340709,Gotha District,Gotha District,Thuringia,DE
1793,1340709,Gotha District,Gotha District,Thuringia,DE
1794,1340709,Gotha District,Gotha District,Thuringia,DE
1795,1340709,Gotha District,Gotha District,Thuringia,DE
1796,1340709,Gotha District,Gotha District,Thuringia,DE
1797,1340709,Gotha District,Gotha District,Thuringia,DE
1798,1340709,Gotha District,Gotha District,Thuringia,DE
1799,1340709,Gotha District,Gotha District,Thuringia,DE
1800,1340709,Gotha District,Gotha District,Thuringia,DE
1801,1340709,Gotha District,Gotha District,Thuringia,DE
1802,1340709,Gotha District,Gotha District,Thuringia,DE
1803,1340709,Gotha District,Gotha District,Thuringia,DE
1804,1340709,Gotha District,Gotha District,Thuringia,DE
1805,1340709,Gotha District,Gotha District,Thuringia,DE
1806,1340709,Gotha District,Gotha District,Thuringia,DE
1807,1340709,Gotha District,Gotha District,Thuringia,DE
1808,1340709,Gotha District,Gotha District,Thuringia,DE
1809,1340709,Gotha District,Gotha District,Thuringia,DE
1810,1340709,Gotha District,Gotha District,Thuringia,DE
1811,1340709,Gotha District,Gotha District,Thuringia,DE
1812,1340709,Gotha District,Gotha District,Thuringia,DE
1813,1340709,Gotha District,Gotha District,Thuringia,DE
1814,1340709,Gotha District,Gotha District,Thuringia,DE
1815,1340709,Gotha District,Gotha District,Thuringia,DE
1816,1340709,Gotha District,Gotha District,Thuringia,DE
1817,1340709,Gotha District,Gotha District,Thuringia,DE
1818,1340709,Gotha District,Gotha District,Thuringia,DE
1819,1340709,Gotha District,Gotha District,Thuringia,DE
1820,1340709,Gotha District,Gotha District,Thuringia,DE
1821,1340709,Gotha District,Gotha District,Thuringia,DE
1822,1340709,Gotha District,Gotha District,Thuringia,DE
1823,1340709,Gotha District,Gotha District,Thuringia,DE
1824,1340709,Gotha District,Gotha District,Thuringia,DE
1825,1340709,Gotha District,Gotha District,Thuringia,DE
1826,1340709,Gotha District,Gotha District,Thuringia,DE
1827,1340709,Gotha District,Gotha District,Thuringia,DE
1828,1340709,Gotha District,Gotha District,Thuringia,DE
1829,1340709,Gotha District,Gotha District,Thuringia,DE
1830,1340709,Gotha District,Gotha District,Thuringia,DE
1831,1340709,Gotha District,Gotha District,Thuringia,DE
1832,1340709,Gotha District,Gotha District,Thuringia,DE
1833,1340709,Gotha District,Gotha District,Thuringia,DE
1834,1340709,Gotha District,Gotha District,Thuringia,DE
1835,1340709,Gotha District,Gotha District,Thuringia,DE
1836,1340709,Gotha District,Gotha District,Thuringia,DE
1837,1340709,Gotha District,Gotha District,Thuringia,DE
1838,1340709,Gotha District,Gotha District,Thuringia,DE
1839,1340709,Gotha District,Gotha District,Thuringia,DE
1840,1340709,Gotha District,Gotha District,Thuringia,DE
1841,1340709,Gotha District,Gotha District,Thuringia,DE
1842,1340713,Thuringia,,Thuringia,DE
1843,1340714,Thuringia,,Thuringia,DE
1844,1340715,Thuringia,,Thuringia,DE
1845,1340716,Gotha District,Gotha District,Thuringia,DE
1846,1340717,Thuringia,,Thuringia,DE
1847,1341681,Allegheny,Allegheny,Pennsylvania,US
1848,1342750,Semily District,Semily District,Liberec Region,CZ
1849,1342751,Semily District,Semily District,Liberec Region,CZ
1850,1347764,Sao Joao do Polesine,Sao Joao do Polesine,Rio Grande do Sul,BR
1851,1354748,Tonshaevo,Tonshaevo,Nizhnii Novgorod,RU
1852,1354749,Vyaznikovskii,Vyaznikovskii,Vladimir,RU
1853,1354929,Vetluga,Vetluga,Nizhegorod,RU
1854,1355921,Free State,,Free State,ZA
1855,1357107,Santa Catarina ,,Santa Catarina ,BR
1856,1364550,Ortigueira,Ortigueira,Parana,BR
1857,1364551,Ortigueira,Ortigueira,Parana,BR
1858,1367333,Garfield,Garfield,Colorado,US
1859,1367334,Eagle,Eagle,Colorado,US
1860,1368853,Parana,,Parana,BR
1861,1368857,Sao Gabriel,Sao Gabriel,Rio Grande do Sul,BR
1862,1368861,Rio Grande do Sul,,Rio Grande do Sul,BR
1863,1368952,Prince Albert,Prince Albert,Western Cape,ZA
1864,1370351,,,,AT
1865,1371060,Belebei,Belebei,Bashkortostan,RU
1866,1371062,Orenburg,,Orenburg,RU
1867,1371067,Krasnogvardeiskii,Krasnogvardeiskii,Orenburg,RU
1868,1371939,Tatarstan,,Tatarstan,RU
1869,1371940,Knyazhpogostskii,Knyazhpogostskii,Komi Republic,RU
1870,1371960,Alnashskii,Alnashskii,Udmurtia,RU
1871,1371963,Alnashskii,Alnashskii,Udmurtia,RU
1872,1372663,Chastinsky district,Chastinsky district,Perm Krai,RU
1873,1372664,Ocher,Ocher,Perm,RU
1874,1374731,Ocher,Ocher,Perm,RU
1875,1374732,Ocher,Ocher,Perm,RU
1876,1374732,Ocher,Ocher,Perm,RU
1877,1375739,Ruvuma,,Ruvuma,TZ
1878,1375739,Ruvuma,,Ruvuma,TZ
1879,1381587,Apastovo,Apastovo,Tatarstan,RU
1880,1381598,Belebei,Belebei,Bashkortostan,RU
1881,1382082,Sorochinsk,Sorochinsk,Orenburg,RU
1882,1382089,Velikoustyugskii,Velikoustyugskii,Vologda,RU
1883,1382095,Velikii Ustyug,Velikii Ustyug,Vologda,RU
1884,1382104,Vyazniki,Vyazniki,Vladimir,RU
1885,1382832,Orenburg,,Orenburg,RU
1886,1382866,Buzulukskii,Buzulukskii,Orenburg,RU
1887,1382962,Sterlibashevo,Sterlibashevo,Bashkortostan,RU
1888,1382963,Kirov,,Kirov,RU
1889,1383088,Ust-Vymskii,Ust-Vymskii,Komi,RU
1890,1383089,Arkhangel'sk,,Arkhangel'sk,RU
1891,1383090,Kotlas,Kotlas,Arkhangelsk,RU
1892,1383091,Kotlas,Kotlas,Arkhangelsk,RU
1893,1383092,Kotlas,Kotlas,Arkhangelsk,RU
1894,1383093,Kotlas,Kotlas,Arkhangelsk,RU
1895,1383176,Baylor/Willbarger,Baylor/Willbarger,Texas,US
1896,1383177,Orenburg,,Orenburg,RU
1897,1383180,Orenburg,,Orenburg,RU
1898,1383181,Orenburg,,Orenburg,RU
1899,1383182,Orenburg,,Orenburg,RU
1900,1383184,,,,KZ
1901,1383185,,,,KZ
1902,1383186,,,,RU
1903,1383187,Arkhangel'sk,,Arkhangel'sk,RU
1904,1383188,Nagorsk,Nagorsk,Kirov,RU
1905,1383189,Bashkortostan,,Bashkortostan,RU
1906,1383193,Bulunsky,Bulunsky,Sakha Republic,RU
1907,1383409,Orenburg,,Orenburg,RU
1908,1389774,Meurthe-et-Moselle,Meurthe-et-Moselle,Grand Est,FR
1909,1393307,Beaufort West,Beaufort West,Western Cape,ZA
1910,1393310,Central Karoo,Central Karoo,Western Cape,ZA
1911,1393310,Central Karoo,Central Karoo,Western Cape,ZA
1912,1395191,Maranhao,,Maranhao,BR
1913,1395196,Mendoza,,Mendoza,AR
1914,1395197,Las Heras,Las Heras,Mendoza,AR
1915,1395198,Mendoza,,Mendoza,AR
1916,1395227,Orenburg,,Orenburg,RU
1917,1395235,Nizhny Novgorod,,Nizhny Novgorod,RU
1918,1395236,Orenburg,,Orenburg,RU
1919,1395249,Samara,,Samara,RU
1920,1395970,Songea,Songea,Ruvuma,TZ
1921,1395970,Songea,Songea,Ruvuma,TZ
1922,1395970,Songea,Songea,Ruvuma,TZ
1923,1395971,Cerro Largo,,Cerro Largo,UY
1924,1396073,Rio Grande do Sul,,Rio Grande do Sul,BR
1925,1396074,"Sieker,","Sieker,",North Rhine-Westphalia,DE
1926,1396075,,,,CZ
1927,1396076,Ambilobe,Ambilobe,Diana,MG
1928,1396077,Yuanan,Yuanan,Hubei,CN
1929,1412897,,,,PL
1930,1412898,Rybinsk,Rybinsk,Yaroslavl,RU
1931,1415671,Arizona,,Arizona,US
1932,1415764,Eastern Cape,,Eastern Cape,ZA
1933,1416046,Samara,,Samara,RU
1934,1416146,Samara,,Samara,RU
1935,1416151,Samara,,Samara,RU
1936,1416152,Orenburg,,Orenburg,RU
1937,1416153,Orenburg,,Orenburg,RU
1938,1416155,Orenburg,,Orenburg,RU
1939,1416156,Orenburg,,Orenburg,RU
1940,1416158,Akhtubinskii,Akhtubinskii,Astrakhan,RU
1941,1416159,Ust-Vymskii,Ust-Vymskii,Komi,RU
1942,1416182,Buzulukskij,,Buzulukskij,RU
1943,1416183,Samara,,Samara,RU
1944,1416184,Ivanovo,,Ivanovo,RU
1945,1416204,Rybinsk,Rybinsk,Yaroslavl,RU
1946,1416205,Orenburg,,Orenburg,RU
1947,1416206,Orenburg,,Orenburg,RU
1948,1416211,Orenburg,,Orenburg,RU
1949,1416212,Orenburg,,Orenburg,RU
1950,1416213,Borskii,Borskii,Samara,RU
1951,1416214,Orenburg,,Orenburg,RU
1952,1416217,Bashkortostan,,Bashkortostan,RU
1953,1416218,Bashkortostan,,Bashkortostan,RU
1954,1416220,Bashkortostan,,Bashkortostan,RU
1955,1416221,Bashkortostan,,Bashkortostan,RU
1956,1416223,Bashkortostan,,Bashkortostan,RU
1957,1416224,Bashkortostan,,Bashkortostan,RU
1958,1416226,Orenburg,,Orenburg,RU
1959,1416228,Orenburg,,Orenburg,RU
1960,1416229,Orenburg,,Orenburg,RU
1961,1416233,Orenburg,,Orenburg,RU
1962,1416236,Orenburg,,Orenburg,RU
1963,1416238,Orenburg,,Orenburg,RU
1964,1416240,Orenburg,,Orenburg,RU
1965,1416241,Orenburg,,Orenburg,RU
1966,1416242,Orenburg,,Orenburg,RU
1967,1416243,Orenburg,,Orenburg,RU
1968,1416244,Orenburg,,Orenburg,RU
1969,1416246,Orenburg,,Orenburg,RU
1970,1416247,Orenburg,,Orenburg,RU
1971,1416249,Orenburg,,Orenburg,RU
1972,1416251,Orenburg,,Orenburg,RU
1973,1416252,Orenburg,,Orenburg,RU
1974,1416253,Orenburg,,Orenburg,RU
1975,1416271,Sol'-Iletsk,Sol'-Iletsk,Orenburg,RU
1976,1416274,Sol'-Iletsk,Sol'-Iletsk,Orenburg,RU
1977,1416275,Sol'-Iletsk,Sol'-Iletsk,Orenburg,RU
1978,1416279,Orenburg,,Orenburg,RU
1979,1416281,Orenburg,,Orenburg,RU
1980,1416282,Orenburg,,Orenburg,RU
1981,1416284,Orenburg,,Orenburg,RU
1982,1416286,Orenburg,,Orenburg,RU
1983,1416290,Orenburg,,Orenburg,RU
1984,1416293,Orenburg,,Orenburg,RU
1985,1416294,Orenburg,,Orenburg,RU
1986,1416301,Orenburg,,Orenburg,RU
1987,1416303,Orenburg,,Orenburg,RU
1988,1416304,Orenburg,,Orenburg,RU
1989,1416306,Orenburg,,Orenburg,RU
1990,1416311,Orenburg,,Orenburg,RU
1991,1416313,Orenburg,,Orenburg,RU
1992,1416380,Orenburg,,Orenburg,RU
1993,1416382,Orenburg,,Orenburg,RU
1994,1416383,Orenburg,,Orenburg,RU
1995,1416398,Orenburg,,Orenburg,RU
1996,1416418,Orenburg,,Orenburg,RU
1997,1416419,Orenburg,,Orenburg,RU
1998,1416421,Orenburg,,Orenburg,RU
1999,1416422,Orenburg,,Orenburg,RU
2000,1416502,Orenburg,,Orenburg,RU
2001,1416506,Orenburg,,Orenburg,RU
2002,1416516,Belyaevka,Belyaevka,Orenburg,RU
2003,1416518,Belyaevka,Belyaevka,Orenburg,RU
2004,1416523,Orenburg,,Orenburg,RU
2005,1416525,Orenburg,,Orenburg,RU
2006,1416528,Orenburg,,Orenburg,RU
2007,1416529,Orenburg,,Orenburg,RU
2008,1416531,Totskoe,Totskoe,Orenburg,RU
2009,1416532,Totskoe,Totskoe,Orenburg,RU
2010,1416558,Totskoe,Totskoe,Orenburg,RU
2011,1416561,Totskoe,Totskoe,Orenburg,RU
2012,1416564,Totskoe,Totskoe,Orenburg,RU
2013,1416565,Totskoe,Totskoe,Orenburg,RU
2014,1416567,Orenburg,,Orenburg,RU
2015,1416568,Orenburg,,Orenburg,RU
2016,1416570,Orenburg,,Orenburg,RU
2017,1416572,Orenburg,,Orenburg,RU
2018,1417039,Orenburg,,Orenburg,RU
2019,1417041,Orenburg,,Orenburg,RU
2020,1417043,Orenburg,,Orenburg,RU
2021,1417048,Orenburg,,Orenburg,RU
2022,1417050,Orenburg,,Orenburg,RU
2023,1417053,Orenburg,,Orenburg,RU
2024,1417055,Orenburg,,Orenburg,RU
2025,1417056,Orenburg,,Orenburg,RU
2026,1417058,Orenburg,,Orenburg,RU
2027,1417059,Orenburg,,Orenburg,RU
2028,1417061,Orenburg,,Orenburg,RU
2029,1417063,Orenburg,,Orenburg,RU
2030,1417064,Orenburg,,Orenburg,RU
2031,1417071,Orenburg,,Orenburg,RU
2032,1417073,Orenburg,,Orenburg,RU
2033,1417075,Orenburg,,Orenburg,RU
2034,1417077,Orenburg,,Orenburg,RU
2035,1417079,Orenburg,,Orenburg,RU
2036,1417082,Orenburg,,Orenburg,RU
2037,1417083,Orenburg,,Orenburg,RU
2038,1417085,Orenburg,,Orenburg,RU
2039,1417086,Orenburg,,Orenburg,RU
2040,1417088,Orenburg,,Orenburg,RU
2041,1417096,Orenburg,,Orenburg,RU
2042,1417103,Orenburg,,Orenburg,RU
2043,1417150,Orenburg,,Orenburg,RU
2044,1417152,Orenburg,,Orenburg,RU
2045,1417156,Orenburg,,Orenburg,RU
2046,1417158,Orenburg,,Orenburg,RU
2047,1417159,Samara,,Samara,RU
2048,1417161,Samara,,Samara,RU
2049,1417162,Samara,,Samara,RU
2050,1417165,Samara,,Samara,RU
2051,1417166,Borskii,Borskii,Samara,RU
2052,1417167,Borskii,Borskii,Samara,RU
2053,1417169,Borskii,Borskii,Samara,RU
2054,1417170,Borskii,Borskii,Samara,RU
2055,1417173,Borskii,Borskii,Samara,RU
2056,1417174,Borskii,Borskii,Samara,RU
2057,1417179,Borskii,Borskii,Samara,RU
2058,1417180,Borskii,Borskii,Samara,RU
2059,1417192,Borskii,Borskii,Samara,RU
2060,1417193,Borskii,Borskii,Samara,RU
2061,1417197,Primorye,,Primorye,RU
2062,1417220,Orenburg,,Orenburg,RU
2063,1417245,Orenburg,,Orenburg,RU
2064,1417350,Orenburg,,Orenburg,RU
2065,1417386,Grachevskii,Grachevskii,Orenburg,RU
2066,1417829,Guadalupe,Guadalupe,New Mexico,US
2067,1418479,Potter,Potter,Texas,US
2068,1418491,Potter,Potter,Texas,US
2069,1418492,Potter,Potter,Texas,US
2070,1418497,Central Karoo,Central Karoo,Western Cape,ZA
2071,1418697,Ambilobe,Ambilobe,Diana,MG
2072,1418698,Ambilobe,Ambilobe,Diana,MG
2073,1418699,,,,MG
2074,1418701,Baden-Wurttemberg,,Baden-Wurttemberg,DE
2075,1419100,In Amenas,,In Amenas,DZ
2076,1419107,Salzlandkreis,Salzlandkreis,Sachsen-Anhalt,DE
2077,1419108,Salzlandkreis,Salzlandkreis,Sachsen-Anhalt,DE
2078,1419111,Ust-Vymskii,Ust-Vymskii,Komi,RU
2079,1419112,,,,KZ
2080,1419232,Prince Albert,Prince Albert,Western Cape,ZA
2081,1419233,Fraserburg,Fraserburg,Northern Cape,ZA
2082,1419234,Beaufort West,Beaufort West,Western Cape,ZA
2083,1419235,Free State,,Free State,ZA
2084,1419585,Schwabisch Hall,Schwabisch Hall,Baden-Wurttemberg,DE
2085,1419586,Erfurt,Erfurt,Thuringia,DE
2086,1419587,Hildburghausen,Hildburghausen,Thuringia,DE
2087,1419588,Thuringia,,Thuringia,DE
2088,1419589,Thuringen,,Thuringen,DE
2089,1419590,Thuringen,,Thuringen,DE
2090,1419591,Thuringen,,Thuringen,DE
2091,1419592,Thuringen,,Thuringen,DE
2092,1419593,Hildburghausen,Hildburghausen,Thuringia,DE
2093,1419594,Baden-Wurttemberg,,Baden-Wurttemberg,DE
2094,1419595,Meurthe-et-Moselle,Meurthe-et-Moselle,Grand Est,FR
2095,1419596,Thuringen,,Thuringen,DE
2096,1419597,Stuttgart,Stuttgart,Baden-Wurttemberg,DE
2097,1419611,Marrakech-Safi,,Marrakech-Safi,MA
2098,1419634,Schwarzwald,,Schwarzwald,DE
2099,1419635,Waldshut,Waldshut,Baden-Wurttemberg,DE
2100,1419641,Bavaria,,Bavaria,DE
2101,1419642,Schwabisch Hall,Schwabisch Hall,Baden-Wurttemberg,DE
2102,1419643,Schwabisch Hall,Schwabisch Hall,Baden-Wurttemberg,DE
2103,1419644,Schwabisch Hall,Schwabisch Hall,Baden-Wurttemberg,DE
2104,1419645,Baden-Wurttemberg,,Baden-Wurttemberg,DE
2105,1419646,Baden-Wurttemberg,,Baden-Wurttemberg,DE
2106,1419647,Calw,Calw,Baden-Wurttemberg,DE
2107,1419648,Freudenstadt,Freudenstadt,Baden-Wurttemberg,DE
2108,1419649,Baden-Wurttemberg,,Baden-Wurttemberg,DE
2109,1419650,Baden-Wurttemberg,,Baden-Wurttemberg,DE
2110,1419651,Stuttgart,Stuttgart,Baden-Wurttemberg,DE
2111,1419653,Sachsen-Anhalt,,Sachsen-Anhalt,DE
2112,1419842,Orenburg,,Orenburg,RU
2113,1420185,Arizona,,Arizona,US
2114,1420186,Eastern Cape,,Eastern Cape,ZA
2115,1420190,Free State,,Free State,ZA
2116,1423053,,,,RU
2117,1423589,Opolskie,,Opolskie,PL
2118,1423590,Opolskie,,Opolskie,PL
2119,1423607,Baden,Baden,Lower Austria,AT
2120,1423609,Arkhangel'sk,,Arkhangel'sk,RU
2121,1423614,Kostroma,,Kostroma,RU
2122,1423615,Nikolsk,Nikolsk,Vologda,RU
2123,1423616,Vosges,,Vosges,FR
2124,1423617,Bas-Rhin,,Bas-Rhin,FR
2125,1423618,Baden-Wurttemberg,,Baden-Wurttemberg,DE
2126,1423653,Valle Fertil,Valle Fertil,San Juan,AR
2127,1423654,Nordrhein-Westfalen,,Nordrhein-Westfalen,DE
2128,1423655,Arkhangel'sk,,Arkhangel'sk,RU
2129,1423663,Kirov,,Kirov,RU
2130,1423664,Weisseritzkreis,Weisseritzkreis,Saxony,DE
2131,1423665,Thuringia,,Thuringia,DE
2132,1424999,Archer,Archer,Texas,US
2133,1425011,Archer,Archer,Texas,US
2134,1425012,Archer,Archer,Texas,US
2135,1425271,Pilsen-North,Pilsen-North,Pilsen,CZ
2136,1425273,Boheme,,Boheme,CZ
2137,1425274,,,,CZ
2138,1425275,Pilsen-North,Pilsen-North,Pilsen,CZ
2139,1425276,Jefferson,Jefferson,Ohio,US
2140,1425279,South Moravia,,South Moravia,CZ
2141,1425280,Pilsen-North,Pilsen-North,Pilsen,CZ
2142,1425281,Pilsen-North,Pilsen-North,Pilsen,CZ
2143,1425282,Pilsen-North,Pilsen-North,Pilsen,CZ
2144,1425288,Pilsen-North,Pilsen-North,Pilsen,CZ
2145,1425289,Pilsen-North,Pilsen-North,Pilsen,CZ
2146,1425291,Pilsen-North,Pilsen-North,Pilsen,CZ
2147,1425294,Alleghany,Alleghany,Pennsylvania,US
2148,1428417,Prince Albert,Prince Albert,Western Cape,ZA
2149,1428991,Western Cape,,Western Cape,ZA
2150,1429155,Texas,,Texas,US
2151,1429156,Texas,,Texas,US
2152,1429175,Taylor,Taylor,Texas,US
2153,1475019,,,,MA
2154,1491277,Crosby,Crosby,Texas,US
2155,1491392,Clay,Clay,Texas,US
2156,1491648,Clay,Clay,Texas,US
2157,1491819,Clay,Clay,Texas,US
2158,1491824,Montague,Montague,Texas,US
2159,1494771,Shahdol,Shahdol,Madhya Pradesh,IN
2160,1494775,Shahdol,Shahdol,Madhya Pradesh,IN
2161,1494788,Shahdol,Shahdol,Madhya Pradesh,IN
2162,1517672,,,,SJ
2163,1535404,Greenwood County,Greenwood County,Kansas,US
2164,1535408,Greenwood County,Greenwood County,Kansas,US
2165,1545289,Comanche,Comanche,Oklahoma,US
2166,1545290,Comanche,Comanche,Oklahoma,US
2167,1545818,San Miguel,San Miguel,Colorado,US
2168,1545820,Bourgogne,,Bourgogne,FR
2169,1545821,Illinois,,Illinois,US
2170,1546518,Apache,Apache,Arizona,US
2171,1546563,Blaine,Blaine,Oklahoma,US
2172,1546564,Allier,,Allier,FR
2173,1546565,Allier,,Allier,FR
2174,1546686,,,,CZ
2175,1546691,Gotha District,Gotha District,Thuringia,DE
2176,1546692,Gotha District,Gotha District,Thuringia,DE
2177,1546693,Thuringia,,Thuringia,DE
2178,1546694,Thuringia,,Thuringia,DE
2179,1546695,Thuringia,,Thuringia,DE
2180,1546803,Garza,Garza,Texas,US
2181,1546983,Westphalia,,Westphalia,DE
2182,1547000,Utah,,Utah,US
2183,1547018,Cibola,Cibola,New Mexico,US
2184,1547077,Rio Arriba,Rio Arriba,New Mexico,US
2185,1547082,West Bengal,,West Bengal,IN
2186,1547083,Queensland,,Queensland,AU
2187,1547084,Queensland,,Queensland,AU
2188,1547197,Queensland,,Queensland,AU
2189,1547198,Nikolsky District,Nikolsky District,Vologda oblast,RU
2190,1558355,Bernalillo,Bernalillo,New Mexico,US
2191,1558912,Gelderland,,Gelderland,NL
2192,1561169,,,,AA
2193,1564214,Noble,Noble,Oklahoma,US
2194,1567343,Tillman,Tillman,Oklahoma,US
2195,1567353,Tillman,Tillman,Oklahoma,US
2196,1567369,Tillman,Tillman,Oklahoma,US
2197,1567370,Tillman,Tillman,Oklahoma,US
2198,1567371,Tillman,Tillman,Oklahoma,US
2199,1567392,Tillman,Tillman,Oklahoma,US
2200,1567393,Tillman,Tillman,Oklahoma,US
2201,1567394,Tillman,Tillman,Oklahoma,US
2202,1567399,Saarland,,Saarland,DE
2203,1576258,Marrakech-Safi,,Marrakech-Safi,MA
2204,1576259,Marrakech-Safi,,Marrakech-Safi,MA
2205,1576261,Marrakech-Safi,,Marrakech-Safi,MA
2206,1578935,Apache,Apache,Arizona,US
2207,1584331,Lebach/Saar,Lebach/Saar,Saarland,DE
2208,1589314,Rio Arriba,Rio Arriba,New Mexico,US
2209,1598132,,,,DE
2210,1626336,Arizona,,Arizona,US
2211,1639000,Bavaria,,Bavaria,DE
2212,1639001,Thuringia,,Thuringia,DE
2213,1639800,New South Wales,,New South Wales,AU
2214,1640636,Perm,,Perm,RU
2215,1640654,Samara,,Samara,RU
2216,1640655,Samara,,Samara,RU
2217,1640842,Krkonose,,Krkonose,CZ
2218,1640844,Krkonose,,Krkonose,CZ
2219,1640845,Krkonose,,Krkonose,CZ
2220,1640846,Krkonose,,Krkonose,CZ
2221,1640847,Krkonose,,Krkonose,CZ
2222,1642295,Kusel,Kusel,Rhineland-Palatinate,DE
2223,1642296,Kusel,Kusel,Rhineland-Palatinate,DE
2224,1643371,Liberec,,Liberec,CZ
2225,1643373,Liberec,,Liberec,CZ
2226,1643375,Liberec,,Liberec,CZ
2227,1643397,Liberec,,Liberec,CZ
2228,1643411,Liberec,,Liberec,CZ
2229,1646160,Vologda,,Vologda,RU
2230,1646173,Vologda,,Vologda,RU
2231,1646274,Vologda,,Vologda,RU
2232,1646560,Rybinsk,Rybinsk,Yaroslavl,RU
2233,N1,Sao Jeronimo da Serra,Sao Jeronimo da Serra,PR,BR
2234,N10,Pivetta,Pivetta,RS,BR
2235,N11,Pivetta,Pivetta,RS,BR
2236,N12,Serra do Cadeado,Serra do Cadeado,PR,BR
2237,N13,RS,-,RS,BR
2238,N14,Toroqua,Toroqua,RS,BR
2239,N2,Morro do Mulato,Morro do Mulato,PR,BR
2240,N3,Morro do Mulato,Morro do Mulato,PR,BR
2241,N4,Morro do Mulato,Morro do Mulato,PR,BR
2242,N5,Morro do Mulato,Morro do Mulato,PR,BR
2243,N6,Morro do Mulato,Morro do Mulato,PR,BR
2244,N7,Morro do Mulato,Morro do Mulato,PR,BR
2245,N8,Buriol,Buriol,RS,BR
2246,N9,Buriol,Buriol,RS,BR
