Locality,Taxon,MaxAge,MinAge,Area
New Mexico,Anconastes,305.9,298.9,1
Texas,Broiliellus,283.5,273.01,1
Texas,Broiliellus,298.9,286.1,1
Texas,Eryops,290.1,283.5,1
Texas,Aspidosaurus,290.1,283.5,1
Texas,Zatrachys,290.1,283.5,1
Texas,Trimerorhachis,290.1,283.5,1
Utah,Eryops,298.9,290.1,1
Utah,Platyhystrix,298.9,290.1,1
Texas,Rileymillerus,227.0,208.5,1
Texas,Apachesaurus,227.0,208.5,1
Oklahoma,Eryops,303.7,298.9,1
Texas,Eryops,298.9,286.1,1
Texas,Metoposaurus,237.0,208.5,1
Texas,Trimerorhachis,290.1,283.5,1
Texas,Eryops,290.1,283.5,1
New Mexico,Anaschisma,237.0,227.0,1
Texas,Trimerorhachis,283.5,273.01,1
Texas,Trimerorhachis,283.5,273.01,1
Texas,Trimerorhachis,283.5,273.01,1
Texas,Trimerorhachis,283.5,273.01,1
Texas,Trimerorhachis,283.5,273.01,1
Texas,Trimerorhachis,283.5,273.01,1
Texas,Trimerorhachis,283.5,273.01,1
Texas,Trimerorhachis,283.5,273.01,1
Texas,Trimerorhachis,283.5,273.01,1
Texas,Trimerorhachis,283.5,273.01,1
Texas,Trimerorhachis,283.5,273.01,1
Texas,Trimerorhachis,283.5,273.01,1
Texas,Trimerorhachis,283.5,273.01,1
Texas,Trimerorhachis,283.5,273.01,1
Texas,Trimerorhachis,283.5,273.01,1
Texas,Trimerorhachis,283.5,273.01,1
Texas,Trimerorhachis,283.5,273.01,1
Texas,Trimerorhachis,283.5,273.01,1
Texas,Trimerorhachis,283.5,273.01,1
Texas,Trimerorhachis,283.5,273.01,1
Texas,Trimerorhachis,283.5,273.01,1
Texas,Trimerorhachis,283.5,273.01,1
Texas,Trimerorhachis,283.5,273.01,1
Texas,Trimerorhachis,283.5,273.01,1
Texas,Trimerorhachis,283.5,273.01,1
Texas,Trimerorhachis,283.5,273.01,1
Texas,Trimerorhachis,283.5,273.01,1
Texas,Trimerorhachis,283.5,273.01,1
Texas,Trimerorhachis,283.5,273.01,1
Texas,Trimerorhachis,283.5,273.01,1
Texas,Trimerorhachis,283.5,273.01,1
Texas,Trimerorhachis,283.5,273.01,1
Texas,Parioxys,298.9,290.1,1
Texas,Acheloma,290.1,283.5,1
Texas,Parioxys,290.1,283.5,1
Texas,Dissorophus,283.5,273.01,1
Arizona,Anaschisma,227.0,208.5,1
Texas,Anaschisma,237.0,208.5,1
East Greenland,Gerrothorax,227.0,208.5,1
East Greenland,Cyclotosaurus,227.0,208.5,1
Kashmir,Lysipterygium,298.9,290.1,1
Kashmir,Kashmirosaurus,298.9,290.1,1
Oklahoma,Nannospondylus,273.01,264.28,1
Oklahoma,Fayella,273.01,264.28,1
Oklahoma,Fayella,273.01,264.28,1
New Mexico,Eryops,298.9,286.1,1
Texas,Eryops,293.52,290.1,1
Texas,Eryops,293.52,290.1,1
Texas,Eryops,293.52,290.1,1
Texas,Eryops,293.52,290.1,1
Texas,Zatrachys,293.52,290.1,1
Texas,Eryops,293.52,290.1,1
Texas,Eryops,293.52,290.1,1
Texas,Eryops,290.1,283.5,1
Texas,Trimerorhachis,290.1,283.5,1
Texas,Eryops,290.1,283.5,1
Texas,Eryops,290.1,283.5,1
Texas,Trimerorhachis,290.1,283.5,1
Texas,Parioxys,290.1,283.5,1
Texas,Eryops,290.1,283.5,1
Texas,Trimerorhachis,290.1,283.5,1
Texas,Eryops,290.1,283.5,1
Texas,Trimerorhachis,290.1,283.5,1
Texas,Eryops,290.1,283.5,1
Texas,Aspidosaurus,290.1,283.5,1
Texas,Trimerorhachis,290.1,283.5,1
Texas,Eryops,290.1,283.5,1
Texas,Eryops,290.1,283.5,1
Texas,Trimerorhachis,290.1,283.5,1
Texas,Tersomius,290.1,283.5,1
Texas,Eryops,290.1,283.5,1
Texas,Zatrachys,290.1,283.5,1
Texas,Trimerorhachis,290.1,283.5,1
Texas,Eryops,290.1,283.5,1
Texas,Aspidosaurus,290.1,283.5,1
Texas,Trimerorhachis,290.1,283.5,1
Texas,Eryops,290.1,283.5,1
Texas,Trimerorhachis,290.1,283.5,1
Texas,Eryops,290.1,283.5,1
Texas,Eryops,290.1,283.5,1
Texas,Eryops,290.1,273.01,1
Texas,Trimerorhachis,290.1,273.01,1
Texas,Broiliellus,290.1,273.01,1
Texas,Eryops,290.1,273.01,1
Texas,Broiliellus,290.1,273.01,1
Texas,Trimerorhachis,290.1,273.01,1
Texas,Eryops,283.5,273.01,1
Texas,Trimerorhachis,283.5,273.01,1
Texas,Eryops,290.1,273.01,1
Texas,Eryops,290.1,273.01,1
Texas,Eryops,290.1,273.01,1
Texas,Eryops,283.5,273.01,1
Texas,Dissorophus,283.5,273.01,1
Texas,Aspidosaurus,283.5,273.01,1
Texas,Dasyceps,283.5,273.01,1
Texas,Trimerorhachis,283.5,273.01,1
Texas,Eryops,283.5,273.01,1
Texas,Cacops,283.5,273.01,1
Texas,Trimerorhachis,283.5,273.01,1
Texas,Isodectes,283.5,273.01,1
Texas,Eryops,283.5,273.01,1
Texas,Dissorophus,283.5,273.01,1
Texas,Dissorophus,283.5,273.01,1
Texas,Eryops,283.5,273.01,1
Texas,Zatrachys,283.5,273.01,1
Texas,Trimerorhachis,283.5,273.01,1
Texas,Eryops,283.5,273.01,1
Texas,Acheloma,283.5,273.01,1
Texas,Eryops,283.5,273.01,1
Texas,Dissorophus,283.5,273.01,1
Texas,Trimerorhachis,283.5,273.01,1
Texas,Eryops,283.5,273.01,1
Texas,Trimerorhachis,283.5,273.01,1
Texas,Trimerorhachis,283.5,273.01,1
Texas,Zatrachys,283.5,273.01,1
Texas,Eryops,283.5,273.01,1
Texas,Eryops,293.52,283.5,1
Texas,Trimerorhachis,293.52,283.5,1
Texas,Anisodexis,283.5,273.01,1
Texas,Acheloma,283.5,273.01,1
Texas,Isodectes,283.5,273.01,1
Oklahoma,Zatrachys,298.9,286.1,1
Sardinia,Apateon,298.9,251.902,1
Sardinia,Apateon,298.9,251.902,1
Sardinia,Apateon,298.9,251.902,1
Pennsylvania,Eryops,293.52,290.1,1
Ivanovo,Volgosuchus,251.902,247.2,1
Ivanovo,Thoosuchus,251.902,247.2,1
Volgograd,Benthosuchus,251.2,247.2,1
Volgograd,Benthosuchus,251.2,247.2,1
Volgograd,Benthosuchus,251.2,247.2,1
Volgograd,Benthosuchus,251.2,247.2,1
Volgograd,Benthosuchus,251.2,247.2,1
Volgograd,Benthosuchus,251.2,247.2,1
Volgograd,Benthosuchus,251.2,247.2,1
Volgograd,Benthosuchus,251.2,247.2,1
Volgograd,Benthosuchus,251.2,247.2,1
Volgograd,Benthosuchus,251.2,247.2,1
Volgograd,Benthosuchus,251.2,247.2,1
Volgograd,Benthosuchus,251.2,247.2,1
Volgograd,Benthosuchus,251.2,247.2,1
Volgograd,Benthosuchus,251.2,247.2,1
Volgograd,Benthosuchus,251.2,247.2,1
Volgograd,Benthosuchus,251.2,247.2,1
Volgograd,Benthosuchus,251.2,247.2,1
Volgograd,Benthosuchus,251.2,247.2,1
Volgograd,Benthosuchus,251.2,247.2,1
Volgograd,Benthosuchus,251.2,247.2,1
Volgograd,Benthosuchus,251.2,247.2,1
Volgograd,Benthosuchus,251.2,247.2,1
Volgograd,Benthosuchus,251.2,247.2,1
Volgograd,Benthosuchus,251.2,247.2,1
Volgograd,Benthosuchus,251.2,247.2,1
Volgograd,Benthosuchus,251.2,247.2,1
Volgograd,Benthosuchus,251.2,247.2,1
Volgograd,Benthosuchus,251.2,247.2,1
Volgograd,Benthosuchus,251.2,247.2,1
Volgograd,Benthosuchus,251.2,247.2,1
Volgograd,Benthosuchus,251.2,247.2,1
Volgograd,Benthosuchus,251.2,247.2,1
Volgograd,Benthosuchus,251.2,247.2,1
Volgograd,Benthosuchus,251.2,247.2,1
Volgograd,Benthosuchus,251.2,247.2,1
Volgograd,Benthosuchus,251.2,247.2,1
Volgograd,Benthosuchus,251.2,247.2,1
Volgograd,Benthosuchus,251.2,247.2,1
Volgograd,Benthosuchus,251.2,247.2,1
Volgograd,Benthosuchus,251.2,247.2,1
Volgograd,Benthosuchus,251.2,247.2,1
Volgograd,Benthosuchus,251.2,247.2,1
Volgograd,Benthosuchus,251.2,247.2,1
Volgograd,Benthosuchus,251.2,247.2,1
Volgograd,Benthosuchus,251.2,247.2,1
Volgograd,Benthosuchus,251.2,247.2,1
Volgograd,Benthosuchus,251.2,247.2,1
Volgograd,Benthosuchus,251.2,247.2,1
Volgograd,Benthosuchus,251.2,247.2,1
Volgograd,Benthosuchus,251.2,247.2,1
Volgograd,Benthosuchus,251.2,247.2,1
Volgograd,Benthosuchus,251.2,247.2,1
Volgograd,Benthosuchus,251.2,247.2,1
Volgograd,Benthosuchus,251.2,247.2,1
Volgograd,Benthosuchus,251.2,247.2,1
Volgograd,Benthosuchus,251.2,247.2,1
Volgograd,Benthosuchus,251.2,247.2,1
Volgograd,Benthosuchus,251.2,247.2,1
Volgograd,Benthosuchus,251.2,247.2,1
Volgograd,Benthosuchus,251.2,247.2,1
Volgograd,Benthosuchus,251.2,247.2,1
Volgograd,Benthosuchus,251.2,247.2,1
Volgograd,Benthosuchus,251.2,247.2,1
Volgograd,Benthosuchus,251.2,247.2,1
Volgograd,Benthosuchus,251.2,247.2,1
Volgograd,Benthosuchus,251.2,247.2,1
Volgograd,Benthosuchus,251.2,247.2,1
Volgograd,Benthosuchus,251.2,247.2,1
Volgograd,Benthosuchus,251.2,247.2,1
Volgograd,Benthosuchus,251.2,247.2,1
Volgograd,Benthosuchus,251.2,247.2,1
Volgograd,Benthosuchus,251.2,247.2,1
Volgograd,Benthosuchus,251.2,247.2,1
Volgograd,Benthosuchus,251.2,247.2,1
Volgograd,Benthosuchus,251.2,247.2,1
Volgograd,Benthosuchus,251.2,247.2,1
Volgograd,Benthosuchus,251.2,247.2,1
Volgograd,Benthosuchus,251.2,247.2,1
Volgograd,Benthosuchus,251.2,247.2,1
Volgograd,Benthosuchus,251.2,247.2,1
Volgograd,Benthosuchus,251.2,247.2,1
Volgograd,Benthosuchus,251.2,247.2,1
Volgograd,Benthosuchus,251.2,247.2,1
Volgograd,Benthosuchus,251.2,247.2,1
Volgograd,Benthosuchus,251.2,247.2,1
Volgograd,Benthosuchus,251.2,247.2,1
Volgograd,Benthosuchus,251.2,247.2,1
Volgograd,Benthosuchus,251.2,247.2,1
Volgograd,Benthosuchus,251.2,247.2,1
Volgograd,Benthosuchus,251.2,247.2,1
Volgograd,Benthosuchus,251.2,247.2,1
Volgograd,Benthosuchus,251.2,247.2,1
Volgograd,Benthosuchus,251.2,247.2,1
Volgograd,Benthosuchus,251.2,247.2,1
Volgograd,Benthosuchus,251.2,247.2,1
Volgograd,Benthosuchus,251.2,247.2,1
Volgograd,Benthosuchus,251.2,247.2,1
Volgograd,Benthosuchus,251.2,247.2,1
Volgograd,Benthosuchus,251.2,247.2,1
Volgograd,Benthosuchus,251.2,247.2,1
Volgograd,Benthosuchus,251.2,247.2,1
Volgograd,Benthosuchus,251.2,247.2,1
Volgograd,Benthosuchus,251.2,247.2,1
Volgograd,Benthosuchus,251.2,247.2,1
Volgograd,Benthosuchus,251.2,247.2,1
Volgograd,Benthosuchus,251.2,247.2,1
Volgograd,Benthosuchus,251.2,247.2,1
Volgograd,Benthosuchus,251.2,247.2,1
Volgograd,Benthosuchus,251.2,247.2,1
Volgograd,Benthosuchus,251.2,247.2,1
Volgograd,Benthosuchus,251.2,247.2,1
Volgograd,Benthosuchus,251.2,247.2,1
Volgograd,Benthosuchus,251.2,247.2,1
Volgograd,Benthosuchus,251.2,247.2,1
Volgograd,Benthosuchus,251.2,247.2,1
Volgograd,Benthosuchus,251.2,247.2,1
Volgograd,Benthosuchus,251.2,247.2,1
Volgograd,Benthosuchus,251.2,247.2,1
Volgograd,Benthosuchus,251.2,247.2,1
Volgograd,Benthosuchus,251.2,247.2,1
Volgograd,Benthosuchus,251.2,247.2,1
Volgograd,Benthosuchus,251.2,247.2,1
Volgograd,Benthosuchus,251.2,247.2,1
Volgograd,Benthosuchus,251.2,247.2,1
Volgograd,Benthosuchus,251.2,247.2,1
Volgograd,Benthosuchus,251.2,247.2,1
Volgograd,Benthosuchus,251.2,247.2,1
Volgograd,Benthosuchus,251.2,247.2,1
Volgograd,Benthosuchus,251.2,247.2,1
Volgograd,Benthosuchus,251.2,247.2,1
Volgograd,Benthosuchus,251.2,247.2,1
Volgograd,Benthosuchus,251.2,247.2,1
Volgograd,Benthosuchus,251.2,247.2,1
Volgograd,Benthosuchus,251.2,247.2,1
Volgograd,Benthosuchus,251.2,247.2,1
Volgograd,Benthosuchus,251.2,247.2,1
Volgograd,Benthosuchus,251.2,247.2,1
Volgograd,Benthosuchus,251.2,247.2,1
Volgograd,Benthosuchus,251.2,247.2,1
Volgograd,Benthosuchus,251.2,247.2,1
Volgograd,Benthosuchus,251.2,247.2,1
Volgograd,Benthosuchus,251.2,247.2,1
Volgograd,Benthosuchus,251.2,247.2,1
Volgograd,Benthosuchus,251.2,247.2,1
Volgograd,Benthosuchus,251.2,247.2,1
Volgograd,Benthosuchus,251.2,247.2,1
Volgograd,Benthosuchus,251.2,247.2,1
Volgograd,Benthosuchus,251.2,247.2,1
Volgograd,Benthosuchus,251.2,247.2,1
Volgograd,Benthosuchus,251.2,247.2,1
Volgograd,Benthosuchus,251.2,247.2,1
Volgograd,Benthosuchus,251.2,247.2,1
Volgograd,Benthosuchus,251.2,247.2,1
Volgograd,Benthosuchus,251.2,247.2,1
Volgograd,Benthosuchus,251.2,247.2,1
Volgograd,Benthosuchus,251.2,247.2,1
Volgograd,Benthosuchus,251.2,247.2,1
Volgograd,Benthosuchus,251.2,247.2,1
Volgograd,Benthosuchus,251.2,247.2,1
Volgograd,Benthosuchus,251.2,247.2,1
Volgograd,Benthosuchus,251.2,247.2,1
Volgograd,Benthosuchus,251.2,247.2,1
Volgograd,Benthosuchus,251.2,247.2,1
Volgograd,Benthosuchus,251.2,247.2,1
Volgograd,Benthosuchus,251.2,247.2,1
Volgograd,Benthosuchus,251.2,247.2,1
Volgograd,Benthosuchus,251.2,247.2,1
Volgograd,Benthosuchus,251.2,247.2,1
Volgograd,Benthosuchus,251.2,247.2,1
Volgograd,Benthosuchus,251.2,247.2,1
Volgograd,Benthosuchus,251.2,247.2,1
Volgograd,Benthosuchus,251.2,247.2,1
Volgograd,Benthosuchus,251.2,247.2,1
Volgograd,Benthosuchus,251.2,247.2,1
Volgograd,Benthosuchus,251.2,247.2,1
Volgograd,Benthosuchus,251.2,247.2,1
Volgograd,Benthosuchus,251.2,247.2,1
Volgograd,Benthosuchus,251.2,247.2,1
Volgograd,Benthosuchus,251.2,247.2,1
Volgograd,Benthosuchus,251.2,247.2,1
Volgograd,Benthosuchus,251.2,247.2,1
Volgograd,Benthosuchus,251.2,247.2,1
Volgograd,Benthosuchus,251.2,247.2,1
Volgograd,Benthosuchus,251.2,247.2,1
Volgograd,Benthosuchus,251.2,247.2,1
Volgograd,Benthosuchus,251.2,247.2,1
Volgograd,Benthosuchus,251.2,247.2,1
Volgograd,Benthosuchus,251.2,247.2,1
Volgograd,Benthosuchus,251.2,247.2,1
Volgograd,Benthosuchus,251.2,247.2,1
Volgograd,Benthosuchus,251.2,247.2,1
Volgograd,Benthosuchus,251.2,247.2,1
Volgograd,Benthosuchus,251.2,247.2,1
Volgograd,Benthosuchus,251.2,247.2,1
Volgograd,Benthosuchus,251.2,247.2,1
Volgograd,Benthosuchus,251.2,247.2,1
Volgograd,Benthosuchus,251.2,247.2,1
Volgograd,Benthosuchus,251.2,247.2,1
Volgograd,Benthosuchus,251.2,247.2,1
Volgograd,Benthosuchus,251.2,247.2,1
Volgograd,Benthosuchus,251.2,247.2,1
Volgograd,Benthosuchus,251.2,247.2,1
Volgograd,Benthosuchus,251.2,247.2,1
Volgograd,Benthosuchus,251.2,247.2,1
Volgograd,Benthosuchus,251.2,247.2,1
Volgograd,Benthosuchus,251.2,247.2,1
Volgograd,Benthosuchus,251.2,247.2,1
Volgograd,Benthosuchus,251.2,247.2,1
Volgograd,Benthosuchus,251.2,247.2,1
Volgograd,Benthosuchus,251.2,247.2,1
Volgograd,Benthosuchus,251.2,247.2,1
Volgograd,Benthosuchus,251.2,247.2,1
Volgograd,Benthosuchus,251.2,247.2,1
Volgograd,Benthosuchus,251.2,247.2,1
Volgograd,Benthosuchus,251.2,247.2,1
Volgograd,Benthosuchus,251.2,247.2,1
Volgograd,Benthosuchus,251.2,247.2,1
Volgograd,Benthosuchus,251.2,247.2,1
Volgograd,Benthosuchus,251.2,247.2,1
Volgograd,Benthosuchus,251.2,247.2,1
Volgograd,Benthosuchus,251.2,247.2,1
Volgograd,Benthosuchus,251.2,247.2,1
Volgograd,Benthosuchus,251.2,247.2,1
Volgograd,Benthosuchus,251.2,247.2,1
Volgograd,Benthosuchus,251.2,247.2,1
Volgograd,Benthosuchus,251.2,247.2,1
Volgograd,Benthosuchus,251.2,247.2,1
Volgograd,Benthosuchus,251.2,247.2,1
Volgograd,Benthosuchus,251.2,247.2,1
Volgograd,Benthosuchus,251.2,247.2,1
Volgograd,Benthosuchus,251.2,247.2,1
Volgograd,Benthosuchus,251.2,247.2,1
Volgograd,Benthosuchus,251.2,247.2,1
Volgograd,Benthosuchus,251.2,247.2,1
Volgograd,Benthosuchus,251.2,247.2,1
Volgograd,Benthosuchus,251.2,247.2,1
Volgograd,Benthosuchus,251.2,247.2,1
Volgograd,Benthosuchus,251.2,247.2,1
Volgograd,Benthosuchus,251.2,247.2,1
Volgograd,Benthosuchus,251.2,247.2,1
Volgograd,Benthosuchus,251.2,247.2,1
Volgograd,Benthosuchus,251.2,247.2,1
Volgograd,Benthosuchus,251.2,247.2,1
Volgograd,Benthosuchus,251.2,247.2,1
Volgograd,Benthosuchus,251.2,247.2,1
Volgograd,Benthosuchus,251.2,247.2,1
Volgograd,Benthosuchus,251.2,247.2,1
Volgograd,Benthosuchus,251.2,247.2,1
Volgograd,Benthosuchus,251.2,247.2,1
Volgograd,Benthosuchus,251.2,247.2,1
Volgograd,Thoosuchus,251.2,247.2,1
Evenk Autonomous District,Tungussogyrinus,259.51,247.2,1
Evenk Autonomous District,Tungussogyrinus,259.51,247.2,1
Evenk Autonomous District,Tungussogyrinus,259.51,247.2,1
Orenburg,Eryosuchus,247.2,242.0,1
Texas,Eryops,298.9,290.1,1
Allier,Actinodon,298.9,290.1,1
KwaZulu-Natal,Lydekkerina,251.902,247.2,1
Arizona,Hadrokkosaurus,247.2,244.7,1
Arizona,Eocyclotosaurus,247.2,244.7,1
Arizona,Rhadalognathus,247.2,244.7,1
Orenburg,Platyoposaurus,266.9,259.51,1
Orenburg,Tryphosuchus,266.9,259.51,1
Texas,Cacops,283.5,273.01,1
Bashkortostan,Melosaurus,276.5,266.9,1
Archangelsk,Dvinosaurus,259.51,256.8,1
Archangelsk,Dvinosaurus,259.51,256.8,1
Archangelsk,Dvinosaurus,259.51,256.8,1
New South Wales,Paracyclotosaurus,247.2,242.0,1
Malopolskie,Czatkobatrachus,251.2,247.2,1
Malopolskie,Parotosuchus,251.2,247.2,1
Arizona,Anaschisma,227.0,208.5,1
Arizona,Anaschisma,227.0,208.5,1
Arizona,Anaschisma,227.0,208.5,1
Texas,Metoposaurus,237.0,201.4,1
Texas,Metoposaurus,237.0,201.4,1
Komi,Wetlugasaurus,251.2,247.2,1
Komi,Angusaurus,251.2,247.2,1
Komi,Vyborosaurus,251.2,247.2,1
Primorye,Aphaneramma,248.9,247.2,1
Primorye,Aphaneramma,248.9,247.2,1
Arizona,Apachesaurus,227.0,208.5,1
Arizona,Apachesaurus,227.0,208.5,1
Lorraine,Metoposaurus,208.5,201.4,1
Lorraine,Plagiosaurus,208.5,201.4,1
Arizona,Apachesaurus,227.0,208.5,1
Arizona,Anaschisma,227.0,208.5,1
Arizona,Anaschisma,227.0,208.5,1
Arizona,Anaschisma,227.0,208.5,1
Saxony,Onchiodon,293.52,290.1,1
Saxony,Onchiodon,293.52,290.1,1
Saxony,Apateon,293.52,290.1,1
Saxony,Branchierpeton,293.52,290.1,1
Saxony,Acanthostomatops,293.52,290.1,1
New Mexico,Anaschisma,227.0,208.5,1
Luxembourg,Plagiosaurus,216.7,213.2,1
Luxembourg,Cyclotosaurus,216.7,213.2,1
England,Cyclotosaurus,247.2,242.0,1
England,Cyclotosaurus,247.2,242.0,1
England,Mastodonsaurus,247.2,242.0,1
Czechia,Apateon,283.5,259.51,1
Arizona,Anaschisma,227.0,208.5,1
Arizona,Anaschisma,227.0,208.5,1
Arizona,Apachesaurus,227.0,208.5,1
Arizona,Apachesaurus,227.0,208.5,1
New Mexico,Apachesaurus,227.0,208.5,1
Opole,Cyclotosaurus,237.0,208.5,1
Opole,Metoposaurus,237.0,208.5,1
Opole,Cyclotosaurus,233.4,227.0,1
New Mexico,Anaschisma,227.0,208.5,1
Oklahoma,Cacops,290.1,283.5,1
Oklahoma,Cacops,290.1,283.5,1
Oklahoma,Cacops,290.1,283.5,1
Oklahoma,Cacops,290.1,283.5,1
Oklahoma,Cacops,290.1,283.5,1
Oklahoma,Cacops,290.1,283.5,1
Oklahoma,Cacops,290.1,283.5,1
Oklahoma,Doleserpeton,290.1,283.5,1
Oklahoma,Tersomius,290.1,283.5,1
Oklahoma,Acheloma,290.1,283.5,1
Oklahoma,Acheloma,290.1,283.5,1
Oklahoma,Cacops,290.1,283.5,1
Oklahoma,Trimerorhachis,283.5,273.01,1
Oklahoma,Tersomius,283.5,273.01,1
Agadez,Saharastega,254.14,251.902,1
Agadez,Nigerpeton,254.14,251.902,1
Texas,Anaschisma,237.0,208.5,1
Texas,Anaschisma,237.0,208.5,1
Texas,Anaschisma,237.0,208.5,1
Texas,Anaschisma,237.0,208.5,1
Texas,Anaschisma,237.0,208.5,1
Texas,Anaschisma,237.0,208.5,1
Texas,Anaschisma,237.0,208.5,1
Texas,Anaschisma,237.0,208.5,1
Texas,Anaschisma,237.0,208.5,1
Wales,Mastodonsaurus,208.5,201.4,1
Wales,Trematosaurus,208.5,201.4,1
England,Mastodonsaurus,247.2,242.0,1
England,Mastodonsaurus,247.2,237.0,1
England,Stenotosaurus,247.2,237.0,1
New Mexico,Anaschisma,227.0,208.5,1
New Mexico,Anaschisma,227.0,208.5,1
New Mexico,Anaschisma,227.0,208.5,1
New Mexico,Anaschisma,227.0,208.5,1
Baden-Wurttemberg,Gerrothorax,216.7,213.2,1
Oklahoma,Tersomius,283.5,273.01,1
Utah,Eryops,298.9,273.01,1
Texas,Slaugenhopia,283.5,266.9,1
Portugal,Metoposaurus,237.0,208.5,1
Opole,Metoposaurus,233.4,227.0,1
New Mexico,Apachesaurus,227.0,208.5,1
New Mexico,Apachesaurus,227.0,208.5,1
Texas,Anaschisma,237.0,208.5,1
Arizona,Apachesaurus,227.0,208.5,1
Arizona,Anaschisma,227.0,208.5,1
Texas,Anaschisma,237.0,227.0,1
Tatarstan,Melosaurus,276.5,266.9,1
Texas,Trimerorhachis,286.1,273.01,1
Texas,Trimerorhachis,283.5,273.01,1
Oklahoma,Trimerorhachis,290.1,283.5,1
Oklahoma,Eryops,290.1,283.5,1
Oklahoma,Trimerorhachis,286.1,273.01,1
Oklahoma,Trimerorhachis,286.1,273.01,1
Oklahoma,Eryops,286.1,273.01,1
Oklahoma,Eryops,286.1,273.01,1
Texas,Trimerorhachis,290.1,283.5,1
Oklahoma,Doleserpeton,286.1,273.01,1
Texas,Slaugenhopia,283.5,266.9,1
Ohio,Isodectes,309.8,307.4,1
Ohio,Isodectes,309.8,307.4,1
Texas,Trimerorhachis,290.1,273.01,1
Texas,Trimerorhachis,290.1,273.01,1
Texas,Eryops,290.1,273.01,1
Agadez,Nigerpeton,254.14,251.902,1
Gansu,Anakamacops,273.01,266.9,1
Orenburg,Parotosuchus,251.2,247.2,1
Orenburg,Parotosuchus,251.2,247.2,1
Orenburg,Yarengia,251.2,247.2,1
Orenburg,Eryosuchus,251.2,247.2,1
Bashkortostan,Mastodonsaurus,242.0,237.0,1
Bashkortostan,Plagioscutum,242.0,237.0,1
Texas,Eryops,298.9,286.1,1
Texas,Zatrachys,298.9,286.1,1
Texas,Acheloma,298.9,286.1,1
Texas,Phonerpeton,298.9,286.1,1
Colorado,Eryops,298.9,286.1,1
Colorado,Platyhystrix,298.9,286.1,1
Thuringia,Georgenthalia,290.1,283.5,1
Orenburg,Konzhukovia,266.9,264.28,1
Oklahoma,Trimerorhachis,286.1,273.01,1
Oklahoma,Eryops,286.1,273.01,1
Texas,Zatrachys,298.9,290.1,1
Texas,Trimerorhachis,298.9,290.1,1
New Mexico,Chenoprosopus,298.9,286.1,1
Vladimir,Dvinosaurus,259.51,256.8,1
Uruguay,Uruyiella,237.0,201.4,1
Kirov,Platyoposaurus,276.5,266.9,1
Orenburg,Platyoposaurus,266.9,264.28,1
Kirov,Platyoposaurus,266.9,264.28,1
Kirov,Melosaurus,266.9,264.28,1
Oklahoma,Eryops,286.1,273.01,1
Oklahoma,Trimerorhachis,286.1,273.01,1
Kirov,Melosaurus,276.5,266.9,1
Kirov,Zygosaurus,276.5,266.9,1
Komi,Intasuchus,276.5,273.01,1
Komi,Syndyodosuchus,276.5,273.01,1
Texas,Rileymillerus,227.0,208.5,1
England,Eocyclotosaurus,247.2,242.0,1
England,Eocyclotosaurus,247.2,242.0,1
Kirov,Dvinosaurus,264.28,259.51,1
Oklahoma,Eryops,290.1,273.01,1
Thailand,Cyclotosaurus,227.0,208.5,1
Queensland,Lapillopsis,251.902,251.2,1
Eastern Cape,Batrachosuchus,247.2,242.0,1
Oklahoma,Pasawioops,290.1,283.5,1
Oklahoma,Pasawioops,290.1,283.5,1
Thuringia,Tambachia,290.1,283.5,1
Texas,Gerobatrachus,283.5,273.01,1
Wyoming,Anaschisma,237.0,227.0,1
Wyoming,Anaschisma,237.0,227.0,1
Wyoming,Anaschisma,237.0,227.0,1
Wyoming,Anaschisma,237.0,227.0,1
Wyoming,Anaschisma,237.0,227.0,1
Wyoming,Anaschisma,237.0,227.0,1
Wyoming,Anaschisma,237.0,227.0,1
Wyoming,Anaschisma,237.0,227.0,1
Wyoming,Anaschisma,237.0,227.0,1
Wyoming,Anaschisma,237.0,227.0,1
Wyoming,Anaschisma,237.0,227.0,1
Diana,Triadobatrachus,251.902,248.9,1
New Mexico,Apachesaurus,227.0,213.2,1
Arizona,Anaschisma,227.0,208.5,1
Arizona,Anaschisma,227.0,208.5,1
Arizona,Anaschisma,227.0,208.5,1
Arizona,Anaschisma,227.0,208.5,1
Arizona,Apachesaurus,227.0,208.5,1
Arizona,Anaschisma,227.0,208.5,1
Arizona,Apachesaurus,227.0,208.5,1
Arizona,Apachesaurus,227.0,208.5,1
Arizona,Apachesaurus,227.0,208.5,1
Arizona,Anaschisma,227.0,208.5,1
Arizona,Apachesaurus,227.0,208.5,1
Arizona,Anaschisma,227.0,208.5,1
Arizona,Anaschisma,227.0,208.5,1
Arizona,Anaschisma,227.0,208.5,1
Arizona,Anaschisma,227.0,208.5,1
Arizona,Anaschisma,227.0,208.5,1
Arizona,Anaschisma,227.0,208.5,1
Arizona,Anaschisma,227.0,208.5,1
Arizona,Anaschisma,227.0,208.5,1
Arizona,Anaschisma,227.0,208.5,1
Arizona,Anaschisma,227.0,208.5,1
Arizona,Anaschisma,227.0,208.5,1
Arizona,Anaschisma,227.0,208.5,1
Arizona,Apachesaurus,227.0,208.5,1
Arizona,Anaschisma,227.0,208.5,1
Arizona,Anaschisma,227.0,208.5,1
Arizona,Anaschisma,227.0,208.5,1
Arizona,Anaschisma,227.0,208.5,1
Arizona,Anaschisma,227.0,208.5,1
Arizona,Anaschisma,227.0,208.5,1
Arizona,Anaschisma,227.0,208.5,1
Arizona,Anaschisma,227.0,208.5,1
Arizona,Apachesaurus,227.0,208.5,1
Arizona,Anaschisma,227.0,208.5,1
Arizona,Anaschisma,227.0,208.5,1
Arizona,Anaschisma,227.0,208.5,1
Arizona,Anaschisma,227.0,208.5,1
Arizona,Anaschisma,227.0,208.5,1
Arizona,Anaschisma,227.0,208.5,1
Arizona,Anaschisma,227.0,208.5,1
Arizona,Anaschisma,227.0,208.5,1
Arizona,Anaschisma,227.0,208.5,1
Arizona,Anaschisma,227.0,208.5,1
Arizona,Apachesaurus,227.0,208.5,1
Orenburg,Plagioscutum,247.2,242.0,1
Orenburg,Wetlugasaurus,251.2,247.2,1
Orenburg,Benthosuchus,251.2,247.2,1
Orenburg,Parotosuchus,251.2,247.2,1
Orenburg,Wetlugasaurus,251.2,247.2,1
Orenburg,Rhytidosteus,251.2,247.2,1
Orenburg,Batrachosuchoides,251.2,247.2,1
Orenburg,Melanopelta,251.2,247.2,1
Arizona,Anaschisma,227.0,208.5,1
Arizona,Anaschisma,227.0,208.5,1
Arizona,Anaschisma,227.0,208.5,1
Arizona,Anaschisma,227.0,208.5,1
Arizona,Anaschisma,227.0,208.5,1
Arizona,Anaschisma,227.0,208.5,1
Arizona,Anaschisma,227.0,208.5,1
Arizona,Anaschisma,227.0,208.5,1
Arizona,Anaschisma,227.0,208.5,1
Arizona,Anaschisma,227.0,208.5,1
Arizona,Anaschisma,227.0,208.5,1
Arizona,Anaschisma,227.0,208.5,1
Arizona,Anaschisma,227.0,208.5,1
Arizona,Anaschisma,227.0,208.5,1
Arizona,Anaschisma,227.0,208.5,1
Arizona,Anaschisma,227.0,208.5,1
Arizona,Anaschisma,227.0,208.5,1
Arizona,Anaschisma,227.0,208.5,1
Arizona,Anaschisma,227.0,208.5,1
Arizona,Anaschisma,227.0,208.5,1
Arizona,Anaschisma,227.0,208.5,1
Arizona,Apachesaurus,227.0,208.5,1
Arizona,Apachesaurus,227.0,208.5,1
Arizona,Apachesaurus,227.0,208.5,1
Arizona,Apachesaurus,227.0,208.5,1
Arizona,Anaschisma,227.0,208.5,1
Arizona,Anaschisma,227.0,208.5,1
Arizona,Anaschisma,227.0,208.5,1
Arizona,Apachesaurus,227.0,208.5,1
Arizona,Apachesaurus,227.0,208.5,1
Arizona,Apachesaurus,227.0,208.5,1
Arizona,Anaschisma,227.0,208.5,1
Arizona,Anaschisma,227.0,208.5,1
Arizona,Apachesaurus,227.0,208.5,1
Arizona,Apachesaurus,208.5,201.4,1
Arizona,Anaschisma,208.5,201.4,1
Arizona,Anaschisma,227.0,208.5,1
Arizona,Apachesaurus,227.0,208.5,1
Arizona,Anaschisma,227.0,208.5,1
Arizona,Anaschisma,227.0,208.5,1
New Mexico,Apachesaurus,227.0,208.5,1
New Mexico,Apachesaurus,227.0,208.5,1
New Mexico,Apachesaurus,227.0,208.5,1
New Mexico,Apachesaurus,227.0,208.5,1
New Mexico,Apachesaurus,227.0,208.5,1
New Mexico,Apachesaurus,227.0,208.5,1
Texas,Isodectes,283.5,273.01,1
Oklahoma,Anaschisma,233.4,227.0,1
New Mexico,Apachesaurus,227.0,208.5,1
Orenburg,Benthosuchus,251.902,251.2,1
Archangelsk,Wetlugasaurus,251.2,247.2,1
Archangelsk,Wetlugasaurus,251.2,247.2,1
Orenburg,Parotosuchus,251.2,247.2,1
Texas,Anaschisma,227.0,208.5,1
Queensland,Warrenisuchus,251.902,251.2,1
Madhya Pradesh,Metoposaurus,237.0,227.0,1
New Mexico,Apachesaurus,227.0,208.5,1
New Mexico,Apachesaurus,227.0,208.5,1
Arizona,Stanocephalosaurus,248.9,247.2,1
Arizona,Eocyclotosaurus,247.2,244.7,1
Arizona,Eocyclotosaurus,247.2,244.7,1
Arizona,Eocyclotosaurus,247.2,244.7,1
Arizona,Eocyclotosaurus,247.2,244.7,1
Arizona,Quasicyclotosaurus,247.2,244.7,1
Arizona,Quasicyclotosaurus,247.2,244.7,1
Arizona,Stanocephalosaurus,247.2,244.7,1
Arizona,Wellesaurus,248.9,247.2,1
Arizona,Cosgriffius,248.9,247.2,1
Arizona,Wellesaurus,248.9,247.2,1
Arizona,Wellesaurus,248.9,247.2,1
Arizona,Eocyclotosaurus,247.2,244.7,1
Arizona,Vigilius,247.2,244.7,1
Eastern Cape,Paracyclotosaurus,247.2,242.0,1
Free State,Jammerbergia,247.2,242.0,1
Eastern Cape,Vanastega,247.2,242.0,1
Eastern Cape,Xenotosuchus,247.2,242.0,1
Orenburg,Eryosuchus,247.2,242.0,1
Orenburg,Eryosuchus,247.2,242.0,1
Orenburg,Plagioscutum,247.2,242.0,1
Orenburg,Eryosuchus,247.2,242.0,1
Orenburg,Plagiorophus,247.2,242.0,1
Orenburg,Bukobaja,242.0,237.0,1
Bashkortostan,Plagioscutum,247.2,242.0,1
Bashkortostan,Eryosuchus,247.2,242.0,1
Bashkortostan,Plagioscutum,247.2,242.0,1
Bashkortostan,Plagiorophus,247.2,242.0,1
Bashkortostan,Eryosuchus,247.2,242.0,1
Bashkortostan,Plagiorophus,247.2,242.0,1
Orenburg,Mastodonsaurus,242.0,237.0,1
Orenburg,Mastodonsaurus,242.0,237.0,1
Orenburg,Bukobaja,242.0,237.0,1
Orenburg,Cyclotosaurus,242.0,237.0,1
Orenburg,Eryosuchus,247.2,242.0,1
Hubei,Yuanansuchus,247.2,242.0,1
England,Mastodonsaurus,247.2,242.0,1
England,Cyclotosaurus,247.2,242.0,1
Bavaria,Metoposaurus,237.0,227.0,1
Bavaria,Metoposaurus,237.0,227.0,1
Bavaria,Metoposaurus,237.0,227.0,1
Bavaria,Cyclotosaurus,237.0,227.0,1
Bavaria,Metoposaurus,237.0,227.0,1
Bavaria,Gerrothorax,237.0,227.0,1
Bavaria,Stenotosaurus,247.2,244.7,1
Austria,Tatrasuchus,242.0,237.0,1
Rio Grande do Sul,Sangaia,251.902,247.2,1
Eastern,Cherninia,247.2,242.0,1
Eastern,Batrachosuchus,247.2,242.0,1
Eastern,Stanocephalosaurus,247.2,242.0,1
Baden-Wurttemberg,Callistomordax,239.7,237.0,1
Baden-Wurttemberg,Trematolestes,239.7,237.0,1
Baden-Wurttemberg,Mastodonsaurus,239.7,237.0,1
Catalonia,Calmasuchus,247.2,242.0,1
Ruvuma,Stanocephalosaurus,247.2,242.0,1
Free State,Lydekkerina,251.902,247.2,1
Pennsylvania,Anaschisma,227.0,208.5,1
Baden-Wurttemberg,Trematolestes,239.7,237.0,1
Baden-Wurttemberg,Gerrothorax,239.7,237.0,1
Baden-Wurttemberg,Mastodonsaurus,239.7,237.0,1
Baden-Wurttemberg,Plagiosuchus,239.7,237.0,1
Baden-Wurttemberg,Plagiosuchus,239.7,237.0,1
Baden-Wurttemberg,Plagiosuchus,239.7,237.0,1
Baden-Wurttemberg,Plagiosuchus,239.7,237.0,1
Thuringia,Plagiosuchus,239.7,237.0,1
Baden-Wurttemberg,Trematolestes,239.7,237.0,1
Baden-Wurttemberg,Tatrasuchus,239.7,237.0,1
Baden-Wurttemberg,Plagiosuchus,239.7,237.0,1
Baden-Wurttemberg,Gerrothorax,239.7,237.0,1
Baden-Wurttemberg,Mastodonsaurus,239.7,237.0,1
Baden-Wurttemberg,Trematolestes,239.7,237.0,1
Baden-Wurttemberg,Callistomordax,239.7,237.0,1
Baden-Wurttemberg,Mastodonsaurus,239.7,237.0,1
Baden-Wurttemberg,Mastodonsaurus,239.7,237.0,1
Baden-Wurttemberg,Mastodonsaurus,239.7,237.0,1
Baden-Wurttemberg,Mastodonsaurus,239.7,237.0,1
Baden-Wurttemberg,Mastodonsaurus,239.7,237.0,1
Baden-Wurttemberg,Mastodonsaurus,239.7,237.0,1
Thuringia,Mastodonsaurus,239.7,237.0,1
Thuringia,Mastodonsaurus,239.7,237.0,1
Thuringia,Mastodonsaurus,239.7,237.0,1
Baden-Wurttemberg,Metoposaurus,237.0,227.0,1
Baden-Wurttemberg,Metoposaurus,237.0,227.0,1
Baden-Wurttemberg,Metoposaurus,237.0,227.0,1
Baden-Wurttemberg,Hyperokynodon,237.0,227.0,1
Baden-Wurttemberg,Hyperokynodon,237.0,227.0,1
Baden-Wurttemberg,Cyclotosaurus,237.0,227.0,1
Baden-Wurttemberg,Cyclotosaurus,237.0,227.0,1
Baden-Wurttemberg,Cyclotosaurus,237.0,227.0,1
Baden-Wurttemberg,Cyclotosaurus,237.0,227.0,1
Baden-Wurttemberg,Cyclotosaurus,237.0,227.0,1
Baden-Wurttemberg,Cyclotosaurus,237.0,227.0,1
Baden-Wurttemberg,Cyclotosaurus,237.0,227.0,1
Baden-Wurttemberg,Cyclotosaurus,237.0,227.0,1
Baden-Wurttemberg,Cyclotosaurus,237.0,227.0,1
Baden-Wurttemberg,Cyclotosaurus,237.0,227.0,1
Baden-Wurttemberg,Cyclotosaurus,237.0,227.0,1
Baden-Wurttemberg,Cyclotosaurus,237.0,227.0,1
Baden-Wurttemberg,Cyclotosaurus,237.0,227.0,1
Baden-Wurttemberg,Cyclotosaurus,237.0,227.0,1
Baden-Wurttemberg,Cyclotosaurus,237.0,227.0,1
Baden-Wurttemberg,Cyclotosaurus,237.0,227.0,1
Baden-Wurttemberg,Cyclotosaurus,237.0,227.0,1
Baden-Wurttemberg,Cyclotosaurus,237.0,227.0,1
Baden-Wurttemberg,Cyclotosaurus,237.0,227.0,1
Baden-Wurttemberg,Cyclotosaurus,237.0,227.0,1
Baden-Wurttemberg,Cyclotosaurus,237.0,227.0,1
Baden-Wurttemberg,Cyclotosaurus,237.0,227.0,1
Baden-Wurttemberg,Cyclotosaurus,237.0,227.0,1
Baden-Wurttemberg,Metoposaurus,237.0,227.0,1
Baden-Wurttemberg,Metoposaurus,237.0,227.0,1
Baden-Wurttemberg,Metoposaurus,237.0,227.0,1
Oklahoma,Acheloma,290.1,283.5,1
Baden-Wurttemberg,Metoposaurus,227.0,208.5,1
Tirol,Metoposaurus,237.0,227.0,1
East Greenland,Gerrothorax,227.0,208.5,1
East Greenland,Gerrothorax,227.0,208.5,1
East Greenland,Gerrothorax,227.0,208.5,1
Baden-Wurttemberg,Metoposaurus,237.0,227.0,1
Skane,Gerrothorax,208.5,201.4,1
Illizi,Odenwaldia,248.9,242.0,1
Illizi,Odenwaldia,248.9,242.0,1
Nova Scotia,Metoposaurus,237.0,227.0,1
Wyoming,Anaschisma,237.0,227.0,1
Wyoming,Anaschisma,237.0,227.0,1
Pennsylvania,Calamops,227.0,208.5,1
Telangana,Panthasaurus,237.0,208.5,1
Illinois,Amphibamus,309.8,307.4,1
Ohio,Erpetosaurus,309.8,307.4,1
Ohio,Erpetosaurus,309.8,307.4,1
Texas,Rubeostratilia,298.9,290.1,1
Texas,Anaschisma,237.0,208.5,1
Texas,Anaschisma,237.0,208.5,1
Texas,Anaschisma,237.0,208.5,1
Batken,Triassurus,242.0,227.0,1
Malopolskie,Batrachosuchoides,251.2,247.2,1
Swietoryzskie,Parotosuchus,248.9,247.2,1
Baden-Wurttemberg,Meyerosuchus,248.9,247.2,1
Baden-Wurttemberg,Meyerosuchus,248.9,247.2,1
Baden-Wurttemberg,Odenwaldia,248.9,247.2,1
Baden-Wurttemberg,Odenwaldia,248.9,247.2,1
Bavaria,Cyclotosaurus,237.0,227.0,1
Bavaria,Metoposaurus,237.0,227.0,1
Bavaria,Gerrothorax,237.0,227.0,1
Bavaria,Cyclotosaurus,237.0,227.0,1
Thuringia,Rotaryus,290.1,283.5,1
West Virginia,Zatrachys,303.7,298.9,1
West Virginia,Zatrachys,298.9,286.1,1
Hessen,Sclerothorax,251.2,248.9,1
Hessen,Sclerothorax,248.9,247.2,1
Schleswig-Holstein,Parotosuchus,251.2,248.9,1
Thuringia,Trematosaurus,251.2,247.2,1
Utah,Parotosuchus,251.2,248.9,1
Ruvuma,Peltobatrachus,259.51,254.14,1
New South Wales,Watsonisuchus,248.9,244.7,1
Queensland,Watsonisuchus,251.902,251.2,1
Queensland,Watsonisuchus,251.902,251.2,1
Queensland,Keratobrachyops,251.902,251.2,1
Queensland,Xenobrachyops,251.902,251.2,1
Queensland,Rewana,251.902,251.2,1
Queensland,Rewana,251.902,251.2,1
Queensland,Rewana,251.902,251.2,1
Queensland,Plagiobatrachus,251.902,251.2,1
Queensland,Acerastea,251.902,251.2,1
Queensland,Nanolania,251.902,251.2,1
Tasmania,Rotaurisaurus,251.902,251.2,1
Queensland,Tirraturhinus,251.902,251.2,1
Queensland,Lydekkerina,251.902,251.2,1
New South Wales,Microposaurus,247.2,242.0,1
New South Wales,Platycepsion,248.9,244.7,1
New South Wales,Notobrachyops,247.2,242.0,1
New South Wales,Bulgosuchus,251.4,247.2,1
New South Wales,Subcyclotosaurus,247.2,242.0,1
New South Wales,Trucheosaurus,259.51,254.14,1
Western Australia,Deltasaurus,251.902,247.2,1
Western Australia,Deltasaurus,251.902,247.2,1
Western Australia,Deltasaurus,251.902,247.2,1
Western Australia,Deltasaurus,251.902,247.2,1
Western Australia,Deltasaurus,251.902,247.2,1
Western Australia,Watsonisuchus,251.902,247.2,1
Western Australia,Deltasaurus,251.902,247.2,1
West Bengal,Indobrachyops,251.902,248.9,1
West Bengal,Manubrantlia,251.902,248.9,1
Azad Jammu & Kashmir,Aphaneramma,251.902,251.2,1
Western Australia,Batrachosuchus,251.902,247.2,1
Western Australia,Batrachosuchus,251.902,247.2,1
Tasmania,Banksiops,251.902,251.2,1
Tasmania,Chomatobatrachus,251.902,251.2,1
Tasmania,Banksiops,251.902,251.2,1
Tasmania,Chomatobatrachus,251.902,251.2,1
Tasmania,Derwentia,251.902,251.2,1
Tasmania,Banksiops,251.902,251.2,1
Tasmania,Chomatobatrachus,251.902,251.2,1
Tasmania,Deltasaurus,251.902,251.2,1
Tasmania,Banksiops,251.902,251.2,1
Tasmania,Chomatobatrachus,251.902,251.2,1
Tasmania,Deltasaurus,251.902,251.2,1
Tasmania,Derwentia,251.902,251.2,1
Tasmania,Chomatobatrachus,251.902,251.2,1
Tasmania,Banksiops,251.902,251.2,1
Tasmania,Chomatobatrachus,251.902,251.2,1
Tasmania,Deltasaurus,251.902,251.2,1
Tasmania,Watsonisuchus,251.902,251.2,1
Tasmania,Watsonisuchus,251.902,251.2,1
Tasmania,Bothriceps,259.51,251.2,1
Tasmania,Bothriceps,259.51,251.2,1
Tasmania,Bothriceps,259.51,251.2,1
Tasmania,Bothriceps,259.51,251.2,1
Tasmania,Bothriceps,259.51,251.2,1
Tasmania,Bothriceps,259.51,251.2,1
Tasmania,Bothriceps,259.51,251.2,1
Tasmania,Bothriceps,259.51,251.2,1
Tasmania,Bothriceps,259.51,251.2,1
Tasmania,Bothriceps,259.51,251.2,1
Tasmania,Bothriceps,259.51,251.2,1
Tasmania,Bothriceps,259.51,251.2,1
Tasmania,Bothriceps,259.51,251.2,1
Tasmania,Bothriceps,259.51,251.2,1
Tasmania,Bothriceps,259.51,251.2,1
Madhya Pradesh,Cherninia,247.2,242.0,1
Madhya Pradesh,Paracyclotosaurus,247.2,242.0,1
Andhra Pradesh,Eryosuchus,247.2,242.0,1
Andhra Pradesh,Eryosuchus,247.2,242.0,1
Maharashtra,Brachyops,251.902,247.2,1
Andhra Pradesh,Panthasaurus,237.0,208.5,1
Andhra Pradesh,Panthasaurus,237.0,208.5,1
Andhra Pradesh,Panthasaurus,237.0,208.5,1
Andhra Pradesh,Compsocerops,227.0,208.5,1
Andhra Pradesh,Kuttycephalus,227.0,208.5,1
Andhra Pradesh,Kuttycephalus,227.0,208.5,1
Andhra Pradesh,Kuttycephalus,227.0,208.5,1
Baden-Wurttemberg,Mastodonsaurus,247.2,237.0,1
Baden-Wurttemberg,Plagiosternum,247.2,237.0,1
Baden-Wurttemberg,Cyclotosaurus,227.0,208.5,1
Baden-Wurttemberg,Plagiosternum,237.0,227.0,1
New Mexico,Apachesaurus,237.0,227.0,1
Sachsen-Anhalt,Hemiprichisaurus,208.5,201.4,1
Sachsen-Anhalt,Plagiosaurus,208.5,201.4,1
Sachsen-Anhalt,Cyclotosaurus,208.5,201.4,1
Sachsen-Anhalt,Metoposaurus,208.5,201.4,1
Sachsen-Anhalt,Gerrothorax,208.5,201.4,1
Sachsen-Anhalt,Plagiosaurus,208.5,201.4,1
Sachsen-Anhalt,Gerrothorax,208.5,201.4,1
Sachsen-Anhalt,Cyclotosaurus,208.5,201.4,1
Volgograd,Trematosaurus,251.2,247.2,1
Yaroslavl,Benthosuchus,251.2,247.2,1
Bashkortostan,Benthosuchus,251.902,247.2,1
Samara,Benthosuchus,251.902,247.2,1
Eastern Cape,Xenotosuchus,247.2,242.0,1
Volgograd,Parotosuchus,251.2,247.2,1
Volgograd,Batrachosuchoides,251.2,247.2,1
Kirov,Batrachosuchoides,251.2,247.2,1
Orenburg,Parotosuchus,251.2,247.2,1
Western Australia,Erythrobatrachus,251.902,247.2,1
Free State,Eolydekkerina,251.902,247.2,1
Free State,Lydekkerina,251.902,251.2,1
Free State,Broomistega,251.902,247.2,1
Free State,Lydekkerina,251.902,247.2,1
Free State,Lydekkerina,251.902,247.2,1
KwaZulu-Natal,Broomistega,251.902,247.2,1
KwaZulu-Natal,Broomistega,251.902,251.2,1
KwaZulu-Natal,Lydekkerina,251.902,251.2,1
Free State,Lydekkerina,251.902,247.2,1
Free State,Lydekkerina,251.902,247.2,1
Northeast Greenland,Selenocara,251.902,251.2,1
Northeast Greenland,Stoschiosaurus,251.902,251.2,1
Northeast Greenland,Stoschiosaurus,251.902,251.2,1
Northeast Greenland,Stoschiosaurus,251.902,251.2,1
Northeast Greenland,Luzocephalus,251.902,251.2,1
Northeast Greenland,Luzocephalus,251.902,251.2,1
Northeast Greenland,Luzocephalus,251.902,251.2,1
Northeast Greenland,Luzocephalus,251.902,251.2,1
Northeast Greenland,Tupilakosaurus,251.902,251.2,1
Northeast Greenland,Tupilakosaurus,251.902,251.2,1
Svalbard,Aphaneramma,251.2,248.9,1
Svalbard,Aphaneramma,251.2,248.9,1
Diana,Deltacephalus,251.902,248.9,1
Svalbard,Lyrocephaliscus,251.2,248.9,1
Svalbard,Lyrocephaliscus,251.2,248.9,1
Svalbard,Lyrocephaliscus,251.2,248.9,1
Svalbard,Lyrocephaliscus,251.2,248.9,1
Svalbard,Aphaneramma,251.2,248.9,1
Svalbard,Aphaneramma,251.2,248.9,1
Svalbard,Aphaneramma,251.2,248.9,1
Svalbard,Aphaneramma,251.2,248.9,1
Svalbard,Aphaneramma,251.2,248.9,1
Svalbard,Aphaneramma,251.2,248.9,1
Svalbard,Platystega,251.2,248.9,1
Svalbard,Tertrema,251.2,248.9,1
Svalbard,Peltostega,251.2,248.9,1
Svalbard,Tertrema,251.2,248.9,1
Svalbard,Aphaneramma,251.2,248.9,1
Svalbard,Aphaneramma,251.2,248.9,1
Svalbard,Aphaneramma,251.2,248.9,1
Svalbard,Lyrocephaliscus,251.2,248.9,1
Svalbard,Peltostega,251.2,248.9,1
Svalbard,Peltostega,251.2,248.9,1
Diana,Wantzosaurus,251.902,248.9,1
Diana,Edingerella,251.902,248.9,1
Diana,Edingerella,251.902,248.9,1
Diana,Edingerella,251.902,248.9,1
Diana,Mahavisaurus,251.902,248.9,1
Diana,Mahavisaurus,251.902,248.9,1
Diana,Tertremoides,251.902,248.9,1
Diana,Wantzosaurus,251.902,248.9,1
Diana,Wantzosaurus,251.902,248.9,1
Diana,Tertremoides,251.902,248.9,1
Diana,Tertremoides,251.902,248.9,1
Diana,Edingerella,251.902,248.9,1
Eastern Cape,Laidleria,247.2,242.0,1
Eastern Cape,Pneumatostega,251.902,251.2,1
Northern Cape,Pneumatostega,251.902,251.2,1
Eastern Cape,Rhinesuchoides,259.51,254.14,1
Eastern Cape,Laccosaurus,259.51,254.14,1
Free State,Kestrosaurus,248.9,247.2,1
Eastern Cape,Microposaurus,247.2,242.0,1
Eastern Cape,Micropholis,251.902,251.2,1
Eastern Cape,Micropholis,251.902,247.2,1
Eastern Cape,Micropholis,251.902,247.2,1
Eastern Cape,Micropholis,251.902,247.2,1
Eastern Cape,Micropholis,251.902,247.2,1
Eastern Cape,Micropholis,251.902,247.2,1
Eastern Cape,Micropholis,251.902,247.2,1
Eastern Cape,Micropholis,251.902,247.2,1
Eastern Cape,Micropholis,251.902,247.2,1
Eastern Cape,Micropholis,251.902,247.2,1
Eastern Cape,Micropholis,251.902,251.2,1
Eastern Cape,Micropholis,251.902,251.2,1
Eastern Cape,Micropholis,251.902,251.2,1
Free State,Micropholis,251.902,247.2,1
Free State,Micropholis,251.902,247.2,1
Free State,Micropholis,251.902,251.2,1
Free State,Micropholis,251.902,251.2,1
Free State,Micropholis,251.902,251.2,1
Free State,Micropholis,251.902,247.2,1
Free State,Micropholis,251.902,251.2,1
Free State,Micropholis,251.902,251.2,1
Free State,Micropholis,251.902,251.2,1
Eastern Cape,Trematosuchus,248.9,247.2,1
Eastern Cape,Trematosuchus,248.9,247.2,1
Free State,Trematosuchoides,248.9,247.2,1
Free State,Xenotosuchus,247.2,242.0,1
Free State,Microposaurus,247.2,242.0,1
Eastern Cape,Microposaurus,247.2,242.0,1
Eastern Cape,Batrachosuchus,247.2,242.0,1
Eastern Cape,Micropholis,251.902,247.2,1
Eastern Cape,Trematosuchus,251.2,247.2,1
Free State,Thabanchuia,251.902,251.2,1
Free State,Kestrosaurus,251.2,247.2,1
Free State,Kestrosaurus,251.2,247.2,1
Free State,Bathignathus,251.2,247.2,1
Eastern Cape,Xenotosuchus,247.2,242.0,1
Free State,Kestrosaurus,251.2,247.2,1
Eastern Cape,Watsonisuchus,248.9,247.2,1
Eastern Cape,Xenotosuchus,247.2,242.0,1
Eastern Cape,Watsonisuchus,251.902,251.2,1
Free State,Kestrosaurus,248.9,247.2,1
Free State,Kestrosaurus,248.9,247.2,1
Free State,Rhytidosteus,251.902,248.9,1
Tatarstan,Dvinosaurus,264.28,259.51,1
Madhya Pradesh,Rhinesuchus,259.51,251.902,1
Astrakhan,Inflectosaurus,248.9,247.2,1
Kostroma,Rhinesuchus,251.902,247.2,1
Kostroma,Rhinesuchus,251.902,247.2,1
Kirov,Rhinesuchus,251.902,247.2,1
Oklahoma,Perryella,286.1,273.01,1
Texas,Eryops,283.5,273.01,1
England,Stenotosaurus,237.0,201.4,1
Texas,Scapanops,298.9,293.52,1
New Mexico,Conjunctio,298.9,290.1,1
New Mexico,Conjunctio,303.7,286.1,1
Eastern Cape,Rhinesuchoides,259.51,254.14,1
West Bengal,Indobrachyops,251.902,248.9,1
England,Dasyceps,298.9,293.52,1
Ohio,Adamanterpeton,309.8,307.4,1
Ohio,Astreptorhachis,303.7,298.9,1
Northern Region,Rhineceps,259.51,254.14,1
Texas,Neldasaurus,298.9,286.1,1
Texas,Neldasaurus,298.9,286.1,1
Texas,Neldasaurus,298.9,286.1,1
Texas,Neldasaurus,298.9,273.01,1
Texas,Neldasaurus,298.9,286.1,1
Texas,Edops,303.7,286.1,1
Texas,Edops,298.9,286.1,1
Texas,Edops,298.9,293.52,1
Texas,Edops,298.9,293.52,1
New Mexico,Edops,298.9,273.01,1
Ohio,Edops,293.52,290.1,1
Texas,Chenoprosopus,303.7,286.1,1
New Mexico,Lafonius,303.7,298.9,1
Czechia,Dawsonerpeton,301.4,300.9,1
Thuringia,Branchierpeton,298.9,293.52,1
Saxony,Branchierpeton,298.9,283.5,1
Sachsen-Anhalt,Branchierpeton,307.4,300.3,1
Saxony,Branchierpeton,307.4,283.5,1
Czechia,Branchierpeton,300.9,300.3,1
Thuringia,Limnerpeton,303.7,298.9,1
Burgundy,Micromelerpeton,298.9,283.5,1
Czechia,Nyranerpeton,309.8,307.4,1
Czechia,Cochleosaurus,309.8,307.4,1
Texas,Eryops,283.5,273.01,1
Texas,Trimerorhachis,283.5,273.01,1
Texas,Trimerorhachis,286.1,273.01,1
Texas,Trimerorhachis,283.5,273.01,1
Texas,Trimerorhachis,283.5,273.01,1
Texas,Eryops,283.5,273.01,1
Ohio,Erpetosaurus,309.8,307.4,1
Texas,Eryops,283.5,273.01,1
Texas,Trimerorhachis,283.5,273.01,1
Texas,Eryops,283.5,273.01,1
Texas,Trimerorhachis,286.1,273.01,1
Texas,Trimerorhachis,286.1,273.01,1
New Mexico,Apachesaurus,227.0,208.5,1
Rhineland-Palatinate,Micromelerpeton,298.9,283.5,1
Saxony,Leptorophus,298.9,283.5,1
Kansas,Acroplous,293.52,290.1,1
Nebraska,Acroplous,298.9,293.52,1
Nebraska,Acroplous,298.9,293.52,1
Rhineland-Palatinate,Micromelerpeton,303.7,298.9,1
Orenburg,Dvinosaurus,264.28,256.8,1
Orenburg,Konzhukovia,266.9,264.28,1
Nebraska,Plemmyradytes,298.9,293.52,1
Pennsylvania,Fedexia,303.7,298.9,1
Texas,Broiliellus,298.9,286.1,1
New Mexico,Broiliellus,298.9,286.1,1
Saxony,Schoenfelderpeton,298.9,283.5,1
Illinois,Eumicrerpeton,309.8,307.4,1
New Mexico,Milnererpeton,303.7,298.9,1
Illinois,Amphibamus,309.8,307.4,1
Kansas,Eoscopus,303.7,298.9,1
Castilla-La Manacha,Iberospondylus,300.9,300.3,1
Oklahoma,Tersomius,290.1,283.5,1
New Mexico,Ecolsonia,298.9,286.1,1
New Mexico,Chenoprosopus,298.9,286.1,1
New Mexico,Eryops,298.9,286.1,1
New Mexico,Zatrachys,298.9,286.1,1
New Mexico,Platyhystrix,298.9,286.1,1
New Mexico,Ecolsonia,298.9,286.1,1
Kansas,Actiobates,305.9,303.7,1
New Mexico,Chenoprosopus,298.9,286.1,1
New Mexico,Eryops,298.9,286.1,1
New Mexico,Zatrachys,298.9,286.1,1
New Mexico,Platyhystrix,298.9,286.1,1
Czechia,Dawsonerpeton,301.4,300.9,1
Czechia,Branchiosaurus,309.8,307.4,1
Burgundy,Branchiosaurus,301.4,300.3,1
Rhineland-Palatinate,Leptorophus,298.9,283.5,1
Texas,Nanobamus,298.9,286.1,1
Texas,Phonerpeton,290.1,283.5,1
Oklahoma,Cacops,290.1,283.5,1
Texas,Parioxys,298.9,286.1,1
New Mexico,Ecolsonia,298.9,286.1,1
New Mexico,Eryops,298.9,286.1,1
New Mexico,Chenoprosopus,298.9,286.1,1
New Mexico,Eryops,298.9,286.1,1
New Mexico,Platyhystrix,298.9,286.1,1
New Mexico,Chenoprosopus,298.9,286.1,1
New Mexico,Eryops,298.9,286.1,1
New Mexico,Zatrachys,298.9,286.1,1
New Mexico,Platyhystrix,298.9,286.1,1
New Mexico,Lafonius,303.7,298.9,1
Texas,Brevidorsum,298.9,290.1,1
Texas,Parioxys,293.52,273.01,1
Texas,Parioxys,290.1,283.5,1
Czechia,Limnogyrinus,309.8,307.4,1
New Mexico,Aspidosaurus,303.7,298.9,1
Texas,Conjunctio,298.9,293.52,1
Texas,Trimerorhachis,283.5,273.01,1
New Mexico,Trimerorhachis,298.9,286.1,1
Ohio,Isodectes,309.8,307.4,1
Ohio,Isodectes,309.8,307.4,1
Illinois,Isodectes,309.8,307.4,1
Texas,Isodectes,283.5,273.01,1
Texas,Isodectes,283.5,273.01,1
Rhineland-Palatinate,Eimerisaurus,293.52,290.1,1
Rhineland-Palatinate,Eimerisaurus,293.52,290.1,1
Illinois,Amphibamus,309.8,307.4,1
Illinois,Miobatrachus,309.8,307.4,1
Komi,Aspidosaurus,276.5,266.9,1
Texas,Aspidosaurus,290.1,273.01,1
Oklahoma,Aspidosaurus,303.7,298.9,1
Nebraska,Aspidosaurus,303.7,298.9,1
Allier,Branchiosaurus,300.9,300.3,1
Czechia,Platyrhinops,309.8,307.4,1
Ohio,Platyrhinops,309.8,307.4,1
Ohio,Platyrhinops,309.8,307.4,1
Ohio,Platyrhinops,309.8,307.4,1
Texas,Platyhystrix,290.1,283.5,1
Texas,Platyhystrix,290.1,283.5,1
Kansas,Platyhystrix,303.7,298.9,1
Ohio,Stegops,309.8,307.4,1
Ohio,Stegops,309.8,307.4,1
Bashkortostan,Iratusaurus,266.9,264.28,1
Ohio,Macrerpeton,309.8,307.4,1
Czechia,Dasyceps,298.9,283.5,1
Czechia,Capetus,309.8,307.4,1
Komi,Clamorosaurus,276.5,273.01,1
Komi,Clamorosaurus,276.5,273.01,1
Czechia,Porierpeton,301.4,300.9,1
Saone et Laoire,Pleuronoura,298.9,283.5,1
Saone et Laoire,Actinodon,298.9,283.5,1
Saone et Laoire,Actinodon,298.9,283.5,1
Saone et Laoire,Actinodon,298.9,283.5,1
Thuringia,Apateon,303.7,298.9,1
Texas,Eryops,298.9,293.52,1
Thuringia,Onchiodon,303.7,298.9,1
Thuringia,Onchiodon,303.7,298.9,1
Thuringia,Onchiodon,298.9,293.52,1
Czechia,Melanerpeton,283.5,259.51,1
Thuringia,Melanerpeton,303.7,298.9,1
Thuringia,Melanerpeton,298.9,293.52,1
Thuringia,Melanerpeton,293.52,290.1,1
Thuringia,Onchiodon,293.52,290.1,1
Thuringia,Onchiodon,298.9,293.52,1
Thuringia,Onchiodon,298.9,290.1,1
Czechia,Onchiodon,283.5,259.51,1
Czechia,Onchiodon,298.9,283.5,1
Saxony,Onchiodon,298.9,273.01,1
Rhineland-Palatinate,Melanerpeton,298.9,283.5,1
Rhineland-Palatinate,Melanerpeton,298.9,293.52,1
Czechia,Melanerpeton,298.9,293.52,1
Thuringia,Apateon,298.9,293.52,1
Thuringia,Apateon,298.9,293.52,1
Thuringia,Apateon,298.9,293.52,1
Allier,Apateon,298.9,290.1,1
Czechia,Apateon,298.9,273.01,1
Thuringia,Apateon,298.9,293.52,1
Saone et Laoire,Apateon,298.9,283.5,1
Thuringia,Apateon,303.7,298.9,1
Saxony,Apateon,298.9,283.5,1
Thuringia,Apateon,293.52,290.1,1
Thuringia,Apateon,293.52,290.1,1
Rhineland-Palatinate,Apateon,298.9,283.5,1
Rhineland-Palatinate,Apateon,298.9,293.52,1
Rhineland-Palatinate,Apateon,298.9,293.52,1
Rhineland-Palatinate,Apateon,298.9,290.1,1
Rhineland-Palatinate,Apateon,303.7,293.52,1
Rhineland-Palatinate,Apateon,298.9,290.1,1
Rhineland-Palatinate,Apateon,298.9,293.52,1
Rhineland-Palatinate,Apateon,298.9,283.5,1
Rhineland-Palatinate,Apateon,298.9,293.52,1
Rhineland-Palatinate,Apateon,298.9,290.1,1
Saone et Laoire,Apateon,298.9,283.5,1
Burgundy,Apateon,298.9,283.5,1
Rhineland-Palatinate,Apateon,298.9,293.52,1
Rhineland-Palatinate,Apateon,300.3,297.7,1
Rhineland-Palatinate,Apateon,298.9,293.52,1
Rhineland-Palatinate,Apateon,298.9,293.52,1
Baden-Wurttemberg,Megalophthalma,239.7,237.0,1
Maranhao,Timonya,283.5,273.01,1
Piaui,Timonya,298.9,273.01,1
Piaui,Procuhy,298.9,273.01,1
Rhineland-Palatinate,Eryops,298.9,290.1,1
Rhineland-Palatinate,Palatinerpeton,298.9,290.1,1
Kashmir,Lysipterygium,298.9,290.1,1
Rhineland-Palatinate,Sclerocephalus,298.9,290.1,1
Rhineland-Palatinate,Sclerocephalus,298.9,283.5,1
Rhineland-Palatinate,Sclerocephalus,298.9,293.52,1
Rhineland-Palatinate,Sclerocephalus,298.9,293.52,1
Rhineland-Palatinate,Apateon,298.9,290.1,1
Rhineland-Palatinate,Sclerocephalus,298.9,290.1,1
Rhineland-Palatinate,Sclerocephalus,298.9,293.52,1
Rhineland-Palatinate,Sclerocephalus,298.9,290.1,1
Czechia,Sclerocephalus,298.9,283.5,1
Thuringia,Sclerocephalus,298.9,283.5,1
Thuringia,Sclerocephalus,298.9,283.5,1
Rhineland-Palatinate,Sclerocephalus,298.9,283.5,1
Thuringia,Sclerocephalus,298.9,293.52,1
Rhineland-Palatinate,Sclerocephalus,298.9,283.5,1
Rhineland-Palatinate,Sclerocephalus,298.9,283.5,1
Rhineland-Palatinate,Cheliderpeton,298.9,283.5,1
Rhineland-Palatinate,Sclerocephalus,298.9,293.52,1
Rhineland-Palatinate,Melanerpeton,298.9,293.52,1
Rhineland-Palatinate,Sclerocephalus,298.9,293.52,1
Rhineland-Palatinate,Sclerocephalus,298.9,293.52,1
Rhineland-Palatinate,Sclerocephalus,298.9,293.52,1
Rhineland-Palatinate,Sclerocephalus,298.9,293.52,1
Rhineland-Palatinate,Sclerocephalus,298.9,293.52,1
Rhineland-Palatinate,Sclerocephalus,298.9,293.52,1
Rhineland-Palatinate,Sclerocephalus,298.9,293.52,1
Rhineland-Palatinate,Sclerocephalus,298.9,293.52,1
Rhineland-Palatinate,Sclerocephalus,298.9,293.52,1
Saarland,Sclerocephalus,298.9,293.52,1
Saarland,Sclerocephalus,298.9,293.52,1
Czechia,Cheliderpeton,283.5,259.51,1
Czechia,Cheliderpeton,298.9,283.5,1
Saarland,Archegosaurus,298.9,293.52,1
Rhineland-Palatinate,Archegosaurus,298.9,283.5,1
Rhineland-Palatinate,Archegosaurus,298.9,283.5,1
Jammu and Kashmir,Kashmirosaurus,273.01,266.9,1
Kashmir,Kashmirosaurus,298.9,290.1,1
Kashmir,Kashmirosaurus,298.9,290.1,1
Rhineland-Palatinate,Glanochthon,298.9,293.52,1
Saarland,Glanochthon,298.9,283.5,1
Rhineland-Palatinate,Glanochthon,298.9,283.5,1
Rhineland-Palatinate,Glanochthon,298.9,290.1,1
Saarland,Glanochthon,298.9,293.52,1
Rhineland-Palatinate,Glanochthon,298.9,293.52,1
New Mexico,Chenoprosopus,303.7,298.9,1
Pennsylvania,Eryops,305.9,303.7,1
New Mexico,Chenoprosopus,298.9,286.1,1
New Mexico,Zatrachys,298.9,286.1,1
New Mexico,Platyhystrix,298.9,286.1,1
New Mexico,Eryops,298.9,286.1,1
New Mexico,Platyhystrix,298.9,286.1,1
Texas,Dissorophus,298.9,273.01,1
Texas,Zatrachys,283.5,273.01,1
West Virginia,Zatrachys,298.9,286.1,1
West Virginia,Zatrachys,298.9,286.1,1
Pennsylvania,Isodectes,307.4,300.3,1
Pennsylvania,Eryops,307.4,300.3,1
New Mexico,Platyhystrix,303.7,298.9,1
West Virginia,Edops,303.7,298.9,1
New Mexico,Trimerorhachis,298.9,286.1,1
New Mexico,Trimerorhachis,298.9,286.1,1
New Mexico,Eryops,298.9,286.1,1
New Mexico,Platyhystrix,298.9,286.1,1
New Mexico,Zatrachys,298.9,286.1,1
New Mexico,Eryops,303.7,286.1,1
New Mexico,Zatrachys,303.7,286.1,1
New Mexico,Aspidosaurus,303.7,286.1,1
Texas,Eryops,290.1,283.5,1
Texas,Zatrachys,290.1,283.5,1
Texas,Trimerorhachis,290.1,283.5,1
Texas,Eryops,298.9,286.1,1
Kansas,Acroplous,293.52,290.1,1
New Mexico,Trimerorhachis,293.52,283.5,1
Oklahoma,Trimerorhachis,286.1,273.01,1
Oklahoma,Eryops,286.1,273.01,1
Oklahoma,Trimerorhachis,286.1,273.01,1
Oklahoma,Eryops,286.1,273.01,1
Texas,Eryops,290.1,266.9,1
New Mexico,Eryops,298.9,286.1,1
New Mexico,Zatrachys,298.9,286.1,1
New Mexico,Trimerorhachis,298.9,286.1,1
New Mexico,Onchiodon,298.9,286.1,1
New Mexico,Eryops,303.7,290.1,1
New Mexico,Platyhystrix,303.7,290.1,1
New Mexico,Edops,298.9,286.1,1
New Mexico,Platyhystrix,298.9,286.1,1
New Mexico,Trimerorhachis,298.9,286.1,1
New Mexico,Trimerorhachis,298.9,286.1,1
New Mexico,Platyhystrix,298.9,286.1,1
Ohio,Broiliellus,298.9,290.1,1
Texas,Dissorophus,283.5,273.01,1
Thuringia,Apateon,298.9,293.52,1
Thuringia,Apateon,298.9,293.52,1
Thuringia,Apateon,298.9,293.52,1
Thuringia,Apateon,298.9,293.52,1
Thuringia,Apateon,298.9,293.52,1
Thuringia,Apateon,298.9,293.52,1
Thuringia,Apateon,298.9,293.52,1
Thuringia,Apateon,298.9,293.52,1
Thuringia,Apateon,298.9,293.52,1
Thuringia,Apateon,298.9,293.52,1
Thuringia,Apateon,298.9,293.52,1
Thuringia,Apateon,298.9,293.52,1
Thuringia,Apateon,298.9,293.52,1
Thuringia,Apateon,298.9,293.52,1
Thuringia,Apateon,298.9,293.52,1
Thuringia,Apateon,298.9,293.52,1
Thuringia,Apateon,298.9,293.52,1
Thuringia,Apateon,298.9,293.52,1
Thuringia,Apateon,298.9,293.52,1
Thuringia,Apateon,298.9,293.52,1
Thuringia,Apateon,298.9,293.52,1
Thuringia,Apateon,298.9,293.52,1
Thuringia,Apateon,298.9,293.52,1
Thuringia,Apateon,298.9,293.52,1
Thuringia,Apateon,298.9,293.52,1
Thuringia,Apateon,298.9,293.52,1
Thuringia,Apateon,298.9,293.52,1
Thuringia,Apateon,298.9,293.52,1
Thuringia,Apateon,298.9,293.52,1
Thuringia,Apateon,298.9,293.52,1
Thuringia,Apateon,298.9,293.52,1
Thuringia,Apateon,298.9,293.52,1
Thuringia,Apateon,298.9,293.52,1
Thuringia,Apateon,298.9,293.52,1
Thuringia,Apateon,298.9,293.52,1
Thuringia,Apateon,298.9,293.52,1
Thuringia,Apateon,298.9,293.52,1
Thuringia,Apateon,298.9,293.52,1
Thuringia,Apateon,298.9,293.52,1
Thuringia,Apateon,298.9,293.52,1
Thuringia,Apateon,298.9,293.52,1
Thuringia,Apateon,298.9,293.52,1
Thuringia,Apateon,298.9,293.52,1
Thuringia,Apateon,298.9,293.52,1
Thuringia,Apateon,298.9,293.52,1
Thuringia,Apateon,298.9,293.52,1
Thuringia,Apateon,298.9,293.52,1
Thuringia,Apateon,298.9,293.52,1
Thuringia,Apateon,298.9,293.52,1
Thuringia,Apateon,298.9,293.52,1
Thuringia,Apateon,298.9,293.52,1
Thuringia,Apateon,298.9,293.52,1
Thuringia,Apateon,298.9,293.52,1
Thuringia,Apateon,298.9,293.52,1
Thuringia,Apateon,298.9,293.52,1
Thuringia,Apateon,298.9,293.52,1
Thuringia,Apateon,298.9,293.52,1
Thuringia,Apateon,298.9,293.52,1
Thuringia,Apateon,298.9,293.52,1
Thuringia,Apateon,298.9,293.52,1
Thuringia,Apateon,298.9,293.52,1
Thuringia,Apateon,298.9,293.52,1
Thuringia,Apateon,298.9,293.52,1
Thuringia,Apateon,298.9,293.52,1
Thuringia,Apateon,298.9,293.52,1
Thuringia,Apateon,298.9,293.52,1
Thuringia,Apateon,298.9,293.52,1
Thuringia,Apateon,298.9,293.52,1
Thuringia,Apateon,298.9,293.52,1
Thuringia,Apateon,298.9,293.52,1
Thuringia,Apateon,298.9,293.52,1
Thuringia,Apateon,298.9,293.52,1
Thuringia,Apateon,298.9,293.52,1
Thuringia,Apateon,298.9,293.52,1
Thuringia,Apateon,298.9,293.52,1
Thuringia,Apateon,298.9,293.52,1
Thuringia,Apateon,298.9,293.52,1
Thuringia,Apateon,298.9,293.52,1
Thuringia,Apateon,298.9,293.52,1
Thuringia,Apateon,298.9,293.52,1
Thuringia,Apateon,298.9,293.52,1
Thuringia,Apateon,298.9,293.52,1
Thuringia,Apateon,298.9,293.52,1
Thuringia,Apateon,298.9,293.52,1
Thuringia,Apateon,298.9,293.52,1
Thuringia,Apateon,298.9,293.52,1
Thuringia,Apateon,298.9,293.52,1
Thuringia,Apateon,298.9,293.52,1
Thuringia,Apateon,298.9,293.52,1
Thuringia,Apateon,298.9,293.52,1
Thuringia,Apateon,298.9,293.52,1
Thuringia,Apateon,298.9,293.52,1
Thuringia,Apateon,298.9,293.52,1
Thuringia,Apateon,298.9,293.52,1
Thuringia,Apateon,298.9,293.52,1
Thuringia,Apateon,298.9,293.52,1
Thuringia,Apateon,298.9,293.52,1
Thuringia,Apateon,298.9,293.52,1
Thuringia,Apateon,298.9,293.52,1
Thuringia,Apateon,298.9,293.52,1
Thuringia,Apateon,298.9,293.52,1
Thuringia,Apateon,298.9,293.52,1
Thuringia,Apateon,298.9,293.52,1
Thuringia,Apateon,298.9,293.52,1
Thuringia,Apateon,298.9,293.52,1
Thuringia,Apateon,298.9,293.52,1
Thuringia,Apateon,298.9,293.52,1
Thuringia,Apateon,298.9,293.52,1
Thuringia,Apateon,298.9,293.52,1
Thuringia,Apateon,298.9,293.52,1
Thuringia,Apateon,298.9,293.52,1
Thuringia,Apateon,298.9,293.52,1
Thuringia,Apateon,298.9,293.52,1
Thuringia,Apateon,298.9,293.52,1
Thuringia,Apateon,298.9,293.52,1
Thuringia,Apateon,298.9,293.52,1
Thuringia,Apateon,298.9,293.52,1
Thuringia,Apateon,298.9,293.52,1
Thuringia,Apateon,298.9,293.52,1
Thuringia,Apateon,298.9,293.52,1
Thuringia,Apateon,298.9,293.52,1
Thuringia,Apateon,298.9,293.52,1
Thuringia,Apateon,298.9,293.52,1
Thuringia,Apateon,298.9,293.52,1
Thuringia,Apateon,298.9,293.52,1
Thuringia,Apateon,298.9,293.52,1
Thuringia,Apateon,298.9,293.52,1
Thuringia,Apateon,298.9,293.52,1
Thuringia,Apateon,298.9,293.52,1
Thuringia,Apateon,298.9,293.52,1
Thuringia,Apateon,298.9,293.52,1
Thuringia,Apateon,298.9,293.52,1
Thuringia,Apateon,298.9,293.52,1
Thuringia,Apateon,298.9,293.52,1
Thuringia,Apateon,298.9,293.52,1
Thuringia,Apateon,298.9,293.52,1
Thuringia,Apateon,298.9,293.52,1
Thuringia,Apateon,298.9,293.52,1
Thuringia,Apateon,298.9,293.52,1
Thuringia,Apateon,298.9,293.52,1
Thuringia,Apateon,298.9,293.52,1
Thuringia,Apateon,298.9,293.52,1
Thuringia,Apateon,298.9,293.52,1
Thuringia,Apateon,298.9,293.52,1
Thuringia,Apateon,298.9,293.52,1
Thuringia,Apateon,298.9,293.52,1
Thuringia,Apateon,298.9,293.52,1
Thuringia,Apateon,298.9,293.52,1
Thuringia,Apateon,298.9,293.52,1
Thuringia,Apateon,298.9,293.52,1
Thuringia,Apateon,298.9,293.52,1
Thuringia,Apateon,298.9,293.52,1
Thuringia,Apateon,298.9,293.52,1
Thuringia,Apateon,298.9,293.52,1
Thuringia,Apateon,298.9,293.52,1
Thuringia,Apateon,298.9,293.52,1
Thuringia,Apateon,298.9,293.52,1
Thuringia,Apateon,298.9,293.52,1
Thuringia,Apateon,298.9,293.52,1
Thuringia,Apateon,298.9,293.52,1
Thuringia,Apateon,298.9,293.52,1
Thuringia,Apateon,298.9,293.52,1
Thuringia,Apateon,298.9,293.52,1
Thuringia,Apateon,298.9,293.52,1
Thuringia,Apateon,298.9,293.52,1
Thuringia,Apateon,298.9,293.52,1
Thuringia,Apateon,298.9,293.52,1
Thuringia,Apateon,298.9,293.52,1
Thuringia,Apateon,298.9,293.52,1
Thuringia,Apateon,298.9,293.52,1
Thuringia,Apateon,298.9,293.52,1
Thuringia,Apateon,298.9,293.52,1
Thuringia,Apateon,298.9,293.52,1
Thuringia,Apateon,298.9,293.52,1
Thuringia,Apateon,298.9,293.52,1
Thuringia,Apateon,298.9,293.52,1
Thuringia,Apateon,298.9,293.52,1
Thuringia,Apateon,298.9,293.52,1
Thuringia,Apateon,298.9,293.52,1
Thuringia,Apateon,298.9,293.52,1
Thuringia,Apateon,298.9,293.52,1
Thuringia,Apateon,298.9,293.52,1
Thuringia,Apateon,298.9,293.52,1
Thuringia,Apateon,298.9,293.52,1
Thuringia,Apateon,298.9,293.52,1
Thuringia,Apateon,298.9,293.52,1
Thuringia,Apateon,298.9,293.52,1
Thuringia,Apateon,298.9,293.52,1
Thuringia,Apateon,298.9,293.52,1
Thuringia,Apateon,298.9,293.52,1
Thuringia,Apateon,298.9,293.52,1
Thuringia,Apateon,298.9,293.52,1
Thuringia,Apateon,298.9,293.52,1
Thuringia,Apateon,298.9,293.52,1
Thuringia,Apateon,298.9,293.52,1
Thuringia,Apateon,298.9,293.52,1
Thuringia,Apateon,298.9,293.52,1
Thuringia,Apateon,298.9,293.52,1
Thuringia,Apateon,298.9,293.52,1
Thuringia,Apateon,298.9,293.52,1
Thuringia,Apateon,298.9,293.52,1
Thuringia,Apateon,298.9,293.52,1
Thuringia,Apateon,298.9,293.52,1
Thuringia,Apateon,298.9,293.52,1
Thuringia,Apateon,298.9,293.52,1
Thuringia,Apateon,298.9,293.52,1
Thuringia,Apateon,298.9,293.52,1
Thuringia,Apateon,298.9,293.52,1
Thuringia,Apateon,298.9,293.52,1
Thuringia,Apateon,298.9,293.52,1
Thuringia,Apateon,298.9,293.52,1
Thuringia,Apateon,298.9,293.52,1
Thuringia,Apateon,298.9,293.52,1
Thuringia,Apateon,298.9,293.52,1
Thuringia,Apateon,298.9,293.52,1
Thuringia,Apateon,298.9,293.52,1
Thuringia,Apateon,298.9,293.52,1
Thuringia,Apateon,298.9,293.52,1
Thuringia,Apateon,298.9,293.52,1
Thuringia,Apateon,298.9,293.52,1
Thuringia,Apateon,298.9,293.52,1
Thuringia,Apateon,298.9,293.52,1
Thuringia,Apateon,298.9,293.52,1
Thuringia,Apateon,298.9,293.52,1
Thuringia,Apateon,298.9,293.52,1
Thuringia,Apateon,298.9,293.52,1
Thuringia,Apateon,298.9,293.52,1
Thuringia,Apateon,298.9,293.52,1
Thuringia,Apateon,298.9,293.52,1
Thuringia,Apateon,298.9,293.52,1
Thuringia,Apateon,298.9,293.52,1
Thuringia,Apateon,298.9,293.52,1
Thuringia,Apateon,298.9,293.52,1
Thuringia,Apateon,298.9,293.52,1
Thuringia,Apateon,298.9,293.52,1
Thuringia,Apateon,298.9,293.52,1
Thuringia,Apateon,298.9,293.52,1
Thuringia,Apateon,298.9,293.52,1
Thuringia,Apateon,298.9,293.52,1
Thuringia,Apateon,298.9,293.52,1
Thuringia,Apateon,298.9,293.52,1
Thuringia,Apateon,298.9,293.52,1
Thuringia,Apateon,298.9,293.52,1
Thuringia,Apateon,298.9,293.52,1
Thuringia,Apateon,298.9,293.52,1
Thuringia,Apateon,298.9,293.52,1
Thuringia,Apateon,298.9,293.52,1
Thuringia,Apateon,298.9,293.52,1
Thuringia,Apateon,298.9,293.52,1
Thuringia,Apateon,298.9,293.52,1
Thuringia,Apateon,298.9,293.52,1
Thuringia,Apateon,298.9,293.52,1
Thuringia,Apateon,298.9,293.52,1
Thuringia,Apateon,298.9,293.52,1
Thuringia,Apateon,298.9,293.52,1
Thuringia,Apateon,298.9,293.52,1
Thuringia,Apateon,298.9,293.52,1
Thuringia,Apateon,298.9,293.52,1
Thuringia,Apateon,298.9,293.52,1
Thuringia,Apateon,298.9,293.52,1
Thuringia,Apateon,298.9,293.52,1
Thuringia,Apateon,298.9,293.52,1
Thuringia,Apateon,298.9,293.52,1
Thuringia,Apateon,298.9,293.52,1
Thuringia,Apateon,298.9,293.52,1
Thuringia,Apateon,298.9,293.52,1
Thuringia,Apateon,298.9,293.52,1
Thuringia,Apateon,298.9,293.52,1
Thuringia,Apateon,298.9,293.52,1
Thuringia,Apateon,298.9,293.52,1
Thuringia,Apateon,298.9,293.52,1
Thuringia,Apateon,298.9,293.52,1
Thuringia,Apateon,298.9,293.52,1
Thuringia,Apateon,298.9,293.52,1
Thuringia,Apateon,298.9,293.52,1
Thuringia,Apateon,298.9,293.52,1
Thuringia,Apateon,298.9,293.52,1
Thuringia,Apateon,298.9,293.52,1
Thuringia,Apateon,298.9,293.52,1
Thuringia,Apateon,298.9,293.52,1
Thuringia,Apateon,298.9,293.52,1
Thuringia,Apateon,298.9,293.52,1
Thuringia,Apateon,298.9,293.52,1
Thuringia,Apateon,298.9,293.52,1
Thuringia,Apateon,298.9,293.52,1
Thuringia,Apateon,298.9,293.52,1
Thuringia,Apateon,298.9,293.52,1
Thuringia,Apateon,298.9,293.52,1
Thuringia,Apateon,298.9,293.52,1
Thuringia,Apateon,298.9,293.52,1
Thuringia,Apateon,298.9,293.52,1
Thuringia,Apateon,298.9,293.52,1
Thuringia,Apateon,298.9,293.52,1
Thuringia,Apateon,298.9,293.52,1
Thuringia,Apateon,298.9,293.52,1
Thuringia,Apateon,298.9,293.52,1
Thuringia,Apateon,298.9,293.52,1
Thuringia,Apateon,298.9,293.52,1
Thuringia,Apateon,298.9,293.52,1
Thuringia,Apateon,298.9,293.52,1
Thuringia,Apateon,298.9,293.52,1
Thuringia,Apateon,298.9,293.52,1
Thuringia,Apateon,298.9,293.52,1
Thuringia,Apateon,298.9,293.52,1
Thuringia,Apateon,298.9,293.52,1
Thuringia,Apateon,298.9,293.52,1
Thuringia,Apateon,298.9,293.52,1
Thuringia,Apateon,298.9,293.52,1
Thuringia,Apateon,298.9,293.52,1
Thuringia,Apateon,298.9,293.52,1
Thuringia,Apateon,298.9,293.52,1
Thuringia,Apateon,298.9,293.52,1
Thuringia,Apateon,298.9,293.52,1
Thuringia,Apateon,298.9,293.52,1
Thuringia,Apateon,298.9,293.52,1
Thuringia,Apateon,298.9,293.52,1
Thuringia,Apateon,298.9,293.52,1
Thuringia,Apateon,298.9,293.52,1
Thuringia,Apateon,298.9,293.52,1
Thuringia,Apateon,298.9,293.52,1
Thuringia,Apateon,298.9,293.52,1
Thuringia,Apateon,298.9,293.52,1
Thuringia,Apateon,298.9,293.52,1
Thuringia,Apateon,298.9,293.52,1
Thuringia,Apateon,298.9,293.52,1
Thuringia,Apateon,298.9,293.52,1
Thuringia,Apateon,298.9,293.52,1
Thuringia,Apateon,298.9,293.52,1
Thuringia,Apateon,298.9,293.52,1
Thuringia,Apateon,298.9,293.52,1
Thuringia,Apateon,298.9,293.52,1
Thuringia,Apateon,298.9,293.52,1
Thuringia,Apateon,298.9,293.52,1
Thuringia,Apateon,298.9,293.52,1
Thuringia,Apateon,298.9,293.52,1
Thuringia,Apateon,298.9,293.52,1
Thuringia,Apateon,298.9,293.52,1
Thuringia,Apateon,298.9,293.52,1
Thuringia,Apateon,298.9,293.52,1
Thuringia,Apateon,298.9,293.52,1
Thuringia,Apateon,298.9,293.52,1
Thuringia,Apateon,298.9,293.52,1
Thuringia,Apateon,298.9,293.52,1
Thuringia,Apateon,298.9,293.52,1
Thuringia,Apateon,298.9,293.52,1
Thuringia,Apateon,298.9,293.52,1
Thuringia,Apateon,298.9,293.52,1
Thuringia,Apateon,298.9,293.52,1
Thuringia,Apateon,298.9,293.52,1
Thuringia,Apateon,298.9,293.52,1
Thuringia,Apateon,298.9,293.52,1
Thuringia,Apateon,298.9,293.52,1
Thuringia,Apateon,298.9,293.52,1
Thuringia,Apateon,298.9,293.52,1
Thuringia,Apateon,298.9,293.52,1
Thuringia,Apateon,298.9,293.52,1
Thuringia,Apateon,298.9,293.52,1
Thuringia,Apateon,298.9,293.52,1
Thuringia,Apateon,298.9,293.52,1
Thuringia,Apateon,298.9,293.52,1
Thuringia,Apateon,298.9,293.52,1
Thuringia,Apateon,298.9,293.52,1
Thuringia,Apateon,298.9,293.52,1
Thuringia,Apateon,298.9,293.52,1
Thuringia,Apateon,298.9,293.52,1
Thuringia,Apateon,298.9,293.52,1
Thuringia,Apateon,298.9,293.52,1
Thuringia,Apateon,298.9,293.52,1
Thuringia,Apateon,298.9,293.52,1
Thuringia,Apateon,298.9,293.52,1
Thuringia,Apateon,298.9,293.52,1
Thuringia,Apateon,298.9,293.52,1
Thuringia,Apateon,298.9,293.52,1
Thuringia,Apateon,298.9,293.52,1
Thuringia,Apateon,298.9,293.52,1
Thuringia,Apateon,298.9,293.52,1
Thuringia,Apateon,298.9,293.52,1
Thuringia,Apateon,298.9,293.52,1
Thuringia,Apateon,298.9,293.52,1
Thuringia,Apateon,298.9,293.52,1
Thuringia,Apateon,298.9,293.52,1
Thuringia,Apateon,298.9,293.52,1
Thuringia,Apateon,298.9,293.52,1
Thuringia,Apateon,298.9,293.52,1
Thuringia,Apateon,298.9,293.52,1
Thuringia,Apateon,298.9,293.52,1
Thuringia,Apateon,298.9,293.52,1
Thuringia,Apateon,298.9,293.52,1
Thuringia,Apateon,298.9,293.52,1
Thuringia,Apateon,298.9,293.52,1
Thuringia,Apateon,298.9,293.52,1
Thuringia,Apateon,298.9,293.52,1
Thuringia,Apateon,298.9,293.52,1
Thuringia,Apateon,298.9,293.52,1
Thuringia,Apateon,298.9,293.52,1
Thuringia,Apateon,298.9,293.52,1
Thuringia,Apateon,298.9,293.52,1
Thuringia,Apateon,298.9,293.52,1
Thuringia,Apateon,298.9,293.52,1
Thuringia,Apateon,298.9,293.52,1
Thuringia,Apateon,298.9,293.52,1
Thuringia,Apateon,298.9,293.52,1
Thuringia,Apateon,298.9,293.52,1
Thuringia,Apateon,298.9,293.52,1
Thuringia,Apateon,298.9,293.52,1
Thuringia,Apateon,298.9,293.52,1
Thuringia,Apateon,298.9,293.52,1
Thuringia,Apateon,298.9,293.52,1
Thuringia,Apateon,298.9,293.52,1
Thuringia,Apateon,298.9,293.52,1
Thuringia,Apateon,298.9,293.52,1
Thuringia,Apateon,298.9,293.52,1
Thuringia,Apateon,298.9,293.52,1
Thuringia,Apateon,298.9,293.52,1
Thuringia,Apateon,298.9,293.52,1
Thuringia,Apateon,298.9,293.52,1
Thuringia,Apateon,298.9,293.52,1
Thuringia,Apateon,298.9,293.52,1
Thuringia,Apateon,298.9,293.52,1
Thuringia,Apateon,298.9,293.52,1
Thuringia,Apateon,298.9,293.52,1
Thuringia,Apateon,298.9,293.52,1
Thuringia,Apateon,298.9,293.52,1
Thuringia,Apateon,298.9,293.52,1
Thuringia,Apateon,298.9,293.52,1
Thuringia,Apateon,298.9,293.52,1
Thuringia,Apateon,298.9,293.52,1
Thuringia,Apateon,298.9,293.52,1
Thuringia,Apateon,298.9,293.52,1
Thuringia,Apateon,298.9,293.52,1
Thuringia,Apateon,298.9,293.52,1
Thuringia,Apateon,298.9,293.52,1
Thuringia,Apateon,298.9,293.52,1
Thuringia,Apateon,298.9,293.52,1
Thuringia,Apateon,298.9,293.52,1
Thuringia,Apateon,298.9,293.52,1
Thuringia,Apateon,298.9,293.52,1
Thuringia,Apateon,298.9,293.52,1
Thuringia,Apateon,298.9,293.52,1
Thuringia,Apateon,298.9,293.52,1
Thuringia,Apateon,298.9,293.52,1
Thuringia,Apateon,298.9,293.52,1
Thuringia,Apateon,298.9,293.52,1
Thuringia,Apateon,298.9,293.52,1
Thuringia,Apateon,298.9,293.52,1
Thuringia,Apateon,298.9,293.52,1
Thuringia,Apateon,298.9,293.52,1
Thuringia,Apateon,298.9,293.52,1
Thuringia,Apateon,298.9,293.52,1
Thuringia,Apateon,298.9,293.52,1
Thuringia,Apateon,298.9,293.52,1
Thuringia,Apateon,298.9,293.52,1
Thuringia,Apateon,298.9,293.52,1
Thuringia,Apateon,298.9,293.52,1
Thuringia,Apateon,298.9,293.52,1
Thuringia,Apateon,298.9,293.52,1
Thuringia,Apateon,298.9,293.52,1
Thuringia,Apateon,298.9,293.52,1
Thuringia,Apateon,298.9,293.52,1
Thuringia,Apateon,298.9,293.52,1
Thuringia,Apateon,298.9,293.52,1
Thuringia,Apateon,298.9,293.52,1
Thuringia,Apateon,298.9,293.52,1
Thuringia,Apateon,298.9,293.52,1
Thuringia,Apateon,298.9,293.52,1
Thuringia,Apateon,298.9,293.52,1
Thuringia,Apateon,298.9,293.52,1
Thuringia,Apateon,298.9,293.52,1
Thuringia,Apateon,298.9,293.52,1
Thuringia,Apateon,298.9,293.52,1
Thuringia,Apateon,298.9,293.52,1
Thuringia,Apateon,298.9,293.52,1
Thuringia,Apateon,298.9,293.52,1
Thuringia,Apateon,298.9,293.52,1
Thuringia,Apateon,298.9,293.52,1
Thuringia,Apateon,298.9,293.52,1
Thuringia,Apateon,298.9,293.52,1
Thuringia,Apateon,298.9,293.52,1
Thuringia,Apateon,298.9,293.52,1
Thuringia,Apateon,298.9,293.52,1
Thuringia,Apateon,298.9,293.52,1
Thuringia,Apateon,298.9,293.52,1
Thuringia,Apateon,298.9,293.52,1
Thuringia,Apateon,298.9,293.52,1
Thuringia,Apateon,298.9,293.52,1
Thuringia,Apateon,298.9,293.52,1
Thuringia,Apateon,298.9,293.52,1
Thuringia,Apateon,298.9,293.52,1
Thuringia,Apateon,298.9,293.52,1
Thuringia,Apateon,298.9,293.52,1
Thuringia,Apateon,298.9,293.52,1
Thuringia,Apateon,298.9,293.52,1
Thuringia,Apateon,298.9,293.52,1
Thuringia,Apateon,298.9,293.52,1
Thuringia,Apateon,298.9,293.52,1
Thuringia,Apateon,298.9,293.52,1
Thuringia,Apateon,298.9,293.52,1
Thuringia,Apateon,298.9,293.52,1
Thuringia,Apateon,298.9,293.52,1
Thuringia,Apateon,298.9,293.52,1
Thuringia,Apateon,298.9,293.52,1
Thuringia,Apateon,298.9,283.5,1
Thuringia,Apateon,298.9,293.52,1
Thuringia,Apateon,298.9,293.52,1
Thuringia,Eryops,298.9,293.52,1
Pennsylvania,Glaukerpeton,307.4,300.3,1
Czechia,Cheliderpeton,298.9,293.52,1
Czechia,Archegosaurus,298.9,293.52,1
Rio Grande do Sul,Compsocerops,237.0,227.0,1
Nizhegorod,Dvinosaurus,259.51,256.8,1
Vladimir,Dvinosaurus,264.28,256.8,1
Nizhegorod,Tupilakosaurus,251.902,251.2,1
Free State,Batrachosuchus,247.2,242.0,1
Santa Catarina ,Parapytanga,273.01,254.14,1
Parana,Australerpeton,266.9,254.14,1
Parana,Konzhukovia,266.9,254.14,1
Colorado,Chinlestegophis,227.0,201.4,1
Colorado,Chinlestegophis,227.0,208.5,1
Parana,Australerpeton,266.9,254.14,1
Rio Grande do Sul,Konzhukovia,266.9,259.51,1
Rio Grande do Sul,Bageherpeton,273.01,259.51,1
Western Cape,Rhinesuchus,264.28,259.51,1
Austria,Mastodonsaurus,244.7,242.0,1
Bashkortostan,Bashkirosaurus,266.9,264.28,1
Orenburg,Uralosuchus,266.9,259.51,1
Orenburg,Konzhukovia,266.9,259.51,1
Tatarstan,Melosaurus,276.5,266.9,1
Komi,Koinia,276.5,266.9,1
Udmurtia,Melosaurus,276.5,266.9,1
Udmurtia,Platyoposaurus,276.5,266.9,1
Perm,Kamacops,266.9,264.28,1
Perm,Kamacops,266.9,264.28,1
Perm,Collidosuchus,266.9,264.28,1
Perm,Konzhukovia,266.9,264.28,1
Perm,Konzhukovia,266.9,264.28,1
Ruvuma,Stanocephalosaurus,247.2,242.0,1
Ruvuma,Stanocephalosaurus,247.2,242.0,1
Tatarstan,Tryphosuchus,266.9,259.51,1
Bashkortostan,Platyoposaurus,266.9,264.28,1
Orenburg,Dvinosaurus,264.28,256.8,1
Volgograd,Dvinosaurus,264.28,256.8,1
Volgograd,Dvinosaurus,264.28,256.8,1
Vladimir,Dvinosaurus,259.51,256.8,1
Orenburg,Dvinosaurus,264.28,256.8,1
Orenburg,Dvinosaurus,264.28,259.51,1
Bashkortostan,Zygosaurus,266.9,264.28,1
Kirov,Luzocephalus,251.902,247.2,1
Komi,Batrachosuchoides,251.2,247.2,1
Archangelsk,Batrachosuchoides,251.2,247.2,1
Archangelsk,Dvinosaurus,264.28,256.8,1
Archangelsk,Dvinosaurus,264.28,256.8,1
Archangelsk,Dvinosaurus,264.28,256.8,1
Archangelsk,Dvinosaurus,264.28,256.8,1
Texas,Aspidosaurus,283.5,273.01,1
Orenburg,Plagioscutum,247.2,242.0,1
Orenburg,Eryosuchus,247.2,242.0,1
Orenburg,Eryosuchus,247.2,242.0,1
Orenburg,Bukobaja,247.2,242.0,1
Kazakhstan,Plagioscutum,242.0,237.0,1
Kazakhstan,Plagioscutum,247.2,237.0,1
Archangelsk,Melanopelta,251.2,247.2,1
Kirov,Melanopelta,251.2,247.2,1
Bashkortostan,Plagiorophus,242.0,237.0,1
Sakha Republic,Boreopelta,251.2,247.2,1
Orenburg,Platyoposaurus,273.01,266.9,1
Grand Est,Mastodonsaurus,242.0,237.0,1
Western Cape,Rhinesuchoides,264.28,259.51,1
Western Cape,Lydekkerina,259.51,251.902,1
Western Cape,Lydekkerina,259.51,251.902,1
Maranhao,Prionosuchus,283.5,273.01,1
Mendoza,Pelorocephalus,237.0,208.5,1
Mendoza,Pelorocephalus,237.0,208.5,1
Mendoza,Pelorocephalus,237.0,208.5,1
Orenburg,Syrtosuchus,251.902,251.2,1
Nizhegorod,Wetlugasaurus,251.2,247.2,1
Orenburg,Wetlugasaurus,251.2,247.2,1
Samara,Wetlugasaurus,251.2,247.2,1
Ruvuma,Peltobatrachus,259.51,254.14,1
Ruvuma,Peltobatrachus,259.51,254.14,1
Ruvuma,Peltobatrachus,259.51,254.14,1
Uruguay,Arachana,237.0,201.4,1
Rio Grande do Sul,Tomeia,251.902,247.2,1
Westphalia,Cyclotosaurus,237.0,227.0,1
Czechia,Sclerocephalus,298.9,290.1,1
Diana,Aphaneramma,251.902,248.9,1
Hubei,Yuanansuchus,247.2,242.0,1
Yaroslavl,Thoosuchus,251.2,247.2,1
Arizona,Apachesaurus,227.0,208.5,1
Eastern Cape,Bathignathus,247.2,242.0,1
Samara,Qantas,251.2,247.2,1
Samara,Benthosuchus,251.2,247.2,1
Samara,Syrtosuchus,251.902,251.2,1
Orenburg,Prothoosuchus,251.2,247.2,1
Orenburg,Thoosuchus,251.2,247.2,1
Orenburg,Qantas,251.2,247.2,1
Orenburg,Benthosuchus,251.2,247.2,1
Astrakhan,Inflectosaurus,248.9,247.2,1
Komi,Trematosaurus,251.2,247.2,1
Buzulukskij,Angusaurus,251.2,248.9,1
Samara,Angusaurus,251.2,248.9,1
Ivanovo,Angusaurus,251.902,247.2,1
Yaroslavl,Angusaurus,251.2,247.2,1
Orenburg,Tupilakosaurus,251.902,251.2,1
Orenburg,Qantas,251.902,251.2,1
Orenburg,Selenocara,251.902,251.2,1
Orenburg,Samarabatrachus,251.902,251.2,1
Samara,Syrtosuchus,251.902,247.2,1
Orenburg,Trematotegmen,251.902,251.2,1
Bashkortostan,Yarengia,248.9,247.2,1
Bashkortostan,Parotosuchus,248.9,247.2,1
Bashkortostan,Wetlugasaurus,251.2,247.2,1
Bashkortostan,Benthosuchus,251.2,247.2,1
Bashkortostan,Parotosuchus,248.9,247.2,1
Bashkortostan,Parotosuchus,248.9,247.2,1
Orenburg,Tupilakosaurus,251.902,251.2,1
Orenburg,Yarengia,248.9,247.2,1
Orenburg,Parotosuchus,248.9,247.2,1
Orenburg,Parotosuchus,248.9,247.2,1
Orenburg,Parotosuchus,248.9,247.2,1
Orenburg,Parotosuchus,248.9,247.2,1
Orenburg,Wetlugasaurus,248.9,247.2,1
Orenburg,Benthosuchus,251.2,248.9,1
Orenburg,Benthosuchus,251.2,248.9,1
Orenburg,Wetlugasaurus,251.2,247.2,1
Orenburg,Tupilakosaurus,251.902,251.2,1
Orenburg,Benthosuchus,251.2,248.9,1
Orenburg,Benthosuchus,251.2,248.9,1
Orenburg,Wetlugasaurus,251.2,247.2,1
Orenburg,Parotosuchus,248.9,247.2,1
Orenburg,Rhytidosteus,248.9,247.2,1
Orenburg,Batrachosuchoides,248.9,247.2,1
Orenburg,Plagioscutum,247.2,242.0,1
Orenburg,Parotosuchus,248.9,247.2,1
Orenburg,Batrachosuchoides,248.9,247.2,1
Orenburg,Tupilakosaurus,251.902,251.2,1
Orenburg,Benthosuchus,251.2,248.9,1
Orenburg,Wetlugasaurus,251.2,247.2,1
Orenburg,Wetlugasaurus,251.2,247.2,1
Orenburg,Trematosaurus,251.2,247.2,1
Orenburg,Benthosuchus,251.2,248.9,1
Orenburg,Thoosuchus,251.2,247.2,1
Orenburg,Wetlugasaurus,251.2,247.2,1
Orenburg,Wetlugasaurus,251.2,247.2,1
Orenburg,Tupilakosaurus,251.902,251.2,1
Orenburg,Benthosuchus,251.2,248.9,1
Orenburg,Parotosuchus,248.9,247.2,1
Orenburg,Benthosuchus,251.2,248.9,1
Orenburg,Wetlugasaurus,251.2,247.2,1
Orenburg,Wetlugasaurus,251.2,247.2,1
Orenburg,Trematosaurus,251.2,247.2,1
Orenburg,Benthosuchus,251.2,248.9,1
Orenburg,Thoosuchus,251.2,247.2,1
Orenburg,Benthosuchus,251.2,248.9,1
Orenburg,Thoosuchus,251.2,248.9,1
Orenburg,Benthosuchus,251.2,247.2,1
Orenburg,Tupilakosaurus,251.902,251.2,1
Orenburg,Parotosuchus,248.9,247.2,1
Orenburg,Benthosuchus,251.2,248.9,1
Orenburg,Syrtosuchus,251.902,247.2,1
Orenburg,Benthosuchus,251.902,247.2,1
Orenburg,Wetlugasaurus,251.2,248.9,1
Orenburg,Thoosuchus,251.2,248.9,1
Orenburg,Syrtosuchus,251.902,251.2,1
Orenburg,Benthosuchus,251.2,248.9,1
Orenburg,Thoosuchus,251.2,247.2,1
Orenburg,Wetlugasaurus,251.2,247.2,1
Orenburg,Syrtosuchus,251.902,251.2,1
Orenburg,Benthosuchus,251.2,248.9,1
Orenburg,Thoosuchus,251.2,248.9,1
Orenburg,Benthosuchus,251.2,248.9,1
Orenburg,Syrtosuchus,251.902,251.2,1
Orenburg,Benthosuchus,251.2,248.9,1
Orenburg,Thoosuchus,251.2,248.9,1
Orenburg,Benthosuchus,251.2,248.9,1
Orenburg,Thoosuchus,251.2,247.2,1
Orenburg,Wetlugasaurus,251.2,247.2,1
Orenburg,Angusaurus,248.9,247.2,1
Orenburg,Tupilakosaurus,251.902,251.2,1
Orenburg,Tupilakosaurus,251.902,251.2,1
Orenburg,Thoosuchus,251.2,247.2,1
Orenburg,Benthosuchus,251.2,248.9,1
Orenburg,Thoosuchus,251.2,248.9,1
Orenburg,Trematotegmen,251.2,248.9,1
Orenburg,Benthosuchus,251.2,248.9,1
Orenburg,Benthosuchus,251.2,248.9,1
Orenburg,Trematosaurus,248.9,247.2,1
Orenburg,Parotosuchus,248.9,247.2,1
Orenburg,Wetlugasaurus,251.902,251.2,1
Orenburg,Tupilakosaurus,251.902,251.2,1
Orenburg,Benthosuchus,251.2,248.9,1
Orenburg,Tupilakosaurus,251.902,251.2,1
Orenburg,Benthosuchus,251.2,248.9,1
Orenburg,Syrtosuchus,251.902,251.2,1
Orenburg,Syrtosuchus,251.902,251.2,1
Orenburg,Tupilakosaurus,251.902,251.2,1
Orenburg,Syrtosuchus,251.902,251.2,1
Orenburg,Syrtosuchus,251.902,251.2,1
Orenburg,Benthosuchus,251.2,248.9,1
Orenburg,Trematosaurus,248.9,247.2,1
Orenburg,Benthosuchus,251.2,248.9,1
Orenburg,Benthosuchus,251.2,248.9,1
Orenburg,Benthosuchus,251.2,248.9,1
Orenburg,Benthosuchus,251.2,248.9,1
Samara,Wetlugasaurus,251.2,247.2,1
Samara,Angusaurus,248.9,247.2,1
Samara,Wetlugasaurus,251.2,247.2,1
Samara,Prothoosuchus,251.2,247.2,1
Samara,Wetlugasaurus,251.902,247.2,1
Samara,Thoosuchus,251.902,247.2,1
Samara,Thoosuchus,251.2,247.2,1
Samara,Angusaurus,248.9,247.2,1
Samara,Benthosuchus,251.2,248.9,1
Samara,Thoosuchus,251.2,248.9,1
Samara,Qantas,251.2,248.9,1
Samara,Tupilakosaurus,251.902,251.2,1
Samara,Prothoosuchus,248.9,247.2,1
Samara,Tupilakosaurus,251.902,251.2,1
Primorye,Benthosphenus,251.2,248.9,1
Orenburg,Platyoposaurus,266.9,256.8,1
Orenburg,Tryphosuchus,266.9,256.8,1
Orenburg,Dvinosaurus,266.9,256.8,1
Orenburg,Dvinosaurus,264.28,259.51,1
New Mexico,Eocyclotosaurus,247.2,242.0,1
Texas,Apachesaurus,237.0,227.0,1
Texas,Anaschisma,237.0,208.5,1
Texas,Apachesaurus,237.0,208.5,1
Western Cape,Rhinesuchus,259.51,251.902,1
Diana,Mahavisaurus,251.902,248.9,1
Diana,Mahavisaurus,251.902,248.9,1
Baden-Wurttemberg,Mastodonsaurus,247.2,242.0,1
In Amenas,Stanocephalosaurus,251.902,237.0,1
Sachsen-Anhalt,Parotosuchus,248.9,247.2,1
Sachsen-Anhalt,Trematosaurus,248.9,247.2,1
Komi,Parotosuchus,251.2,247.2,1
Kazakhstan,Parotosuchus,248.9,247.2,1
Western Cape,Rhinesuchus,264.28,259.51,1
Northern Cape,Rhinesuchus,264.28,259.51,1
Western Cape,Rhinesuchus,259.51,254.14,1
Free State,Uranocentrodon,259.51,251.902,1
Baden-Wurttemberg,Plagiosternum,239.7,237.0,1
Thuringia,Plagiosternum,239.7,237.0,1
Thuringia,Plagiosternum,239.7,237.0,1
Thuringia,Plagiosternum,239.7,237.0,1
Thuringia,Plagiosternum,239.7,237.0,1
Thuringia,Plagiosternum,242.0,237.0,1
Thuringia,Plagiosternum,242.0,227.0,1
Thuringia,Plagiosuchus,242.0,227.0,1
Thuringia,Plagiosuchus,239.7,237.0,1
Baden-Wurttemberg,Gerrothorax,247.2,237.0,1
Grand Est,Gerrothorax,242.0,237.0,1
Thuringia,Gerrothorax,242.0,237.0,1
Baden-Wurttemberg,Gerrothorax,237.0,227.0,1
Marrakech,Almasaurus,237.0,227.0,1
Schwarzwald,Mastodonsaurus,247.2,242.0,1
Baden-Wurttemberg,Mastodonsaurus,247.2,244.7,1
Bavaria,Mastodonsaurus,247.2,242.0,1
Baden-Wurttemberg,Tatrasuchus,239.7,237.0,1
Baden-Wurttemberg,Tatrasuchus,239.7,237.0,1
Baden-Wurttemberg,Tatrasuchus,239.7,237.0,1
Baden-Wurttemberg,Eocyclotosaurus,247.2,242.0,1
Baden-Wurttemberg,Heptasaurus,247.2,242.0,1
Baden-Wurttemberg,Eocyclotosaurus,247.2,244.7,1
Baden-Wurttemberg,Eocyclotosaurus,247.2,244.7,1
Baden-Wurttemberg,Stenotosaurus,248.9,245.5,1
Baden-Wurttemberg,Cyclotosaurus,216.7,213.2,1
Baden-Wurttemberg,Cyclotosaurus,227.0,208.5,1
Sachsen-Anhalt,Cyclotosaurus,208.5,201.4,1
Orenburg,Anthichnium,266.9,256.8,1
Arizona,Vigilius,247.2,244.7,1
Eastern Cape,Xenotosuchus,247.2,242.0,1
Free State,Xenotosuchus,247.2,242.0,1
Opole,Mentosaurus,247.2,242.0,1
Opole,Eurycervix,247.2,242.0,1
Austria,Metoposaurus,237.0,233.4,1
Archangelsk,Komatosuchus,251.2,247.2,1
Kostroma,Benthosuchus,251.2,247.2,1
Volgograd,Benthosuchus,251.2,247.2,1
Vosges,Eocyclotosaurus,247.2,242.0,1
Bas-Rhin,Eocyclotosaurus,247.2,242.0,1
Baden-Wurttemberg,Cyclotosaurus,242.0,237.0,1
San Juan,Promastodonsaurus,237.0,208.5,1
Westphalia,Mastodonsaurus,247.2,242.0,1
Archangelsk,Yarengia,251.2,247.2,1
Kirov,Vladlenosaurus,251.902,247.2,1
Saxony,Archegosaurus,293.52,290.1,1
Thuringia,Limnogyrinus,298.9,283.5,1
Texas,Tersomius,298.9,286.1,1
Texas,Pasawioops,298.9,286.1,1
Texas,Reiszerpeton,298.9,290.1,1
Czechia,Cochleosaurus,309.8,307.4,1
Czechia,Chelydosaurus,283.5,259.51,1
Czechia,Sclerocephalus,298.9,283.5,1
Czechia,Potamochoston,309.8,307.4,1
Ohio,Stegops,309.8,307.4,1
Czechia,Melanerpeton,298.9,273.01,1
Czechia,Mordex,309.8,307.4,1
Czechia,Cochleosaurus,309.8,307.4,1
Czechia,Macromerium,309.8,307.4,1
Czechia,Limnerpeton,309.8,307.4,1
Czechia,Limnerpeton,309.8,307.4,1
Czechia,Sparagmites,309.8,307.4,1
Pennsylvania,Branchiosaurus,307.0,298.9,1
Western Cape,Rhinesuchus,264.28,259.51,1
Western Cape,Rhinesuchoides,264.28,259.51,1
Texas,Zatrachys,290.1,283.5,1
Texas,Eryops,290.1,283.5,1
Texas,Cacops,283.5,273.01,1
Texas,Anaschisma,237.0,208.5,1
Texas,Eryops,298.9,286.1,1
Texas,Eryops,298.9,290.1,1
Texas,Eryops,298.9,293.52,1
Texas,Eryops,298.9,293.52,1
Madhya Pradesh,Eodiscoglossus,237.0,227.0,1
Madhya Pradesh,Metoposaurus,237.0,227.0,1
Madhya Pradesh,Metoposaurus,237.0,227.0,1
Svalbard,Lyrocephaliscus,251.2,248.9,1
Kansas,Eryops,303.7,298.9,1
Kansas,Trimerorhachis,303.7,298.9,1
Oklahoma,Aspidosaurus,290.1,283.5,1
Oklahoma,Dissorophus,290.1,283.5,1
Colorado,Conjunctio,298.9,286.1,1
Burgundy,Nyranerpeton,301.4,300.3,1
Illinois,Amphibamus,309.8,307.4,1
Arizona,Anaschisma,227.0,208.5,1
Oklahoma,Nooxobeia,273.01,264.28,1
Allier,Anthracobamus,300.9,300.3,1
Allier,Branchiosaurus,300.9,300.3,1
Czechia,Korkonterpeton,298.9,293.52,1
Thuringia,Schoenfelderpeton,298.9,293.52,1
Thuringia,Glanochthon,298.9,293.52,1
Thuringia,Apateon,298.9,293.52,1
Thuringia,Melanerpeton,298.9,293.52,1
Thuringia,Sclerocephalus,298.9,293.52,1
Texas,Metoposaurus,227.0,208.5,1
Westphalia,Cyclotosaurus,208.5,201.4,1
Utah,Eryops,307.0,273.01,1
New Mexico,Eryops,293.52,283.5,1
New Mexico,Zatrachys,298.9,286.1,1
West Bengal,Capulomala,251.902,248.9,1
Queensland,Capulomala,251.902,251.2,1
Queensland,Capulomala,251.902,251.2,1
Queensland,Capulomala,251.902,251.2,1
Volgograd,Benthosuchus,251.902,247.2,1
New Mexico,Bermanerpeton,303.7,298.9,1
Netherland,Capitosauroides,247.2,242.0,1
Oklahoma,Trimerorhachis,290.1,283.5,1
Oklahoma,Trimerorhachis,298.9,251.902,1
Oklahoma,Trimerorhachis,298.9,251.902,1
Oklahoma,Trimerorhachis,298.9,251.902,1
Oklahoma,Eryops,298.9,251.902,1
Oklahoma,Acheloma,298.9,251.902,1
Oklahoma,Trimerorhachis,298.9,251.902,1
Oklahoma,Eryops,298.9,251.902,1
Oklahoma,Acheloma,298.9,251.902,1
Saarland,Sclerocephalus,303.7,293.52,1
Marrakech,Metoposaurus,237.0,227.0,1
Marrakech,Metoposaurus,237.0,227.0,1
Marrakech,Dutuitosaurus,237.0,227.0,1
Arizona,Apachesaurus,227.0,208.5,1
Saarland,Archegosaurus,298.9,283.5,1
New Mexico,Anaschisma,227.0,208.5,1
Arizona,Funcusvermis,227.0,208.5,1
Bavaria,Trematosaurus,259.51,251.902,1
Thuringia,Cyclotosaurus,242.0,237.0,1
New South Wales,Arenaerpeton,251.902,247.2,1
Perm,Clamorosaurus,283.5,273.01,1
Samara,Platyoposaurus,273.01,266.9,1
Samara,Koinia,273.01,266.9,1
Czechia,Archegosaurus,298.9,293.52,1
Czechia,Cheliderpeton,298.9,293.52,1
Czechia,Melanerpeton,298.9,293.52,1
Czechia,Apateon,298.9,293.52,1
Czechia,Branchiosaurus,298.9,293.52,1
Rhineland-Palatinate,Stenokranio,303.7,293.52,1
Rhineland-Palatinate,Trypanognathus,303.7,293.52,1
Czechia,Archegosaurus,298.9,293.52,1
Czechia,Branchiosaurus,298.9,293.52,1
Czechia,Melanerpeton,298.9,293.52,1
Czechia,Melanerpeton,298.9,293.52,1
Czechia,Melanerpeton,298.9,293.52,1
Volgograd,Dvinosaurus,264.28,259.51,1
Volgograd,Dvinosaurus,264.28,259.51,1
Volgograd,Dvinosaurus,259.51,254.14,1
Yaroslavl,Wetlugasaurus,251.2,247.2,1
Parana,Australerpeton,266.9,264.3,1
Rio Grande do Sul,Compsocerops,227.0,208.5,1
Rio Grande do Sul,Compsocerops,227.0,208.5,1
Parana,Australerpeton,266.9,264.3,1
Rio Grande do Sul,Kwatisuchus,251.2,247.2,1
Rio Grande do Sul,Tomeia,251.2,247.2,1
Parana,Rastosuchus,266.9,264.3,1
Parana,Rastosuchus,266.9,264.3,1
Parana,Rastosuchus,266.9,264.3,1
Parana,Rastosuchus,266.9,264.3,1
Parana,Rastosuchus,266.9,264.3,1
Parana,Rastosuchus,266.9,264.3,1
Rio Grande do Sul,Compsocerops,227.0,208.5,1
Rio Grande do Sul,Compsocerops,227.0,208.5,1
