,genus,county,state,occurrence_no
5,Araeoscelis,Archer,Texas,147523
6,Araeoscelis,Archer,Texas,147523
51,Postosuchus,Garza,Texas,149917
52,Postosuchus,Garza,Texas,149917
63,Plateosaurus,Freiburg,Baden-W√É¬ºrttemberg,220082
64,Plateosaurus,Freiburg,Baden-W√É¬ºrttemberg,220082
65,Proganochelys,Freiburg,Baden-W√É¬ºrttemberg,220083
66,Proganochelys,Freiburg,Baden-W√É¬ºrttemberg,220083
67,Proganochelys,Freiburg,Baden-W√É¬ºrttemberg,220083
72,Captorhinus,Baylor,Texas,221283
73,Captorhinus,Baylor,Texas,221283
74,Eoraptor,,San Juan,256434
75,Eoraptor,,San Juan,256434
95,Aetosaurus,,,283826
96,Aetosaurus,,,283826
105,Rothianiscus,Blaine,Oklahoma,287715
106,Rothianiscus,Blaine,Oklahoma,287715
107,Rothianiscus,Blaine,Oklahoma,287715
116,Bolosaurus,Wichita,Texas,295924
117,Bolosaurus,Wichita,Texas,295924
118,Bolosaurus,Wichita,Texas,295924
119,Bolosaurus,Wichita,Texas,295924
120,Bolosaurus,Wichita,Texas,295924
121,Bolosaurus,Wichita,Texas,295924
122,Bolosaurus,Wichita,Texas,295924
129,Captorhinus,Baylor/Willbarger,Texas,296041
130,Captorhinus,Baylor/Willbarger,Texas,296041
139,Araeoscelis,Baylor,Texas,296100
140,Araeoscelis,Baylor,Texas,296100
141,Araeoscelis,Baylor,Texas,296100
142,Araeoscelis,Baylor,Texas,296100
143,Araeoscelis,Baylor,Texas,296100
163,Omphalosaurus,Pershing,Nevada,361674
164,Omphalosaurus,Pershing,Nevada,361674
173,Psephoderma,,Lombardia,382582
174,Psephoderma,,Lombardia,382582
175,Psephoderma,,Lombardia,382582
178,Plateosauravus,Herschel,Eastern Cape,385607
179,Plateosauravus,Herschel,Eastern Cape,385607
180,Plateosauravus,Herschel,Eastern Cape,385607
181,Plateosauravus,Herschel,Eastern Cape,385607
248,Gresslyosaurus,Liestal,Basel-Landschaft,479551
249,Gresslyosaurus,Liestal,Basel-Landschaft,479551
258,Chindesaurus,Apache,Arizona,484986
259,Chindesaurus,Apache,Arizona,484986
274,Plateosaurus,,Baden-W√É¬ºrttemberg,486407
275,Plateosaurus,,Baden-W√É¬ºrttemberg,486407
277,Plateosaurus,,Sachsen-Anhalt,486411
278,Plateosaurus,,Sachsen-Anhalt,486411
279,Plateosaurus,,Sachsen-Anhalt,486411
280,Plateosaurus,,Sachsen-Anhalt,486411
281,Plateosaurus,,Sachsen-Anhalt,486411
282,Plateosaurus,,Sachsen-Anhalt,486411
283,Plateosaurus,,Sachsen-Anhalt,486411
284,Plateosaurus,,Sachsen-Anhalt,486411
285,Plateosaurus,,Sachsen-Anhalt,486411
286,Plateosaurus,,Sachsen-Anhalt,486411
287,Plateosaurus,,Sachsen-Anhalt,486411
288,Plateosaurus,,Sachsen-Anhalt,486411
289,Plateosaurus,,Sachsen-Anhalt,486411
290,Plateosaurus,,Sachsen-Anhalt,486411
291,Plateosaurus,,Sachsen-Anhalt,486411
292,Plateosaurus,,Sachsen-Anhalt,486411
293,Plateosaurus,,Sachsen-Anhalt,486411
294,Plateosaurus,,Sachsen-Anhalt,486411
295,Plateosaurus,,Sachsen-Anhalt,486411
296,Plateosaurus,,Sachsen-Anhalt,486411
297,Plateosaurus,,Sachsen-Anhalt,486411
298,Plateosaurus,,Sachsen-Anhalt,486411
299,Plateosaurus,,Sachsen-Anhalt,486411
300,Plateosaurus,,Sachsen-Anhalt,486411
301,Plateosaurus,,Sachsen-Anhalt,486411
302,Ruehleia,,Thuringia,486412
303,Ruehleia,,Thuringia,486412
304,Liliensternus,,Thuringia,486413
305,Liliensternus,,Thuringia,486413
355,Thecodontosaurus,,England,513479
356,Thecodontosaurus,,England,513479
357,Thecodontosaurus,,England,513479
358,Thecodontosaurus,,England,513479
359,Thecodontosaurus,,England,513479
360,Thecodontosaurus,,England,513479
361,Thecodontosaurus,,England,513479
362,Thecodontosaurus,,England,513479
363,Thecodontosaurus,,England,513479
364,Thecodontosaurus,,England,513479
365,Thecodontosaurus,,England,513479
389,Herrerasaurus,Valle Fert√É¬≠l,San Juan,518725
390,Herrerasaurus,Valle Fert√É¬≠l,San Juan,518725
427,Revueltosaurus,,Arizona,521669
428,Revueltosaurus,,Arizona,521669
429,Revueltosaurus,,Arizona,521669
430,Revueltosaurus,,Arizona,521669
431,Revueltosaurus,,Arizona,521669
432,Revueltosaurus,,Arizona,521669
434,Vancleavea,Rio Arriba,New Mexico,521673
435,Vancleavea,Rio Arriba,New Mexico,521673
436,Vancleavea,Rio Arriba,New Mexico,521673
438,Hesperosuchus,Rio Arriba,New Mexico,521679
439,Hesperosuchus,Rio Arriba,New Mexico,521679
464,Asylosaurus,,England,534770
465,Asylosaurus,,England,534770
466,Asylosaurus,,England,534770
467,Asylosaurus,,England,534770
468,Asylosaurus,,England,534770
469,Asylosaurus,,England,534770
473,Anomoepus,Hampden,Massachusetts,534782
474,Anomoepus,Hampden,Massachusetts,534782
475,Anomoepus,Hampden,Massachusetts,534782
476,Anomoepus,Hampden,Massachusetts,534782
477,Anomoepus,Hampden,Massachusetts,534782
478,Anomoepus,Hampden,Massachusetts,534782
479,Anomoepus,Hampden,Massachusetts,534782
480,Anomoepus,Hampden,Massachusetts,534782
481,Anomoepus,Hampden,Massachusetts,534782
482,Anomoepus,Hampden,Massachusetts,534782
483,Anomoepus,Hampden,Massachusetts,534782
484,Anomoepus,Hampden,Massachusetts,534782
485,Anomoepus,Hampden,Massachusetts,534782
486,Anomoepus,Hampden,Massachusetts,534782
487,Anomoepus,Hampden,Massachusetts,534782
488,Anomoepus,Hampden,Massachusetts,534782
489,Anomoepus,Hampden,Massachusetts,534782
506,Guaibasaurus,Faxinal do Soturno County,Rio Grande do Sul,536068
507,Guaibasaurus,Faxinal do Soturno County,Rio Grande do Sul,536068
525,Kholumolumo,,Mohale's Hoek,538678
526,Kholumolumo,,Mohale's Hoek,538678
527,Kholumolumo,,Mohale's Hoek,538678
528,Kholumolumo,,Mohale's Hoek,538678
529,Kholumolumo,,Mohale's Hoek,538678
530,Kholumolumo,,Mohale's Hoek,538678
531,Kholumolumo,,Mohale's Hoek,538678
535,Yimenosaurus,Yimen,Yunnan,539205
536,Yimenosaurus,Yimen,Yunnan,539205
537,Yimenosaurus,Yimen,Yunnan,539205
538,Yimenosaurus,Yimen,Yunnan,539205
539,Yimenosaurus,Yimen,Yunnan,539205
540,Yimenosaurus,Yimen,Yunnan,539205
541,Yimenosaurus,Yimen,Yunnan,539205
542,Yimenosaurus,Yimen,Yunnan,539205
543,Yimenosaurus,Yimen,Yunnan,539205
544,Yimenosaurus,Yimen,Yunnan,539205
545,Lessemsaurus,Independencia,La Rioja,539206
546,Lessemsaurus,Independencia,La Rioja,539206
547,Lessemsaurus,Independencia,La Rioja,539206
555,Apatopus,Garfield,Utah,545091
556,Apatopus,Garfield,Utah,545091
570,Typothorax,Apache,Arizona,557172
571,Typothorax,Apache,Arizona,557172
572,Typothorax,Apache,Arizona,557172
576,Coelophysis,Apache,Arizona,557177
577,Coelophysis,Apache,Arizona,557177
578,Coelophysis,Apache,Arizona,557177
579,Coelophysis,Apache,Arizona,557177
592,Effigia,Rio Arriba,New Mexico,560165
593,Effigia,Rio Arriba,New Mexico,560165
594,Effigia,Rio Arriba,New Mexico,560165
595,Effigia,Rio Arriba,New Mexico,560165
603,Protoavis,Garza,Texas,562836
604,Protoavis,Garza,Texas,562836
605,Protoavis,Garza,Texas,562836
612,Tetrasauropus,,Mendoza,568152
613,Tetrasauropus,,Mendoza,568152
654,Machaeroprosopus,Rio Arriba,New Mexico,590150
655,Machaeroprosopus,Rio Arriba,New Mexico,590150
656,Machaeroprosopus,Rio Arriba,New Mexico,590150
657,Machaeroprosopus,Rio Arriba,New Mexico,590150
658,Machaeroprosopus,Rio Arriba,New Mexico,590150
659,Machaeroprosopus,Rio Arriba,New Mexico,590150
660,Machaeroprosopus,Rio Arriba,New Mexico,590150
661,Machaeroprosopus,Rio Arriba,New Mexico,590150
662,Machaeroprosopus,Rio Arriba,New Mexico,590150
663,Machaeroprosopus,Rio Arriba,New Mexico,590150
664,Machaeroprosopus,Rio Arriba,New Mexico,590150
695,Opisthodontosaurus,Comanche,Oklahoma,629473
696,Opisthodontosaurus,Comanche,Oklahoma,629473
697,Opisthodontosaurus,Comanche,Oklahoma,629473
698,Opisthodontosaurus,Comanche,Oklahoma,629473
699,Opisthodontosaurus,Comanche,Oklahoma,629473
700,Opisthodontosaurus,Comanche,Oklahoma,629473
701,Opisthodontosaurus,Comanche,Oklahoma,629473
702,Opisthodontosaurus,Comanche,Oklahoma,629473
703,Opisthodontosaurus,Comanche,Oklahoma,629473
704,Opisthodontosaurus,Comanche,Oklahoma,629473
705,Opisthodontosaurus,Comanche,Oklahoma,629473
706,Opisthodontosaurus,Comanche,Oklahoma,629473
707,Opisthodontosaurus,Comanche,Oklahoma,629473
708,Opisthodontosaurus,Comanche,Oklahoma,629473
709,Opisthodontosaurus,Comanche,Oklahoma,629473
710,Opisthodontosaurus,Comanche,Oklahoma,629473
711,Opisthodontosaurus,Comanche,Oklahoma,629473
712,Opisthodontosaurus,Comanche,Oklahoma,629473
713,Opisthodontosaurus,Comanche,Oklahoma,629473
714,Opisthodontosaurus,Comanche,Oklahoma,629473
715,Opisthodontosaurus,Comanche,Oklahoma,629473
716,Opisthodontosaurus,Comanche,Oklahoma,629473
717,Opisthodontosaurus,Comanche,Oklahoma,629473
718,Opisthodontosaurus,Comanche,Oklahoma,629473
719,Opisthodontosaurus,Comanche,Oklahoma,629473
720,Colobomycter,Comanche,Oklahoma,629476
721,Colobomycter,Comanche,Oklahoma,629476
722,Colobomycter,Comanche,Oklahoma,629476
723,Captorhinus,Comanche,Oklahoma,629477
724,Captorhinus,Comanche,Oklahoma,629477
725,Captorhinus,Comanche,Oklahoma,629477
726,Captorhinus,Comanche,Oklahoma,629477
727,Captorhinus,Comanche,Oklahoma,629477
728,Captorhinus,Comanche,Oklahoma,629477
729,Captorhinus,Comanche,Oklahoma,629477
730,Captorhinus,Comanche,Oklahoma,629477
731,Captorhinus,Comanche,Oklahoma,629477
732,Captorhinus,Comanche,Oklahoma,629477
733,Captorhinus,Comanche,Oklahoma,629477
734,Captorhinus,Comanche,Oklahoma,629477
735,Captorhinus,Comanche,Oklahoma,629477
736,Captorhinus,Comanche,Oklahoma,629477
737,Captorhinus,Comanche,Oklahoma,629477
738,Captorhinus,Comanche,Oklahoma,629477
739,Captorhinus,Comanche,Oklahoma,629477
740,Captorhinus,Comanche,Oklahoma,629477
741,Captorhinus,Comanche,Oklahoma,629477
742,Captorhinus,Comanche,Oklahoma,629477
743,Captorhinus,Comanche,Oklahoma,629477
744,Captorhinus,Comanche,Oklahoma,629477
745,Captorhinus,Comanche,Oklahoma,629477
746,Captorhinus,Comanche,Oklahoma,629477
747,Captorhinus,Comanche,Oklahoma,629477
748,Captorhinus,Comanche,Oklahoma,629477
749,Captorhinus,Comanche,Oklahoma,629477
750,Captorhinus,Comanche,Oklahoma,629477
751,Captorhinus,Comanche,Oklahoma,629477
752,Captorhinus,Comanche,Oklahoma,629477
753,Captorhinus,Comanche,Oklahoma,629477
754,Captorhinus,Comanche,Oklahoma,629477
755,Captorhinus,Comanche,Oklahoma,629477
756,Captorhinus,Comanche,Oklahoma,629477
757,Captorhinus,Comanche,Oklahoma,629477
758,Captorhinus,Comanche,Oklahoma,629477
759,Captorhinus,Comanche,Oklahoma,629477
760,Captorhinus,Comanche,Oklahoma,629477
761,Captorhinus,Comanche,Oklahoma,629477
762,Captorhinus,Comanche,Oklahoma,629477
763,Captorhinus,Comanche,Oklahoma,629477
764,Captorhinus,Comanche,Oklahoma,629477
765,Captorhinus,Comanche,Oklahoma,629477
766,Captorhinus,Comanche,Oklahoma,629477
767,Captorhinus,Comanche,Oklahoma,629477
768,Captorhinus,Comanche,Oklahoma,629477
769,Captorhinus,Comanche,Oklahoma,629477
770,Captorhinus,Comanche,Oklahoma,629477
771,Captorhinus,Comanche,Oklahoma,629477
772,Captorhinus,Comanche,Oklahoma,629477
773,Captorhinus,Comanche,Oklahoma,629477
774,Captorhinus,Comanche,Oklahoma,629477
775,Captorhinus,Comanche,Oklahoma,629477
776,Captorhinus,Comanche,Oklahoma,629477
777,Captorhinus,Comanche,Oklahoma,629477
778,Captorhinus,Comanche,Oklahoma,629477
779,Captorhinus,Comanche,Oklahoma,629477
780,Captorhinus,Comanche,Oklahoma,629477
781,Captorhinus,Comanche,Oklahoma,629477
782,Captorhinus,Comanche,Oklahoma,629477
783,Captorhinus,Comanche,Oklahoma,629477
784,Captorhinus,Comanche,Oklahoma,629477
785,Captorhinus,Comanche,Oklahoma,629477
786,Captorhinus,Comanche,Oklahoma,629477
787,Captorhinus,Comanche,Oklahoma,629477
788,Captorhinus,Comanche,Oklahoma,629477
789,Captorhinus,Comanche,Oklahoma,629477
790,Captorhinus,Comanche,Oklahoma,629477
791,Captorhinus,Comanche,Oklahoma,629477
792,Captorhinus,Comanche,Oklahoma,629477
793,Captorhinus,Comanche,Oklahoma,629477
794,Captorhinus,Comanche,Oklahoma,629477
795,Captorhinus,Comanche,Oklahoma,629477
796,Captorhinus,Comanche,Oklahoma,629477
797,Captorhinus,Comanche,Oklahoma,629477
798,Captorhinus,Comanche,Oklahoma,629477
799,Captorhinus,Comanche,Oklahoma,629477
800,Captorhinus,Comanche,Oklahoma,629477
801,Captorhinus,Comanche,Oklahoma,629477
802,Captorhinus,Comanche,Oklahoma,629477
803,Captorhinus,Comanche,Oklahoma,629477
804,Captorhinus,Comanche,Oklahoma,629477
805,Captorhinus,Comanche,Oklahoma,629477
806,Captorhinus,Comanche,Oklahoma,629477
807,Captorhinus,Comanche,Oklahoma,629477
808,Captorhinus,Comanche,Oklahoma,629477
809,Captorhinus,Comanche,Oklahoma,629477
810,Captorhinus,Comanche,Oklahoma,629477
811,Captorhinus,Comanche,Oklahoma,629477
812,Captorhinus,Comanche,Oklahoma,629477
813,Captorhinus,Comanche,Oklahoma,629477
839,Parabrontopodus,,Trentino-Alto Adige,639028
840,Parabrontopodus,,Trentino-Alto Adige,639028
841,Anomoepus,,Trentino-Alto Adige,639035
842,Anomoepus,,Trentino-Alto Adige,639035
843,Anomoepus,,Trentino-Alto Adige,639035
845,Kayentapus,Culpeper,Virginia,639674
846,Kayentapus,Culpeper,Virginia,639674
847,Kayentapus,Culpeper,Virginia,639674
848,Kayentapus,Culpeper,Virginia,639674
849,Kayentapus,Culpeper,Virginia,639674
850,Kayentapus,Culpeper,Virginia,639674
851,Kayentapus,Culpeper,Virginia,639674
852,Kayentapus,Culpeper,Virginia,639674
853,Kayentapus,Culpeper,Virginia,639674
854,Kayentapus,Culpeper,Virginia,639674
855,Kayentapus,Culpeper,Virginia,639674
856,Kayentapus,Culpeper,Virginia,639674
857,Kayentapus,Culpeper,Virginia,639674
858,Kayentapus,Culpeper,Virginia,639674
859,Kayentapus,Culpeper,Virginia,639674
860,Kayentapus,Culpeper,Virginia,639674
861,Kayentapus,Culpeper,Virginia,639674
862,Kayentapus,Culpeper,Virginia,639674
863,Kayentapus,Culpeper,Virginia,639674
864,Kayentapus,Culpeper,Virginia,639674
867,Brachychirotherium,Culpeper,Virginia,639679
868,Brachychirotherium,Culpeper,Virginia,639679
869,Brachychirotherium,Culpeper,Virginia,639679
870,Brachychirotherium,Culpeper,Virginia,639679
871,Brachychirotherium,Culpeper,Virginia,639679
872,Brachychirotherium,Culpeper,Virginia,639679
873,Brachychirotherium,Culpeper,Virginia,639679
874,Brachychirotherium,Culpeper,Virginia,639679
875,Grallator,Culpeper,Virginia,639680
876,Grallator,Culpeper,Virginia,639680
877,Grallator,Culpeper,Virginia,639680
880,Grallator,Culpeper,Virginia,639683
881,Grallator,Culpeper,Virginia,639683
882,Gregaripus,Culpeper,Virginia,639684
883,Gregaripus,Culpeper,Virginia,639684
884,Gregaripus,Culpeper,Virginia,639684
885,Gregaripus,Culpeper,Virginia,639684
886,Gregaripus,Culpeper,Virginia,639684
887,Gregaripus,Culpeper,Virginia,639684
888,Gregaripus,Culpeper,Virginia,639684
889,Gregaripus,Culpeper,Virginia,639684
890,Gregaripus,Culpeper,Virginia,639684
891,Gregaripus,Culpeper,Virginia,639684
892,Gregaripus,Culpeper,Virginia,639684
893,Gregaripus,Culpeper,Virginia,639684
894,Gregaripus,Culpeper,Virginia,639684
895,Gregaripus,Culpeper,Virginia,639684
896,Gregaripus,Culpeper,Virginia,639684
897,Doswellia,Hanover,Virginia,640054
898,Doswellia,Hanover,Virginia,640054
902,Doswellia,Hanover,Virginia,640084
903,Doswellia,Hanover,Virginia,640084
907,Eubrontes,,Graubunden,644890
908,Eubrontes,,Graubunden,644890
909,Eubrontes,,Graubunden,644890
910,Eubrontes,,Graubunden,644890
911,Eubrontes,,Graubunden,644890
912,Eubrontes,,Graubunden,644890
913,Eubrontes,,Graubunden,644890
914,Eubrontes,,Graubunden,644890
915,Eubrontes,,Graubunden,644890
916,Eubrontes,,Graubunden,644890
917,Eubrontes,,Graubunden,644890
918,Eubrontes,,Graubunden,644890
919,Eubrontes,,Graubunden,644890
957,Chirotherium,,San Juan,693837
958,Chirotherium,,San Juan,693837
989,Captorhinikos,Cleveland,Oklahoma,739840
990,Captorhinikos,Cleveland,Oklahoma,739840
1005,Saurodektes,Kopanong,Free State,749261
1006,Saurodektes,Kopanong,Free State,749261
1007,Saurodektes,Kopanong,Free State,749261
1008,Saurodektes,Kopanong,Free State,749261
1009,Milleropsis,,Western Cape,749595
1010,Milleropsis,,Western Cape,749595
1011,Milleropsis,,Western Cape,749595
1012,Milleropsis,,Western Cape,749595
1013,Milleropsis,,Western Cape,749595
1014,Milleropsis,,Western Cape,749595
1015,Milleropsis,,Western Cape,749595
1016,Milleropsis,,Western Cape,749595
1018,Milleretta,Camdeboo,Eastern Cape,749933
1019,Milleretta,Camdeboo,Eastern Cape,749933
1020,Milleretta,Camdeboo,Eastern Cape,749933
1091,Machaeroprosopus,Coconino,Arizona,780675
1092,Machaeroprosopus,Coconino,Arizona,780675
1094,Brachychirotherium,Union,New Mexico,780685
1095,Brachychirotherium,Union,New Mexico,780685
1096,Brachychirotherium,Union,New Mexico,780685
1097,Brachychirotherium,Union,New Mexico,780685
1098,Brachychirotherium,Union,New Mexico,780685
1099,Brachychirotherium,Union,New Mexico,780685
1100,Brachychirotherium,Union,New Mexico,780685
1101,Brachychirotherium,Union,New Mexico,780685
1102,Brachychirotherium,Union,New Mexico,780685
1103,Brachychirotherium,Union,New Mexico,780685
1104,Brachychirotherium,Union,New Mexico,780685
1105,Brachychirotherium,Union,New Mexico,780685
1106,Brachychirotherium,Union,New Mexico,780685
1107,Brachychirotherium,Union,New Mexico,780685
1108,Brachychirotherium,Union,New Mexico,780685
1109,Brachychirotherium,Union,New Mexico,780685
1111,Eubrontes,Union,New Mexico,780687
1112,Eubrontes,Union,New Mexico,780687
1113,Eubrontes,Union,New Mexico,780687
1114,Eubrontes,Union,New Mexico,780687
1115,Eubrontes,Union,New Mexico,780687
1116,Eubrontes,Union,New Mexico,780687
1117,Eubrontes,Union,New Mexico,780687
1118,Eubrontes,Union,New Mexico,780687
1119,Eubrontes,Union,New Mexico,780687
1120,Grallator,Union,New Mexico,780689
1121,Grallator,Union,New Mexico,780689
1122,Grallator,Union,New Mexico,780689
1123,Grallator,Union,New Mexico,780689
1124,Grallator,Union,New Mexico,780689
1125,Grallator,Union,New Mexico,780689
1126,Grallator,Union,New Mexico,780689
1127,Grallator,Union,New Mexico,780689
1128,Grallator,Union,New Mexico,780689
1129,Grallator,Union,New Mexico,780689
1130,Grallator,Union,New Mexico,780689
1149,Smilosuchus,Navajo,Arizona,782162
1150,Smilosuchus,Navajo,Arizona,782162
1151,Smilosuchus,Navajo,Arizona,782162
1168,Moradisaurus,Arlit,Agadez,786315
1169,Moradisaurus,Arlit,Agadez,786315
1170,Moradisaurus,Arlit,Agadez,786315
1177,Labidosaurikos,Baylor,Texas,788176
1178,Labidosaurikos,Baylor,Texas,788176
1179,Odontochelys,,Guizhou,788480
1180,Odontochelys,,Guizhou,788480
1181,Odontochelys,,Guizhou,788480
1190,Protorothyris,Monongalia,West Virginia,788570
1191,Protorothyris,Monongalia,West Virginia,788570
1192,Protorothyris,Monongalia,West Virginia,788570
1193,Protorothyris,Monongalia,West Virginia,788570
1194,Protorothyris,Monongalia,West Virginia,788570
1195,Protorothyris,Monongalia,West Virginia,788570
1196,Protorothyris,Monongalia,West Virginia,788570
1197,Thuringothyris,Gotha,Thuringia,788638
1198,Thuringothyris,Gotha,Thuringia,788638
1199,Thuringothyris,Gotha,Thuringia,788638
1200,Thuringothyris,Gotha,Thuringia,788638
1201,Thuringothyris,Gotha,Thuringia,788638
1202,Thuringothyris,Gotha,Thuringia,788638
1203,Thuringothyris,Gotha,Thuringia,788638
1204,Thuringothyris,Gotha,Thuringia,788638
1207,Captorhinus,Comanche,Oklahoma,789104
1208,Captorhinus,Comanche,Oklahoma,789104
1209,Captorhinus,Comanche,Oklahoma,789104
1210,Captorhinus,Comanche,Oklahoma,789104
1211,Captorhinus,Comanche,Oklahoma,789104
1212,Captorhinus,Comanche,Oklahoma,789104
1215,Captorhinus,Baylor,Texas,789398
1216,Captorhinus,Baylor,Texas,789398
1222,Bashkyroleter,Belebei,Bashkortostan,789767
1223,Bashkyroleter,Belebei,Bashkortostan,789767
1224,Bashkyroleter,Belebei,Bashkortostan,789767
1234,Claudiosaurus,,Fianarantsoa,790114
1235,Claudiosaurus,,Fianarantsoa,790114
1236,Claudiosaurus,,Fianarantsoa,790114
1237,Claudiosaurus,,Fianarantsoa,790114
1238,Claudiosaurus,,Fianarantsoa,790114
1239,Claudiosaurus,,Fianarantsoa,790114
1240,Claudiosaurus,,Fianarantsoa,790114
1241,Claudiosaurus,,Fianarantsoa,790114
1242,Claudiosaurus,,Fianarantsoa,790114
1243,Claudiosaurus,,Fianarantsoa,790114
1244,Claudiosaurus,,Fianarantsoa,790114
1245,Claudiosaurus,,Fianarantsoa,790114
1246,Claudiosaurus,,Fianarantsoa,790114
1250,Coelurosauravus,,Tulear,790204
1251,Coelurosauravus,,Tulear,790204
1252,Belebey,,Orenburg,790205
1253,Belebey,,Orenburg,790205
1254,Belebey,,Orenburg,790205
1255,Emeroleter,Kotelnich,Kirov,790206
1256,Emeroleter,Kotelnich,Kirov,790206
1257,Emeroleter,Kotelnich,Kirov,790206
1258,Emeroleter,Kotelnich,Kirov,790206
1259,Emeroleter,Kotelnich,Kirov,790206
1260,Emeroleter,Kotelnich,Kirov,790206
1261,Emeroleter,Kotelnich,Kirov,790206
1263,Protorosaurus,Mansfelder Land,Saxony Anhalt,790284
1264,Protorosaurus,Mansfelder Land,Saxony Anhalt,790284
1269,Labidosaurikos,Baylor,Texas,790388
1270,Labidosaurikos,Baylor,Texas,790388
1273,Kadimakara,,Queensland,790404
1274,Kadimakara,,Queensland,790404
1275,Kudnu,,Queensland,790405
1276,Kudnu,,Queensland,790405
1282,Protorothyris,Archer,Texas,790486
1283,Protorothyris,Archer,Texas,790486
1284,Protorothyris,Archer,Texas,790486
1285,Protorothyris,Archer,Texas,790486
1286,Protorothyris,Archer,Texas,790486
1288,Pareiasuchus,,Eastern Cape,790511
1289,Pareiasuchus,,Eastern Cape,790511
1290,Pareiasuchus,,Eastern Cape,790511
1291,Pareiasuchus,,Eastern Cape,790511
1292,Pareiasuchus,,Eastern Cape,790511
1302,Euparkeria,Maletswai,Eastern Cape,792535
1303,Euparkeria,Maletswai,Eastern Cape,792535
1304,Euparkeria,Maletswai,Eastern Cape,792535
1305,Euparkeria,Maletswai,Eastern Cape,792535
1306,Euparkeria,Maletswai,Eastern Cape,792535
1307,Euparkeria,Maletswai,Eastern Cape,792535
1308,Euparkeria,Maletswai,Eastern Cape,792535
1309,Euparkeria,Maletswai,Eastern Cape,792535
1310,Euparkeria,Maletswai,Eastern Cape,792535
1311,Euparkeria,Maletswai,Eastern Cape,792535
1312,Euparkeria,Maletswai,Eastern Cape,792535
1313,Euparkeria,Maletswai,Eastern Cape,792535
1314,Mesosuchus,Maletswai,Eastern Cape,792536
1315,Mesosuchus,Maletswai,Eastern Cape,792536
1316,Mesosuchus,Maletswai,Eastern Cape,792536
1317,Mesosuchus,Maletswai,Eastern Cape,792536
1319,Sauropareion,Inxuba Yethemba,Eastern Cape,792593
1320,Sauropareion,Inxuba Yethemba,Eastern Cape,792593
1323,Anomoiodon,Hildburghausen,Thuringia,792622
1324,Anomoiodon,Hildburghausen,Thuringia,792622
1325,Nyctiphruretus,Mezen',Arkhangelsk,792642
1326,Nyctiphruretus,Mezen',Arkhangelsk,792642
1327,Nyctiphruretus,Mezen',Arkhangelsk,792642
1328,Nyctiphruretus,Mezen',Arkhangelsk,792642
1336,Macrocnemus,Varese,Piedmont,797372
1337,Macrocnemus,Varese,Piedmont,797372
1338,Macrocnemus,Varese,Piedmont,797372
1339,Macrocnemus,Mendrisio,Ticino,797942
1340,Macrocnemus,Mendrisio,Ticino,797942
1343,Serpianosaurus,Mendrisio,Ticino,797946
1344,Serpianosaurus,Mendrisio,Ticino,797946
1345,Serpianosaurus,Mendrisio,Ticino,797947
1346,Serpianosaurus,Mendrisio,Ticino,797947
1347,Serpianosaurus,Mendrisio,Ticino,797947
1348,Serpianosaurus,Mendrisio,Ticino,797947
1349,Serpianosaurus,Mendrisio,Ticino,797948
1350,Serpianosaurus,Mendrisio,Ticino,797948
1351,Serpianosaurus,Mendrisio,Ticino,797949
1352,Serpianosaurus,Mendrisio,Ticino,797949
1353,Serpianosaurus,Mendrisio,Ticino,797949
1354,Serpianosaurus,Mendrisio,Ticino,797950
1355,Serpianosaurus,Mendrisio,Ticino,797950
1356,Serpianosaurus,Mendrisio,Ticino,797950
1357,Serpianosaurus,Mendrisio,Ticino,797950
1358,Serpianosaurus,Mendrisio,Ticino,797950
1360,Serpianosaurus,Mendrisio,Kanton Tessin,797952
1361,Serpianosaurus,Mendrisio,Kanton Tessin,797952
1362,Serpianosaurus,Mendrisio,Kanton Tessin,797952
1363,Serpianosaurus,Mendrisio,Kanton Tessin,797952
1364,Serpianosaurus,Mendrisio,Kanton Tessin,797952
1368,Serpianosaurus,Mendrisio,Ticino,797956
1369,Serpianosaurus,Mendrisio,Ticino,797956
1370,Serpianosaurus,Mendrisio,Ticino,797956
1371,Serpianosaurus,Mendrisio,Ticino,797956
1377,Captorhinikos,Cleveland,Oklahoma,800077
1378,Captorhinikos,Cleveland,Oklahoma,800077
1379,Captorhinikos,Cleveland,Oklahoma,800077
1384,Procolophon,,,803158
1385,Procolophon,,,803158
1386,Procolophon,,,803158
1392,Qianosuchus,Panxian,Guizhou,806205
1393,Qianosuchus,Panxian,Guizhou,806205
1394,Qianosuchus,Panxian,Guizhou,806205
1404,Youngina,Camdeboo,Eastern Cape,807814
1405,Youngina,Camdeboo,Eastern Cape,807814
1409,Youngina,Beaufort West,Western Cape,808154
1410,Youngina,Beaufort West,Western Cape,808154
1411,Youngina,Beaufort West,Western Cape,808154
1412,Youngina,Beaufort West,Western Cape,808154
1413,Youngina,Beaufort West,Western Cape,808154
1414,Eunotosaurus,Kareeberg,Northern Cape,808649
1415,Eunotosaurus,Kareeberg,Northern Cape,808649
1446,Saurischichnus,,Baden-W√É¬ºrttemberg,811738
1447,Saurischichnus,,Baden-W√É¬ºrttemberg,811738
1448,Saurischichnus,,Baden-W√É¬ºrttemberg,811738
1449,Saurischichnus,,Baden-W√É¬ºrttemberg,811738
1453,Soturnia,Faxinal do Soturno County,Rio Grande do Sul,811795
1454,Soturnia,Faxinal do Soturno County,Rio Grande do Sul,811795
1455,Soturnia,Faxinal do Soturno County,Rio Grande do Sul,811795
1456,Clevosaurus,Faxinal do Soturno County,Rio Grande do Sul,811801
1457,Clevosaurus,Faxinal do Soturno County,Rio Grande do Sul,811801
1458,Clevosaurus,Faxinal do Soturno County,Rio Grande do Sul,811801
1459,Clevosaurus,Faxinal do Soturno County,Rio Grande do Sul,811801
1460,Clevosaurus,Faxinal do Soturno County,Rio Grande do Sul,811801
1461,Clevosaurus,Faxinal do Soturno County,Rio Grande do Sul,811801
1462,Clevosaurus,Faxinal do Soturno County,Rio Grande do Sul,811801
1463,Clevosaurus,Faxinal do Soturno County,Rio Grande do Sul,811801
1464,Clevosaurus,Faxinal do Soturno County,Rio Grande do Sul,811801
1465,Clevosaurus,Faxinal do Soturno County,Rio Grande do Sul,811801
1466,Clevosaurus,Faxinal do Soturno County,Rio Grande do Sul,811801
1467,Clevosaurus,Faxinal do Soturno County,Rio Grande do Sul,811801
1468,Clevosaurus,Faxinal do Soturno County,Rio Grande do Sul,811801
1469,Clevosaurus,Faxinal do Soturno County,Rio Grande do Sul,811801
1470,Clevosaurus,Faxinal do Soturno County,Rio Grande do Sul,811801
1471,Clevosaurus,Faxinal do Soturno County,Rio Grande do Sul,811801
1476,Deltavjatia,Kotelnich,Kirov,814161
1477,Deltavjatia,Kotelnich,Kirov,814161
1478,Deltavjatia,Kotelnich,Kirov,814161
1479,Deltavjatia,Kotelnich,Kirov,814161
1480,Deltavjatia,Kotelnich,Kirov,814161
1481,Deltavjatia,Kotelnich,Kirov,814161
1482,Deltavjatia,Kotelnich,Kirov,814161
1483,Deltavjatia,Kotelnich,Kirov,814161
1484,Deltavjatia,Kotelnich,Kirov,814161
1488,Brazilosaurus,Perol√É¬¢ndia,Goi√É¬°s,815039
1489,Brazilosaurus,Perol√É¬¢ndia,Goi√É¬°s,815039
1490,Brazilosaurus,Perol√É¬¢ndia,Goi√É¬°s,815039
1491,Brazilosaurus,Perol√É¬¢ndia,Goi√É¬°s,815039
1492,Brazilosaurus,Perol√É¬¢ndia,Goi√É¬°s,815039
1493,Brazilosaurus,Perol√É¬¢ndia,Goi√É¬°s,815039
1494,Brazilosaurus,Perol√É¬¢ndia,Goi√É¬°s,815039
1495,Brazilosaurus,Perol√É¬¢ndia,Goi√É¬°s,815039
1496,Brazilosaurus,Perol√É¬¢ndia,Goi√É¬°s,815039
1497,Brazilosaurus,Perol√É¬¢ndia,Goi√É¬°s,815039
1508,Yarasuchus,Adilabad,Andhra Pradesh,818246
1509,Yarasuchus,Adilabad,Andhra Pradesh,818246
1510,Pamelaria,Adilabad,Andhra Pradesh,818268
1511,Pamelaria,Adilabad,Andhra Pradesh,818268
1512,Pamelaria,Adilabad,Andhra Pradesh,818268
1513,Pamelaria,Adilabad,Andhra Pradesh,818268
1514,Pamelaria,Adilabad,Andhra Pradesh,818268
1515,Pamelaria,Adilabad,Andhra Pradesh,818268
1520,Mesosaurus,S√É¬£o Mateus do Sul,Paran√É¬°,820351
1521,Mesosaurus,S√É¬£o Mateus do Sul,Paran√É¬°,820351
1522,Mesosaurus,S√É¬£o Mateus do Sul,Paran√É¬°,820351
1523,Mesosaurus,S√É¬£o Mateus do Sul,Paran√É¬°,820351
1524,Mesosaurus,S√É¬£o Mateus do Sul,Paran√É¬°,820351
1525,Mesosaurus,S√É¬£o Mateus do Sul,Paran√É¬°,820351
1526,Mesosaurus,S√É¬£o Mateus do Sul,Paran√É¬°,820351
1527,Mesosaurus,S√É¬£o Mateus do Sul,Paran√É¬°,820351
1528,Mesosaurus,S√É¬£o Mateus do Sul,Paran√É¬°,820351
1530,Stereosternum,S√É¬£o Gabriel,Rio Grande do Sul,820353
1531,Stereosternum,S√É¬£o Gabriel,Rio Grande do Sul,820353
1532,Stereosternum,,S√É¬£o Paulo,820354
1533,Stereosternum,,S√É¬£o Paulo,820354
1534,Stereosternum,,S√É¬£o Paulo,820354
1535,Stereosternum,,S√É¬£o Paulo,820354
1536,Stereosternum,,S√É¬£o Paulo,820355
1537,Stereosternum,,S√É¬£o Paulo,820355
1538,Stereosternum,,S√É¬£o Paulo,820355
1539,Stereosternum,,S√É¬£o Paulo,820355
1540,Stereosternum,,S√É¬£o Paulo,820355
1541,Stereosternum,,S√É¬£o Paulo,820355
1542,Stereosternum,,S√É¬£o Paulo,820355
1543,Stereosternum,,S√É¬£o Paulo,820355
1544,Stereosternum,,S√É¬£o Paulo,820355
1545,Stereosternum,,S√É¬£o Paulo,820355
1546,Stereosternum,,S√É¬£o Paulo,820355
1547,Stereosternum,,S√É¬£o Paulo,820355
1548,Stereosternum,,S√É¬£o Paulo,820355
1549,Brazilosaurus,,S√É¬£o Paulo,820356
1550,Brazilosaurus,,S√É¬£o Paulo,820356
1551,Brazilosaurus,,S√É¬£o Paulo,820356
1553,Stereosternum,Itapetininga,S√É¬£o Paulo,820479
1554,Stereosternum,Itapetininga,S√É¬£o Paulo,820479
1555,Stereosternum,Itapetininga,S√É¬£o Paulo,820479
1556,Stereosternum,Itapetininga,S√É¬£o Paulo,820479
1561,Brazilosaurus,,Paran√É¬°,820575
1562,Brazilosaurus,,Paran√É¬°,820575
1563,Brazilosaurus,,Paran√É¬°,820575
1564,Eunotosaurus,Prince Albert,Western Cape,820640
1565,Eunotosaurus,Prince Albert,Western Cape,820640
1571,Mesosaurus,Irati,Paran√É¬°,820921
1572,Mesosaurus,Irati,Paran√É¬°,820921
1573,Mesosaurus,Irati,Paran√É¬°,820922
1574,Mesosaurus,Irati,Paran√É¬°,820922
1575,Mesosaurus,Irati,Paran√É¬°,820922
1583,Stereosternum,,Paran√É¬°,821068
1584,Stereosternum,,Paran√É¬°,821068
1585,Stereosternum,,Paran√É¬°,821068
1586,Stereosternum,,Paran√É¬°,821068
1587,Stereosternum,,Paran√É¬°,821068
1588,Stereosternum,,Paran√É¬°,821068
1591,Mesosaurus,S√É¬£o Mateus do Sul,Paran√É¬°,821444
1592,Mesosaurus,S√É¬£o Mateus do Sul,Paran√É¬°,821444
1593,Mesosaurus,S√É¬£o Mateus do Sul,Paran√É¬°,821444
1594,Mesosaurus,S√É¬£o Mateus do Sul,Paran√É¬°,821444
1595,Mesosaurus,S√É¬£o Mateus do Sul,Paran√É¬°,821444
1596,Mesosaurus,S√É¬£o Mateus do Sul,Paran√É¬°,821444
1597,Mesosaurus,S√É¬£o Mateus do Sul,Paran√É¬°,821444
1598,Mesosaurus,S√É¬£o Mateus do Sul,Paran√É¬°,821444
1599,Mesosaurus,S√É¬£o Mateus do Sul,Paran√É¬°,821444
1600,Mesosaurus,S√É¬£o Mateus do Sul,Paran√É¬°,821444
1601,Mesosaurus,S√É¬£o Mateus do Sul,Paran√É¬°,821444
1602,Mesosaurus,S√É¬£o Mateus do Sul,Paran√É¬°,821444
1603,Mesosaurus,S√É¬£o Mateus do Sul,Paran√É¬°,821444
1604,Mesosaurus,S√É¬£o Mateus do Sul,Paran√É¬°,821444
1605,Mesosaurus,S√É¬£o Mateus do Sul,Paran√É¬°,821444
1606,Mesosaurus,S√É¬£o Mateus do Sul,Paran√É¬°,821444
1607,Mesosaurus,S√É¬£o Mateus do Sul,Paran√É¬°,821444
1608,Mesosaurus,S√É¬£o Mateus do Sul,Paran√É¬°,821444
1609,Mesosaurus,S√É¬£o Mateus do Sul,Paran√É¬°,821444
1610,Mesosaurus,S√É¬£o Mateus do Sul,Paran√É¬°,821444
1611,Mesosaurus,S√É¬£o Mateus do Sul,Paran√É¬°,821444
1612,Mesosaurus,S√É¬£o Mateus do Sul,Paran√É¬°,821444
1613,Mesosaurus,S√É¬£o Mateus do Sul,Paran√É¬°,821444
1614,Mesosaurus,S√É¬£o Mateus do Sul,Paran√É¬°,821444
1615,Mesosaurus,S√É¬£o Mateus do Sul,Paran√É¬°,821444
1616,Stereosternum,Rio Claro,S√É¬£o Paulo,821454
1617,Stereosternum,Rio Claro,S√É¬£o Paulo,821454
1618,Stereosternum,Rio Claro,S√É¬£o Paulo,821454
1619,Stereosternum,Rio Claro,S√É¬£o Paulo,821454
1620,Stereosternum,Rio Claro,S√É¬£o Paulo,821454
1621,Stereosternum,Rio Claro,S√É¬£o Paulo,821454
1622,Stereosternum,Rio Claro,S√É¬£o Paulo,821454
1623,Stereosternum,Rio Claro,S√É¬£o Paulo,821454
1624,Stereosternum,Rio Claro,S√É¬£o Paulo,821454
1625,Stereosternum,Rio Claro,S√É¬£o Paulo,821454
1626,Brazilosaurus,Rio Claro,S√É¬£o Paulo,821455
1627,Brazilosaurus,Rio Claro,S√É¬£o Paulo,821455
1628,Mesosaurus,,Paran√É¬°,823059
1629,Mesosaurus,,Paran√É¬°,823059
1630,Mesosaurus,,Paran√É¬°,823059
1631,Mesosaurus,,Paran√É¬°,823059
1632,Mesosaurus,,Paran√É¬°,823059
1633,Mesosaurus,,Paran√É¬°,823059
1634,Mesosaurus,,Paran√É¬°,823059
1635,Mesosaurus,,Paran√É¬°,823059
1636,Mesosaurus,,Paran√É¬°,823059
1637,Mesosaurus,,Paran√É¬°,823059
1638,Mesosaurus,,Paran√É¬°,823059
1639,Mesosaurus,,Paran√É¬°,823059
1640,Mesosaurus,,Paran√É¬°,823059
1641,Mesosaurus,,Paran√É¬°,823059
1642,Mesosaurus,,Paran√É¬°,823059
1643,Mesosaurus,,Paran√É¬°,823059
1644,Mesosaurus,,Paran√É¬°,823059
1663,Poposaurus,Fremont,Wyoming,829496
1664,Poposaurus,Fremont,Wyoming,829496
1737,Aetosaurus,Stuttgart,Baden-W√É¬ºrttenburg,832046
1738,Aetosaurus,Stuttgart,Baden-W√É¬ºrttenburg,832046
1739,Aetosaurus,Stuttgart,Baden-W√É¬ºrttenburg,832046
1740,Aetosaurus,Stuttgart,Baden-W√É¬ºrttenburg,832046
1741,Aetosaurus,Stuttgart,Baden-W√É¬ºrttenburg,832046
1742,Aetosaurus,Stuttgart,Baden-W√É¬ºrttenburg,832046
1743,Aetosaurus,Stuttgart,Baden-W√É¬ºrttenburg,832046
1744,Aetosaurus,Stuttgart,Baden-W√É¬ºrttenburg,832046
1745,Aetosaurus,Stuttgart,Baden-W√É¬ºrttenburg,832046
1746,Aetosaurus,Stuttgart,Baden-W√É¬ºrttenburg,832046
1747,Aetosaurus,Stuttgart,Baden-W√É¬ºrttenburg,832046
1748,Aetosaurus,Stuttgart,Baden-W√É¬ºrttenburg,832046
1749,Aetosaurus,Stuttgart,Baden-W√É¬ºrttenburg,832046
1750,Aetosaurus,Stuttgart,Baden-W√É¬ºrttenburg,832046
1751,Aetosaurus,Stuttgart,Baden-W√É¬ºrttenburg,832046
1752,Aetosaurus,Stuttgart,Baden-W√É¬ºrttenburg,832046
1753,Aetosaurus,Stuttgart,Baden-W√É¬ºrttenburg,832046
1754,Aetosaurus,Stuttgart,Baden-W√É¬ºrttenburg,832046
1755,Aetosaurus,Stuttgart,Baden-W√É¬ºrttenburg,832046
1756,Aetosaurus,Stuttgart,Baden-W√É¬ºrttenburg,832046
1757,Aetosaurus,Stuttgart,Baden-W√É¬ºrttenburg,832046
1758,Aetosaurus,Stuttgart,Baden-W√É¬ºrttenburg,832046
1759,Aetosaurus,Stuttgart,Baden-W√É¬ºrttenburg,832046
1760,Aetosaurus,Stuttgart,Baden-W√É¬ºrttenburg,832046
1766,Teratophon,Xhariep,Free State,832667
1767,Teratophon,Xhariep,Free State,832667
1768,Teratophon,Xhariep,Free State,832667
1769,Teratophon,Xhariep,Free State,832667
1770,Teratophon,Xhariep,Free State,832667
1772,Thelerpeton,Xhariep,Free State,832670
1773,Thelerpeton,Xhariep,Free State,832670
1774,Thelerpeton,Xhariep,Free State,832670
1784,Elginia,Moray,Scotland,832708
1785,Elginia,Moray,Scotland,832708
1791,Barasaurus,,Fianarantsoa,833385
1792,Barasaurus,,Fianarantsoa,833385
1793,Barasaurus,,Fianarantsoa,833385
1794,Barasaurus,,Fianarantsoa,833385
1795,Barasaurus,,Fianarantsoa,833385
1796,Barasaurus,,Fianarantsoa,833385
1797,Barasaurus,,Fianarantsoa,833385
1798,Barasaurus,,Fianarantsoa,833385
1799,Barasaurus,,Fianarantsoa,833385
1800,Barasaurus,,Fianarantsoa,833385
1813,Candelaria,Novo Cabrais,Rio Grande do Sul,837006
1814,Candelaria,Novo Cabrais,Rio Grande do Sul,837006
1847,Leptosuchus,Apache,Arizona,837550
1848,Leptosuchus,Apache,Arizona,837550
1849,Leptosuchus,Apache,Arizona,837550
1851,Calyptosuchus,Apache,Arizona,837552
1852,Calyptosuchus,Apache,Arizona,837552
1860,Scutosaurus,Tetyushi,Tatarstan,837578
1861,Scutosaurus,Tetyushi,Tatarstan,837578
1862,Scutosaurus,Tetyushi,Tatarstan,837578
1865,Leptosuchus,Navajo,Arizona,837594
1866,Leptosuchus,Navajo,Arizona,837594
1880,Tawa,Rio Arriba,New Mexico,837654
1881,Tawa,Rio Arriba,New Mexico,837654
1882,Tawa,Rio Arriba,New Mexico,837654
1883,Tawa,Rio Arriba,New Mexico,837654
1884,Tawa,Rio Arriba,New Mexico,837654
1885,Tawa,Rio Arriba,New Mexico,837654
1886,Tawa,Rio Arriba,New Mexico,837654
1887,Tawa,Rio Arriba,New Mexico,837654
1890,Scutosaurus,Kotlas,Arkhangelsk,838081
1891,Scutosaurus,Kotlas,Arkhangelsk,838081
1892,Scutosaurus,Kotlas,Arkhangelsk,838081
1893,Scutosaurus,Kotlas,Arkhangelsk,838081
1894,Scutosaurus,Kotlas,Arkhangelsk,838081
1895,Scutosaurus,Kotlas,Arkhangelsk,838081
1896,Scutosaurus,Kotlas,Arkhangelsk,838081
1897,Scutosaurus,Kotlas,Arkhangelsk,838081
1898,Scutosaurus,Kotlas,Arkhangelsk,838081
1902,Protorosaurus,Wartburgkreis,Thuringia,838172
1903,Protorosaurus,Wartburgkreis,Thuringia,838172
1917,Bradysaurus,Prince Albert,Western Cape,838670
1918,Bradysaurus,Prince Albert,Western Cape,838670
1920,Tichvinskia,Nagorsk,Kirov,838751
1921,Tichvinskia,Nagorsk,Kirov,838751
1922,Tichvinskia,Nagorsk,Kirov,838751
1923,Tichvinskia,Nagorsk,Kirov,838751
1982,Orenburgia,Novaya Zemlya,Arkhangelsk,841368
1983,Orenburgia,Novaya Zemlya,Arkhangelsk,841368
2016,Santaisaurus,Changji,Xinjiang,842090
2017,Santaisaurus,Changji,Xinjiang,842090
2018,Santaisaurus,Changji,Xinjiang,842090
2095,Leptosuchus,Coconino,Arizona,842803
2096,Leptosuchus,Coconino,Arizona,842803
2098,Machaeroprosopus,Coconino,Arizona,842807
2099,Machaeroprosopus,Coconino,Arizona,842807
2100,Machaeroprosopus,Coconino,Arizona,842807
2156,Procolophon,Chris Hani,Eastern Cape,843782
2157,Procolophon,Chris Hani,Eastern Cape,843782
2164,Typothorax,Rio Arriba,New Mexico,846168
2165,Typothorax,Rio Arriba,New Mexico,846168
2166,Typothorax,Rio Arriba,New Mexico,846168
2196,Asilisaurus,,Ruvuma,851246
2197,Asilisaurus,,Ruvuma,851246
2198,Asilisaurus,,Ruvuma,851246
2199,Asilisaurus,,Ruvuma,851246
2200,Asilisaurus,,Ruvuma,851246
2201,Asilisaurus,,Ruvuma,851246
2202,Asilisaurus,,Ruvuma,851246
2203,Asilisaurus,,Ruvuma,851246
2204,Asilisaurus,,Ruvuma,851246
2205,Asilisaurus,,Ruvuma,851246
2206,Asilisaurus,,Ruvuma,851246
2207,Asilisaurus,,Ruvuma,851246
2208,Asilisaurus,,Ruvuma,851246
2209,Asilisaurus,,Ruvuma,851246
2264,Lotosaurus,Sangzhi,Hunan,880670
2265,Lotosaurus,Sangzhi,Hunan,880670
2266,Lotosaurus,Sangzhi,Hunan,880670
2267,Lotosaurus,Sangzhi,Hunan,880670
2268,Lotosaurus,Sangzhi,Hunan,880670
2269,Lotosaurus,Sangzhi,Hunan,880670
2270,Lotosaurus,Sangzhi,Hunan,880670
2271,Lotosaurus,Sangzhi,Hunan,880670
2272,Lotosaurus,Sangzhi,Hunan,880670
2273,Lotosaurus,Sangzhi,Hunan,880670
2289,Mystriosuchus,,Styria,882293
2290,Mystriosuchus,,Styria,882293
2291,Mystriosuchus,,Styria,882293
2302,Kwangsisaurus,,Guangxi,883958
2303,Kwangsisaurus,,Guangxi,883958
2307,Miodentosaurus,Guanlin,Guizhou,887799
2308,Miodentosaurus,Guanlin,Guizhou,887799
2314,Keichousaurus,,Guizhou,892336
2315,Keichousaurus,,Guizhou,892336
2316,Keichousaurus,,Guizhou,892336
2317,Keichousaurus,,Guizhou,892336
2318,Keichousaurus,,Guizhou,892336
2319,Keichousaurus,,Guizhou,892336
2320,Keichousaurus,,Guizhou,892336
2321,Keichousaurus,,Guizhou,892336
2322,Keichousaurus,,Guizhou,892336
2323,Keichousaurus,,Guizhou,892336
2324,Keichousaurus,,Guizhou,892336
2325,Keichousaurus,,Guizhou,892336
2326,Keichousaurus,,Guizhou,892336
2327,Keichousaurus,,Guizhou,892336
2328,Keichousaurus,,Guizhou,892336
2332,Nothosaurus,Panxian,Guizhou,893427
2333,Nothosaurus,Panxian,Guizhou,893427
2334,Anshunsaurus,Qianxinan,Guizhou,893428
2335,Anshunsaurus,Qianxinan,Guizhou,893428
2372,Shansisuchus,,Shanxi,902069
2373,Shansisuchus,,Shanxi,902069
2374,Shansisuchus,,Shanxi,902070
2375,Shansisuchus,,Shanxi,902070
2376,Shansisuchus,,Shanxi,902070
2377,Shansisuchus,,Shanxi,902070
2378,Shansisuchus,,Shanxi,902070
2379,Shansisuchus,,Shanxi,902070
2380,Shansisuchus,,Shanxi,902070
2381,Shansisuchus,,Shanxi,902070
2382,Shansisuchus,,Shanxi,902070
2383,Shansisuchus,,Shanxi,902070
2384,Shansisuchus,,Shanxi,902070
2385,Shansisuchus,,Shanxi,902070
2386,Shansisuchus,,Shanxi,902070
2387,Shansisuchus,,Shanxi,902070
2388,Shansisuchus,,Shanxi,902070
2389,Shansisuchus,,Shanxi,902070
2390,Shansisuchus,,Shanxi,902070
2391,Shansisuchus,,Shanxi,902070
2392,Shansisuchus,,Shanxi,902070
2393,Shansisuchus,,Shanxi,902070
2394,Shansisuchus,,Shanxi,902070
2395,Shansisuchus,,Shanxi,902070
2396,Shansisuchus,,Shanxi,902070
2397,Shansisuchus,,Shanxi,902070
2398,Shansisuchus,,Shanxi,902070
2399,Shansisuchus,,Shanxi,902070
2400,Shansisuchus,,Shanxi,902070
2401,Shansisuchus,,Shanxi,902070
2402,Shansisuchus,,Shanxi,902070
2403,Shansisuchus,,Shanxi,902070
2404,Shansisuchus,,Shanxi,902070
2405,Shansisuchus,,Shanxi,902070
2406,Shansisuchus,,Shanxi,902070
2418,Shansisuchus,,Shanxi,902385
2419,Shansisuchus,,Shanxi,902385
2421,Shansisuchus,,Shanxi,902395
2422,Shansisuchus,,Shanxi,902395
2423,Shansisuchus,,Shanxi,902395
2424,Shansisuchus,,Shanxi,902395
2425,Shansisuchus,,Shanxi,902395
2438,Teyumbaita,,Rio Grande do Sul,908524
2439,Teyumbaita,,Rio Grande do Sul,908524
2441,Teyumbaita,,Rio Grande do Sul,908533
2442,Teyumbaita,,Rio Grande do Sul,908533
2443,Teyumbaita,,Rio Grande do Sul,908533
2448,Shastasaurus,El Antimonio,Sonora,909072
2449,Shastasaurus,El Antimonio,Sonora,909072
2450,Shastasaurus,El Antimonio,Sonora,909072
2463,Barracudasaurus,Panxian,Guizhou,916388
2464,Barracudasaurus,Panxian,Guizhou,916388
2466,Grippia,,British Columbia,920238
2467,Grippia,,British Columbia,920238
2468,Gulosaurus,,British Columbia,920239
2469,Gulosaurus,,British Columbia,920239
2486,Prolacerta,Maluti-A-Phofung,Free State,922664
2487,Prolacerta,Maluti-A-Phofung,Free State,922664
2505,Neoaetosauroides,General Lavalle,La Rioja,923086
2506,Neoaetosauroides,General Lavalle,La Rioja,923086
2507,Hemiprotosuchus,,La Rioja,923087
2508,Hemiprotosuchus,,La Rioja,923087
2510,Palaeochersis,,La Rioja,923089
2511,Palaeochersis,,La Rioja,923089
2512,Palaeochersis,,La Rioja,923089
2515,Neoaetosauroides,,La Rioja,923093
2516,Neoaetosauroides,,La Rioja,923093
2522,Stagonosuchus,,Ruvuma,923790
2523,Stagonosuchus,,Ruvuma,923790
2526,Lewisuchus,,La Rioja,923804
2527,Lewisuchus,,La Rioja,923804
2528,Lewisuchus,,La Rioja,923804
2529,Lagerpeton,,La Rioja,923807
2530,Lagerpeton,,La Rioja,923807
2531,Tropidosuchus,,La Rioja,923809
2532,Tropidosuchus,,La Rioja,923809
2533,Tropidosuchus,,La Rioja,923809
2534,Tropidosuchus,,La Rioja,923809
2535,Tropidosuchus,,La Rioja,923809
2536,Tropidosuchus,,La Rioja,923809
2537,Tropidosuchus,,La Rioja,923809
2549,Pachypleurosaurus,Como or Varese,Lombardia,929597
2550,Pachypleurosaurus,Como or Varese,Lombardia,929597
2559,Faxinalipterus,Faxinal do Soturno County,Rio Grande do Sul,930806
2560,Faxinalipterus,Faxinal do Soturno County,Rio Grande do Sul,930806
2573,Macrocnemus,Fuyuan,Yunnan,931425
2574,Macrocnemus,Fuyuan,Yunnan,931425
2579,Wumengosaurus,Panxian,Guizhou,931832
2580,Wumengosaurus,Panxian,Guizhou,931832
2581,Wumengosaurus,Panxian,Guizhou,931832
2582,Wumengosaurus,Panxian,Guizhou,931832
2583,Wumengosaurus,Panxian,Guizhou,931832
2584,Wumengosaurus,Panxian,Guizhou,931833
2585,Wumengosaurus,Panxian,Guizhou,931833
2586,Wumengosaurus,Panxian,Guizhou,931833
2587,Wumengosaurus,Panxian,Guizhou,931833
2588,Wumengosaurus,Panxian,Guizhou,931833
2600,Decuriasuchus,,Rio Grande do Sul,933819
2601,Decuriasuchus,,Rio Grande do Sul,933819
2602,Decuriasuchus,,Rio Grande do Sul,933819
2603,Decuriasuchus,,Rio Grande do Sul,933819
2604,Decuriasuchus,,Rio Grande do Sul,933819
2605,Decuriasuchus,,Rio Grande do Sul,933819
2606,Decuriasuchus,,Rio Grande do Sul,933819
2607,Decuriasuchus,,Rio Grande do Sul,933819
2608,Decuriasuchus,,Rio Grande do Sul,933819
2639,Paraplacodus,Mendrisio,Kanton Tessin,950446
2640,Paraplacodus,Mendrisio,Kanton Tessin,950446
2641,Paraplacodus,Mendrisio,Kanton Tessin,950446
2642,Paraplacodus,Mendrisio,Kanton Tessin,950446
2643,Paraplacodus,Mendrisio,Kanton Tessin,950446
2644,Paraplacodus,Mendrisio,Kanton Tessin,950446
2645,Mixosaurus,Mendrisio,Kanton Tessin,950447
2646,Mixosaurus,Mendrisio,Kanton Tessin,950447
2650,Pachypleurosaurus,Mendrisio,Ticino,950451
2651,Pachypleurosaurus,Mendrisio,Ticino,950451
2652,Pachypleurosaurus,Mendrisio,Ticino,950451
2653,Pachypleurosaurus,Mendrisio,Ticino,950451
2657,Hupehsuchus,Nanzhang,Hubei,966703
2658,Hupehsuchus,Nanzhang,Hubei,966703
2659,Hupehsuchus,Nanzhang,Hubei,966703
2660,Hupehsuchus,Nanzhang,Hubei,966703
2672,Proterosuchus,,Free State,980055
2673,Proterosuchus,,Free State,980055
2680,Erythrosuchus,Ukhahlamba,Eastern Cape,986756
2681,Erythrosuchus,Ukhahlamba,Eastern Cape,986756
2682,Erythrosuchus,Ukhahlamba,Eastern Cape,986756
2683,Thalassiodracon,Somerset,England,989446
2684,Thalassiodracon,Somerset,England,989446
2685,Thalassiodracon,Somerset,England,989446
2686,Thalassiodracon,Somerset,England,989446
2687,Thalassiodracon,Somerset,England,989446
2688,Thalassiodracon,Somerset,England,989446
2711,Nambalia,,Andhra Pradesh,1066207
2712,Nambalia,,Andhra Pradesh,1066207
2713,Nambalia,,Andhra Pradesh,1066207
2759,Gyposaurus,Lufeng,Yunnan,1092073
2760,Gyposaurus,Lufeng,Yunnan,1092073
2766,Nothosaurus,,Gelderland,1094699
2767,Nothosaurus,,Gelderland,1094699
2768,Nothosaurus,,Gelderland,1094699
2781,Simosaurus,,Baden-W√É¬ºrttemberg,1094780
2782,Simosaurus,,Baden-W√É¬ºrttemberg,1094780
2791,Placodus,Bayreuth,Bayern,1094789
2792,Placodus,Bayreuth,Bayern,1094789
2793,Placodus,Bayreuth,Bayern,1094789
2794,Placodus,Bayreuth,Bayern,1094789
2806,Nothosaurus,Baden-W√É¬ºrttemberg,,1094805
2807,Nothosaurus,Baden-W√É¬ºrttemberg,,1094805
2808,Nothosaurus,Baden-W√É¬ºrttemberg,,1094805
2810,Nothosaurus,,Baden-W√É¬ºrttemberg,1094807
2811,Nothosaurus,,Baden-W√É¬ºrttemberg,1094807
2812,Nothosaurus,,Baden-W√É¬ºrttemberg,1094807
2836,Nothosaurus,Baden-W√É¬ºrttemberg,,1094848
2837,Nothosaurus,Baden-W√É¬ºrttemberg,,1094848
2844,Nothosaurus,,,1094858
2845,Nothosaurus,,,1094858
2900,Henodus,,,1095300
2901,Henodus,,,1095300
2902,Henodus,,,1095300
2903,Henodus,,,1095300
2904,Henodus,,,1095300
2905,Henodus,,,1095300
2906,Henodus,,,1095300
2911,Orovenator,Comanche,Oklahoma,1098337
2912,Orovenator,Comanche,Oklahoma,1098337
2982,Dinocephalosaurus,Panxian,Guizhou,1129589
2983,Dinocephalosaurus,Panxian,Guizhou,1129589
2987,Howesia,Maletswai,Eastern Cape,1134215
2988,Howesia,Maletswai,Eastern Cape,1134215
3013,Plateosaurus,Magallanes,Santa Cruz,1139540
3014,Plateosaurus,Magallanes,Santa Cruz,1139540
3015,Plateosaurus,Magallanes,Santa Cruz,1139540
3016,Plateosaurus,Magallanes,Santa Cruz,1139540
3079,Komlosaurus,Baranya ,Southern Transdanubia,1211231
3080,Komlosaurus,Baranya ,Southern Transdanubia,1211231
3081,Komlosaurus,Baranya ,Southern Transdanubia,1211231
3082,Komlosaurus,Baranya ,Southern Transdanubia,1211231
3083,Komlosaurus,Baranya ,Southern Transdanubia,1211231
3084,Komlosaurus,Baranya ,Southern Transdanubia,1211231
3085,Komlosaurus,Baranya ,Southern Transdanubia,1211231
3086,Komlosaurus,Baranya ,Southern Transdanubia,1211231
3087,Komlosaurus,Baranya ,Southern Transdanubia,1211231
3088,Komlosaurus,Baranya ,Southern Transdanubia,1211231
3089,Komlosaurus,Baranya ,Southern Transdanubia,1211231
3090,Komlosaurus,Baranya ,Southern Transdanubia,1211231
3091,Komlosaurus,Baranya ,Southern Transdanubia,1211231
3092,Komlosaurus,Baranya ,Southern Transdanubia,1211231
3093,Komlosaurus,Baranya ,Southern Transdanubia,1211231
3094,Komlosaurus,Baranya ,Southern Transdanubia,1211231
3095,Komlosaurus,Baranya ,Southern Transdanubia,1211231
3096,Komlosaurus,Baranya ,Southern Transdanubia,1211231
3097,Komlosaurus,Baranya ,Southern Transdanubia,1211231
3098,Komlosaurus,Baranya ,Southern Transdanubia,1211231
3099,Komlosaurus,Baranya ,Southern Transdanubia,1211231
3124,Youngina,Camdeboo,Eastern Cape,1285194
3125,Youngina,Camdeboo,Eastern Cape,1285194
3129,Tangasaurus,,,1285940
3130,Tangasaurus,,,1285940
3131,Tangasaurus,,,1285940
3132,Hovasaurus,,Tulear,1285964
3133,Hovasaurus,,Tulear,1285964
3134,Hovasaurus,,Tulear,1285964
3135,Hovasaurus,,Tulear,1285964
3136,Hovasaurus,,Tulear,1285964
3137,Hovasaurus,,Tulear,1285964
3138,Hovasaurus,,Tulear,1285964
3139,Hovasaurus,,Tulear,1285964
3140,Hovasaurus,,Tulear,1285964
3141,Hovasaurus,,Tulear,1285964
3142,Hovasaurus,,Tulear,1285964
3143,Hovasaurus,,Tulear,1285964
3144,Hovasaurus,,Tulear,1285964
3145,Hovasaurus,,Tulear,1285964
3146,Hovasaurus,,Tulear,1285964
3147,Hovasaurus,,Tulear,1285964
3148,Hovasaurus,,Tulear,1285964
3149,Hovasaurus,,Tulear,1285964
3150,Hovasaurus,,Tulear,1285964
3151,Hovasaurus,,Tulear,1285964
3152,Hovasaurus,,Tulear,1285964
3153,Hovasaurus,,Tulear,1285964
3154,Hovasaurus,,Tulear,1285964
3155,Hovasaurus,,Tulear,1285964
3156,Hovasaurus,,Tulear,1285964
3157,Hovasaurus,,Tulear,1285964
3158,Hovasaurus,,Tulear,1285964
3159,Hovasaurus,,Tulear,1285964
3160,Hovasaurus,,Tulear,1285964
3161,Hovasaurus,,Tulear,1285964
3162,Hovasaurus,,Tulear,1285964
3163,Hovasaurus,,Tulear,1285964
3164,Hovasaurus,,Tulear,1285964
3165,Hovasaurus,,Tulear,1285964
3166,Hovasaurus,,Tulear,1285964
3167,Hovasaurus,,Tulear,1285964
3168,Hovasaurus,,Tulear,1285964
3169,Hovasaurus,,Tulear,1285964
3170,Hovasaurus,,Tulear,1285964
3171,Hovasaurus,,Tulear,1285964
3172,Hovasaurus,,Tulear,1285964
3173,Hovasaurus,,Tulear,1285964
3174,Hovasaurus,,Tulear,1285964
3175,Hovasaurus,,Tulear,1285964
3176,Hovasaurus,,Tulear,1285964
3177,Hovasaurus,,Tulear,1285964
3178,Hovasaurus,,Tulear,1285964
3179,Hovasaurus,,Tulear,1285964
3180,Hovasaurus,,Tulear,1285964
3181,Hovasaurus,,Tulear,1285964
3182,Hovasaurus,,Tulear,1285964
3183,Hovasaurus,,Tulear,1285964
3184,Hovasaurus,,Tulear,1285964
3185,Hovasaurus,,Tulear,1285964
3186,Hovasaurus,,Tulear,1285964
3187,Hovasaurus,,Tulear,1285964
3188,Hovasaurus,,Tulear,1285964
3189,Hovasaurus,,Tulear,1285964
3190,Hovasaurus,,Tulear,1285964
3191,Hovasaurus,,Tulear,1285964
3192,Hovasaurus,,Tulear,1285964
3193,Hovasaurus,,Tulear,1285964
3194,Hovasaurus,,Tulear,1285964
3195,Hovasaurus,,Tulear,1285964
3196,Hovasaurus,,Tulear,1285964
3197,Hovasaurus,,Tulear,1285964
3198,Hovasaurus,,Tulear,1285964
3199,Hovasaurus,,Tulear,1285964
3200,Hovasaurus,,Tulear,1285964
3201,Hovasaurus,,Tulear,1285964
3202,Hovasaurus,,Tulear,1285964
3203,Hovasaurus,,Tulear,1285964
3204,Hovasaurus,,Tulear,1285964
3205,Hovasaurus,,Tulear,1285964
3206,Hovasaurus,,Tulear,1285964
3207,Hovasaurus,,Tulear,1285964
3208,Hovasaurus,,Tulear,1285964
3209,Hovasaurus,,Tulear,1285964
3210,Hovasaurus,,Tulear,1285964
3211,Hovasaurus,,Tulear,1285964
3212,Hovasaurus,,Tulear,1285964
3213,Hovasaurus,,Tulear,1285964
3214,Hovasaurus,,Tulear,1285964
3215,Hovasaurus,,Tulear,1285964
3216,Hovasaurus,,Tulear,1285964
3217,Hovasaurus,,Tulear,1285964
3218,Hovasaurus,,Tulear,1285964
3219,Hovasaurus,,Tulear,1285964
3220,Hovasaurus,,Tulear,1285964
3221,Hovasaurus,,Tulear,1285964
3222,Hovasaurus,,Tulear,1285964
3223,Hovasaurus,,Tulear,1285964
3224,Hovasaurus,,Tulear,1285964
3225,Hovasaurus,,Tulear,1285964
3226,Hovasaurus,,Tulear,1285964
3227,Hovasaurus,,Tulear,1285964
3228,Hovasaurus,,Tulear,1285964
3229,Hovasaurus,,Tulear,1285964
3230,Hovasaurus,,Tulear,1285964
3231,Hovasaurus,,Tulear,1285964
3232,Hovasaurus,,Tulear,1285964
3233,Hovasaurus,,Tulear,1285964
3234,Hovasaurus,,Tulear,1285964
3235,Hovasaurus,,Tulear,1285964
3236,Hovasaurus,,Tulear,1285964
3237,Hovasaurus,,Tulear,1285964
3238,Hovasaurus,,Tulear,1285964
3239,Hovasaurus,,Tulear,1285964
3240,Hovasaurus,,Tulear,1285964
3241,Hovasaurus,,Tulear,1285964
3242,Hovasaurus,,Tulear,1285964
3243,Hovasaurus,,Tulear,1285964
3244,Hovasaurus,,Tulear,1285964
3245,Hovasaurus,,Tulear,1285964
3246,Hovasaurus,,Tulear,1285964
3247,Hovasaurus,,Tulear,1285964
3248,Hovasaurus,,Tulear,1285964
3249,Hovasaurus,,Tulear,1285964
3250,Hovasaurus,,Tulear,1285964
3251,Hovasaurus,,Tulear,1285964
3252,Hovasaurus,,Tulear,1285964
3253,Hovasaurus,,Tulear,1285964
3254,Hovasaurus,,Tulear,1285964
3255,Hovasaurus,,Tulear,1285964
3256,Hovasaurus,,Tulear,1285964
3257,Hovasaurus,,Tulear,1285964
3258,Hovasaurus,,Tulear,1285964
3259,Hovasaurus,,Tulear,1285964
3260,Hovasaurus,,Tulear,1285964
3261,Hovasaurus,,Tulear,1285964
3262,Hovasaurus,,Tulear,1285964
3263,Hovasaurus,,Tulear,1285964
3264,Hovasaurus,,Tulear,1285964
3265,Hovasaurus,,Tulear,1285964
3266,Hovasaurus,,Tulear,1285964
3267,Hovasaurus,,Tulear,1285964
3268,Hovasaurus,,Tulear,1285964
3269,Hovasaurus,,Tulear,1285964
3270,Hovasaurus,,Tulear,1285964
3271,Hovasaurus,,Tulear,1285964
3272,Hovasaurus,,Tulear,1285964
3273,Hovasaurus,,Tulear,1285964
3274,Hovasaurus,,Tulear,1285964
3275,Hovasaurus,,Tulear,1285964
3276,Hovasaurus,,Tulear,1285964
3277,Hovasaurus,,Tulear,1285964
3278,Hovasaurus,,Tulear,1285964
3279,Hovasaurus,,Tulear,1285964
3280,Hovasaurus,,Tulear,1285964
3281,Hovasaurus,,Tulear,1285964
3282,Hovasaurus,,Tulear,1285964
3283,Hovasaurus,,Tulear,1285964
3284,Hovasaurus,,Tulear,1285964
3285,Hovasaurus,,Tulear,1285964
3286,Hovasaurus,,Tulear,1285964
3287,Hovasaurus,,Tulear,1285964
3288,Hovasaurus,,Tulear,1285964
3289,Hovasaurus,,Tulear,1285964
3290,Hovasaurus,,Tulear,1285964
3291,Hovasaurus,,Tulear,1285964
3292,Hovasaurus,,Tulear,1285964
3293,Hovasaurus,,Tulear,1285964
3294,Hovasaurus,,Tulear,1285964
3295,Hovasaurus,,Tulear,1285964
3296,Hovasaurus,,Tulear,1285964
3297,Hovasaurus,,Tulear,1285964
3298,Hovasaurus,,Tulear,1285964
3299,Hovasaurus,,Tulear,1285964
3300,Hovasaurus,,Tulear,1285964
3301,Hovasaurus,,Tulear,1285964
3302,Hovasaurus,,Tulear,1285964
3303,Hovasaurus,,Tulear,1285964
3304,Hovasaurus,,Tulear,1285964
3305,Hovasaurus,,Tulear,1285964
3306,Hovasaurus,,Tulear,1285964
3307,Hovasaurus,,Tulear,1285964
3308,Hovasaurus,,Tulear,1285964
3309,Hovasaurus,,Tulear,1285964
3310,Hovasaurus,,Tulear,1285964
3311,Hovasaurus,,Tulear,1285964
3312,Hovasaurus,,Tulear,1285964
3313,Hovasaurus,,Tulear,1285964
3314,Hovasaurus,,Tulear,1285964
3315,Hovasaurus,,Tulear,1285964
3316,Hovasaurus,,Tulear,1285964
3317,Hovasaurus,,Tulear,1285964
3318,Hovasaurus,,Tulear,1285964
3319,Hovasaurus,,Tulear,1285964
3320,Hovasaurus,,Tulear,1285964
3321,Hovasaurus,,Tulear,1285964
3322,Hovasaurus,,Tulear,1285964
3323,Hovasaurus,,Tulear,1285964
3324,Hovasaurus,,Tulear,1285964
3325,Hovasaurus,,Tulear,1285964
3326,Hovasaurus,,Tulear,1285964
3327,Hovasaurus,,Tulear,1285964
3328,Hovasaurus,,Tulear,1285964
3329,Hovasaurus,,Tulear,1285964
3330,Hovasaurus,,Tulear,1285964
3331,Hovasaurus,,Tulear,1285964
3332,Hovasaurus,,Tulear,1285964
3333,Hovasaurus,,Tulear,1285964
3334,Hovasaurus,,Tulear,1285964
3335,Hovasaurus,,Tulear,1285964
3336,Hovasaurus,,Tulear,1285964
3337,Hovasaurus,,Tulear,1285964
3338,Hovasaurus,,Tulear,1285964
3339,Hovasaurus,,Tulear,1285964
3340,Hovasaurus,,Tulear,1285964
3341,Hovasaurus,,Tulear,1285964
3342,Hovasaurus,,Tulear,1285964
3343,Hovasaurus,,Tulear,1285964
3344,Hovasaurus,,Tulear,1285964
3345,Hovasaurus,,Tulear,1285964
3346,Hovasaurus,,Tulear,1285964
3347,Hovasaurus,,Tulear,1285964
3348,Hovasaurus,,Tulear,1285964
3349,Hovasaurus,,Tulear,1285964
3350,Hovasaurus,,Tulear,1285964
3351,Hovasaurus,,Tulear,1285964
3352,Hovasaurus,,Tulear,1285964
3353,Hovasaurus,,Tulear,1285964
3354,Hovasaurus,,Tulear,1285964
3355,Hovasaurus,,Tulear,1285964
3356,Hovasaurus,,Tulear,1285964
3357,Hovasaurus,,Tulear,1285964
3358,Hovasaurus,,Tulear,1285964
3359,Hovasaurus,,Tulear,1285964
3360,Hovasaurus,,Tulear,1285964
3361,Hovasaurus,,Tulear,1285964
3362,Hovasaurus,,Tulear,1285964
3363,Hovasaurus,,Tulear,1285964
3364,Hovasaurus,,Tulear,1285964
3365,Hovasaurus,,Tulear,1285964
3366,Hovasaurus,,Tulear,1285964
3367,Hovasaurus,,Tulear,1285964
3368,Hovasaurus,,Tulear,1285964
3369,Hovasaurus,,Tulear,1285964
3370,Hovasaurus,,Tulear,1285964
3371,Hovasaurus,,Tulear,1285964
3372,Hovasaurus,,Tulear,1285964
3373,Hovasaurus,,Tulear,1285964
3374,Hovasaurus,,Tulear,1285964
3375,Hovasaurus,,Tulear,1285964
3376,Hovasaurus,,Tulear,1285964
3377,Hovasaurus,,Tulear,1285964
3378,Hovasaurus,,Tulear,1285964
3379,Hovasaurus,,Tulear,1285964
3380,Hovasaurus,,Tulear,1285964
3381,Hovasaurus,,Tulear,1285964
3382,Hovasaurus,,Tulear,1285964
3383,Hovasaurus,,Tulear,1285964
3384,Hovasaurus,,Tulear,1285964
3385,Hovasaurus,,Tulear,1285964
3386,Hovasaurus,,Tulear,1285964
3387,Hovasaurus,,Tulear,1285964
3388,Hovasaurus,,Tulear,1285964
3389,Hovasaurus,,Tulear,1285964
3390,Hovasaurus,,Tulear,1285964
3391,Hovasaurus,,Tulear,1285964
3392,Hovasaurus,,Tulear,1285964
3393,Hovasaurus,,Tulear,1285964
3394,Hovasaurus,,Tulear,1285964
3395,Hovasaurus,,Tulear,1285964
3396,Hovasaurus,,Tulear,1285964
3397,Hovasaurus,,Tulear,1285964
3398,Hovasaurus,,Tulear,1285964
3399,Hovasaurus,,Tulear,1285964
3400,Hovasaurus,,Tulear,1285964
3401,Hovasaurus,,Tulear,1285964
3402,Hovasaurus,,Tulear,1285964
3403,Hovasaurus,,Tulear,1285964
3404,Hovasaurus,,Tulear,1285964
3405,Hovasaurus,,Tulear,1285964
3406,Hovasaurus,,Tulear,1285964
3407,Hovasaurus,,Tulear,1285964
3408,Hovasaurus,,Tulear,1285964
3409,Hovasaurus,,Tulear,1285964
3410,Hovasaurus,,Tulear,1285964
3411,Hovasaurus,,Tulear,1285964
3412,Hovasaurus,,Tulear,1285964
3413,Hovasaurus,,Tulear,1285964
3414,Hovasaurus,,Tulear,1285964
3415,Hovasaurus,,Tulear,1285964
3416,Hovasaurus,,Tulear,1285964
3417,Hovasaurus,,Tulear,1285964
3418,Hovasaurus,,Tulear,1285964
3419,Hovasaurus,,Tulear,1285964
3420,Hovasaurus,,Tulear,1285964
3421,Hovasaurus,,Tulear,1285964
3422,Hovasaurus,,Tulear,1285964
3423,Hovasaurus,,Tulear,1285964
3424,Hovasaurus,,Tulear,1285964
3425,Hovasaurus,,Tulear,1285964
3426,Hovasaurus,,Tulear,1285964
3427,Hovasaurus,,Tulear,1285964
3428,Hovasaurus,,Tulear,1285964
3429,Hovasaurus,,Tulear,1285964
3430,Hovasaurus,,Tulear,1285964
3431,Hovasaurus,,Tulear,1285964
3434,Sauropareion,Middelburg,Eastern Cape,1286068
3435,Sauropareion,Middelburg,Eastern Cape,1286068
3436,Sauropareion,Middelburg,Eastern Cape,1286068
3457,Owenetta,Murraysburg,Western Cape,1304576
3458,Owenetta,Murraysburg,Western Cape,1304576
3468,Opisthodontosaurus,Comanche,Oklahoma,1310220
3469,Opisthodontosaurus,Comanche,Oklahoma,1310220
3470,Opisthodontosaurus,Comanche,Oklahoma,1310220
3471,Opisthodontosaurus,Comanche,Oklahoma,1310220
3472,Opisthodontosaurus,Comanche,Oklahoma,1310220
3473,Opisthodontosaurus,Comanche,Oklahoma,1310220
3549,Asilisaurus,,Ruvuma,1340358
3550,Asilisaurus,,Ruvuma,1340358
3572,Ixalerpeton,S√É¬£o Jo√É¬£o do Pol√É¬™sine,Rio Grande do Sul,1347761
3573,Ixalerpeton,S√É¬£o Jo√É¬£o do Pol√É¬™sine,Rio Grande do Sul,1347761
3574,Buriolestes,S√É¬£o Jo√É¬£o do Pol√É¬™sine,Rio Grande do Sul,1347762
3575,Buriolestes,S√É¬£o Jo√É¬£o do Pol√É¬™sine,Rio Grande do Sul,1347762
3612,Macroleter,Mezenskii,Arkhangelsk,1374692
3613,Macroleter,Mezenskii,Arkhangelsk,1374692
3620,Nyctiphruretus,Mezenskii,Arkhangelsk,1374705
3621,Nyctiphruretus,Mezenskii,Arkhangelsk,1374705
3667,Grallator,Las Animas,Colorado,1398274
3668,Grallator,Las Animas,Colorado,1398274
3669,Grallator,Las Animas,Colorado,1398274
3670,Grallator,Las Animas,Colorado,1398274
3671,Grallator,Las Animas,Colorado,1398274
3672,Grallator,Las Animas,Colorado,1398274
3673,Grallator,Las Animas,Colorado,1398274
3674,Grallator,Las Animas,Colorado,1398274
3675,Brachychirotherium,Las Animas,Colorado,1398275
3676,Brachychirotherium,Las Animas,Colorado,1398275
3684,Shringasaurus,Hoshangabad,Madhya Pradesh,1405272
3685,Shringasaurus,Hoshangabad,Madhya Pradesh,1405272
3686,Shringasaurus,Hoshangabad,Madhya Pradesh,1405272
3687,Shringasaurus,Hoshangabad,Madhya Pradesh,1405272
3688,Shringasaurus,Hoshangabad,Madhya Pradesh,1405272
3689,Shringasaurus,Hoshangabad,Madhya Pradesh,1405272
3690,Shringasaurus,Hoshangabad,Madhya Pradesh,1405272
3691,Lavinipes,,Trentino-Alto Adige,1405288
3692,Lavinipes,,Trentino-Alto Adige,1405288
3694,Mandasuchus,,Ruvuma,1406763
3695,Mandasuchus,,Ruvuma,1406763
3701,Labidosauriscus,Comanche,Oklahoma,1406771
3702,Labidosauriscus,Comanche,Oklahoma,1406771
3703,Labidosauriscus,Comanche,Oklahoma,1406771
3704,Labidosauriscus,Comanche,Oklahoma,1406771
3705,Labidosauriscus,Comanche,Oklahoma,1406771
3706,Labidosauriscus,Comanche,Oklahoma,1406771
3707,Labidosauriscus,Comanche,Oklahoma,1406771
3708,Labidosauriscus,Comanche,Oklahoma,1406771
3860,Nothosaurus,,Gelderland,1418894
3861,Nothosaurus,,Gelderland,1418894
4094,Guaibasaurus,,Rio Grande do Sul,1578530
4095,Guaibasaurus,,Rio Grande do Sul,1578530
4114,Dimetropus,Gotha,Thuringia,1583938
4115,Dimetropus,Gotha,Thuringia,1583938
4116,Dimetropus,Gotha,Thuringia,1583938
4117,Dimetropus,Gotha,Thuringia,1583938
4118,Dimetropus,Gotha,Thuringia,1583938
4119,Dimetropus,Gotha,Thuringia,1583938
4120,Dimetropus,Gotha,Thuringia,1583938
4121,Dimetropus,Gotha,Thuringia,1583938
4122,Dimetropus,Gotha,Thuringia,1583938
4123,Dimetropus,Gotha,Thuringia,1583938
4124,Dimetropus,Gotha,Thuringia,1583938
4125,Dimetropus,Gotha,Thuringia,1583938
4127,Plateosaurus,Freiburg,Baden-W√É¬ºrttemberg,1586159
4128,Plateosaurus,Freiburg,Baden-W√É¬ºrttemberg,1586159
4129,Plateosaurus,Freiburg,Baden-W√É¬ºrttemberg,1586159
4130,Plateosaurus,Freiburg,Baden-W√É¬ºrttemberg,1586159
4131,Plateosaurus,Freiburg,Baden-W√É¬ºrttemberg,1586159
4132,Plateosaurus,Freiburg,Baden-W√É¬ºrttemberg,1586159
4133,Plateosaurus,Freiburg,Baden-W√É¬ºrttemberg,1586159
4134,Plateosaurus,Freiburg,Baden-W√É¬ºrttemberg,1586159
4135,Plateosaurus,Freiburg,Baden-W√É¬ºrttemberg,1586159
4136,Plateosaurus,Freiburg,Baden-W√É¬ºrttemberg,1586159
4137,Plateosaurus,Freiburg,Baden-W√É¬ºrttemberg,1586159
4138,Plateosaurus,Freiburg,Baden-W√É¬ºrttemberg,1586159
4139,Plateosaurus,Freiburg,Baden-W√É¬ºrttemberg,1586159
4140,Plateosaurus,Freiburg,Baden-W√É¬ºrttemberg,1586159
4141,Plateosaurus,Freiburg,Baden-W√É¬ºrttemberg,1586159
4142,Plateosaurus,Freiburg,Baden-W√É¬ºrttemberg,1586159
4143,Plateosaurus,Freiburg,Baden-W√É¬ºrttemberg,1586159
4144,Plateosaurus,Freiburg,Baden-W√É¬ºrttemberg,1586159
4145,Plateosaurus,Freiburg,Baden-W√É¬ºrttemberg,1586159
4146,Plateosaurus,Freiburg,Baden-W√É¬ºrttemberg,1586159
4147,Plateosaurus,Freiburg,Baden-W√É¬ºrttemberg,1586159
4148,Plateosaurus,Freiburg,Baden-W√É¬ºrttemberg,1586159
4149,Plateosaurus,Freiburg,Baden-W√É¬ºrttemberg,1586159
4150,Plateosaurus,Freiburg,Baden-W√É¬ºrttemberg,1586159
4151,Plateosaurus,Freiburg,Baden-W√É¬ºrttemberg,1586159
4152,Plateosaurus,Freiburg,Baden-W√É¬ºrttemberg,1586159
4153,Plateosaurus,Freiburg,Baden-W√É¬ºrttemberg,1586159
4154,Plateosaurus,Freiburg,Baden-W√É¬ºrttemberg,1586159
4155,Plateosaurus,Freiburg,Baden-W√É¬ºrttemberg,1586159
4156,Plateosaurus,Freiburg,Baden-W√É¬ºrttemberg,1586159
4157,Plateosaurus,Freiburg,Baden-W√É¬ºrttemberg,1586159
4158,Plateosaurus,Freiburg,Baden-W√É¬ºrttemberg,1586159
4159,Plateosaurus,Freiburg,Baden-W√É¬ºrttemberg,1586159
4160,Plateosaurus,Freiburg,Baden-W√É¬ºrttemberg,1586159
4161,Plateosaurus,Freiburg,Baden-W√É¬ºrttemberg,1586159
4162,Plateosaurus,Freiburg,Baden-W√É¬ºrttemberg,1586159
4163,Plateosaurus,Freiburg,Baden-W√É¬ºrttemberg,1586159
4199,Mbiresaurus,,Mashonaland Central,1614363
4200,Mbiresaurus,,Mashonaland Central,1614363
4209,Sinosaurus,Lufeng,Yunnan,1625162
4210,Sinosaurus,Lufeng,Yunnan,1625162
4219,Hwiccewyrm,Avon,England,1638608
4220,Hwiccewyrm,Avon,England,1638608
4221,Hwiccewyrm,Avon,England,1638608
4222,Hwiccewyrm,Avon,England,1638608
4223,Hwiccewyrm,Avon,England,1638608
4224,Hwiccewyrm,Avon,England,1638608
