occurrence_no,locality,county_original,state,cc,notes
1081097,,,,AA,delete
1081098,,,,AA,delete
1286789,,,,AA,delete
1561169,,,,AA,delete
1395196,Mendoza,,Mendoza,AR,
1395197,Mendoza,Las Heras,Mendoza,AR,
1395198,Mendoza,,Mendoza,AR,
1423653,San Juan,Valle Fertil,San Juan,AR,
1423607,Austria,Baden,Lower Austria,AT,
882295,Austria,Bludenz,Vorarlberg,AT,
1370351,Austria,,,AT,
399460,New South Wales,,New South Wales,AU,
1087030,New South Wales,,New South Wales,AU,
1087247,New South Wales,,New South Wales,AU,
1087277,New South Wales,,New South Wales,AU,
1087300,New South Wales,,New South Wales,AU,
1087301,New South Wales,,New South Wales,AU,
1087308,New South Wales,,New South Wales,AU,
1087312,New South Wales,,New South Wales,AU,
1639800,New South Wales,,New South Wales,AU,
821549,Queensland,,Queensland,AU,
850612,Queensland,,Queensland,AU,
1087050,Queensland,,Queensland,AU,
1087055,Queensland,,Queensland,AU,
1087056,Queensland,,Queensland,AU,
1087060,Queensland,,Queensland,AU,
1087061,Queensland,,Queensland,AU,
1087061,Queensland,,Queensland,AU,
1087070,Queensland,,Queensland,AU,
1087071,Queensland,,Queensland,AU,
1087079,Queensland,,Queensland,AU,
1087080,Queensland,,Queensland,AU,
1087082,Queensland,,Queensland,AU,
1087087,Queensland,,Queensland,AU,
1547083,Queensland,,Queensland,AU,
1547084,Queensland,,Queensland,AU,
1547197,Queensland,,Queensland,AU,
1087081,Tasmania,Hobart,Tasmania,AU,
1087659,Tasmania,Hobart,Tasmania,AU,
1087660,Tasmania,Hobart,Tasmania,AU,
1087661,Tasmania,,Tasmania,AU,
1087662,Tasmania,,Tasmania,AU,
1087663,Tasmania,,Tasmania,AU,
1087669,Tasmania,,Tasmania,AU,
1087670,Tasmania,,Tasmania,AU,
1087671,Tasmania,,Tasmania,AU,
1087672,Tasmania,,Tasmania,AU,
1087673,Tasmania,,Tasmania,AU,
1087674,Tasmania,,Tasmania,AU,
1087675,Tasmania,,Tasmania,AU,
1087678,Tasmania,,Tasmania,AU,
1087679,Tasmania,,Tasmania,AU,
1087681,Tasmania,,Tasmania,AU,
1087682,Tasmania,,Tasmania,AU,
1087683,Tasmania,,Tasmania,AU,
1087684,Tasmania,,Tasmania,AU,
1087685,Tasmania,,Tasmania,AU,
1087685,Tasmania,,Tasmania,AU,
1087685,Tasmania,,Tasmania,AU,
1087685,Tasmania,,Tasmania,AU,
1087685,Tasmania,,Tasmania,AU,
1087685,Tasmania,,Tasmania,AU,
1087685,Tasmania,,Tasmania,AU,
1087685,Tasmania,,Tasmania,AU,
1087685,Tasmania,,Tasmania,AU,
1087685,Tasmania,,Tasmania,AU,
1087685,Tasmania,,Tasmania,AU,
1087685,Tasmania,,Tasmania,AU,
1087685,Tasmania,,Tasmania,AU,
1087685,Tasmania,,Tasmania,AU,
1087685,Tasmania,,Tasmania,AU,
1087518,Western Australia,,Western Australia,AU,
1087519,Western Australia,,Western Australia,AU,
1087520,Western Australia,,Western Australia,AU,
1087521,Western Australia,,Western Australia,AU,
1087522,Western Australia,,Western Australia,AU,
1087523,Western Australia,,Western Australia,AU,
1087524,Western Australia,,Western Australia,AU,
1087566,Western Australia,,Western Australia,AU,
1087567,Western Australia,,Western Australia,AU,
1129698,Western Australia,,Western Australia,AU,
1338643,Maranhao,Timon,Maranhao,BR,
1395191,Maranhao,,Maranhao,BR,
1364550,Parana,Ortigueira,Parana,BR,
1364551,Parana,Ortigueira,Parana,BR,
1368853,Parana,,Parana,BR,
N1,Parana,Sao Jeronimo da Serra,Parana,BR,
N12,Parana,Serra do Cadeado,Parana,BR,
N2,Parana,Morro do Mulato,Parana,BR,
N3,Parana,Morro do Mulato,Parana,BR,
N4,Parana,Morro do Mulato,Parana,BR,
N5,Parana,Morro do Mulato,Parana,BR,
N6,Parana,Morro do Mulato,Parana,BR,
N7,Parana,Morro do Mulato,Parana,BR,
1338644,Piaui,Nazaria,Piaui,BR,
1338645,Piaui,Nazaria,Piaui,BR,
895253,Rio Grande do Sul,,Rio Grande do Sul,BR,
1347764,Rio Grande do Sul,Sao Joao do Polesine,Rio Grande do Sul,BR,
1368857,Rio Grande do Sul,Sao Gabriel,Rio Grande do Sul,BR,
1368861,Rio Grande do Sul,,Rio Grande do Sul,BR,
1396073,Rio Grande do Sul,,Rio Grande do Sul,BR,
N10,Rio Grande do Sul,Pivetta,Rio Grande do Sul,BR,
N11,Rio Grande do Sul,Pivetta,Rio Grande do Sul,BR,
N13,Rio Grande do Sul,-,Rio Grande do Sul,BR,
N14,Rio Grande do Sul,Toroqua,Rio Grande do Sul,BR,
N8,Rio Grande do Sul,Buriol,Rio Grande do Sul,BR,
N9,Rio Grande do Sul,Buriol,Rio Grande do Sul,BR,
1357107,Santa Catarina ,,Santa Catarina ,BR,
933492,Nova Scotia,,Nova Scotia,CA,
789653,Gansu,,Gansu,CN,
880671,Hubei,Yuanan,Hubei,CN,
1396077,Hubei,Yuanan,Hubei,CN,
559541,Czechia,,Boheme,CZ,
1315483,Czechia,,Boheme,CZ,
1338517,Czechia,,Boheme,CZ,
1338555,Czechia,,Boheme,CZ,
1338886,Czechia,,Boheme,CZ,
1425273,Czechia,,Boheme,CZ,
1640842,Czechia,,Krkonose,CZ,
1640844,Czechia,,Krkonose,CZ,
1640845,Czechia,,Krkonose,CZ,
1640846,Czechia,,Krkonose,CZ,
1640847,Czechia,,Krkonose,CZ,
1342750,Czechia,Semily District,Liberec,CZ,
1342751,Czechia,Semily District,Liberec,CZ,
1643371,Czechia,,Liberec,CZ,
1643373,Czechia,,Liberec,CZ,
1643375,Czechia,,Liberec,CZ,
1643397,Czechia,,Liberec,CZ,
1643411,Czechia,,Liberec,CZ,
1338565,Czechia,Semily District,Liberec,CZ,
1317698,Czechia,Pilsen-North,Pilsen,CZ,
1317699,Czechia,Pilsen-North,Pilsen,CZ,
1336733,Czechia,Pilsen-North,Pilsen,CZ,
1337320,Czechia,Pilsen-North,Pilsen,CZ,
1338165,Czechia,Pilsen-North,Pilsen,CZ,
1338188,Czechia,Plze-North District,Pilsen,CZ,
1338190,Czechia,Pilsen-North,Pilsen,CZ,
1425271,Czechia,Pilsen-North,Pilsen,CZ,
1425275,Czechia,Pilsen-North,Pilsen,CZ,
1425280,Czechia,Pilsen-North,Pilsen,CZ,
1425281,Czechia,Pilsen-North,Pilsen,CZ,
1425282,Czechia,Pilsen-North,Pilsen,CZ,
1425288,Czechia,Pilsen-North,Pilsen,CZ,
1425289,Czechia,Pilsen-North,Pilsen,CZ,
1425291,Czechia,Pilsen-North,Pilsen,CZ,
1315325,Czechia,,Rakovnik,CZ,
1338234,Czechia,,Rakovnik,CZ,
1425279,Czechia,,South Moravia,CZ,
1336075,Czechia,,,CZ,
1338556,Czechia,,,CZ,
1338612,Czechia,,,CZ,
1338793,Czechia,,,CZ,
1338887,Czechia,,,CZ,
1396075,Czechia,,,CZ,
1425274,Czechia,,,CZ,
1546686,Czechia,,,CZ,
728366,Baden-Wurttemberg,,Baden-Wurttemberg,DE,
906409,Baden-Wurttemberg,Schwabisch Hall,Baden-Wurttemberg,DE,
906411,Baden-Wurttemberg,Schwabisch Hall,Baden-Wurttemberg,DE,
906412,Baden-Wurttemberg,Schwabisch Hall,Baden-Wurttemberg,DE,
929764,Baden-Wurttemberg,Schwabisch Hall,Baden-Wurttemberg,DE,
929765,Baden-Wurttemberg,Schwabisch Hall,Baden-Wurttemberg,DE,
929766,Baden-Wurttemberg,Schwabisch Hall,Baden-Wurttemberg,DE,
929771,Baden-Wurttemberg,Schwabisch Hall,Baden-Wurttemberg,DE,
929772,Baden-Wurttemberg,Schwabisch Hall,Baden-Wurttemberg,DE,
929773,Baden-Wurttemberg,Schwabisch Hall,Baden-Wurttemberg,DE,
929774,Baden-Wurttemberg,Schwabisch Hall,Baden-Wurttemberg,DE,
929776,Baden-Wurttemberg,Schwabisch Hall,Baden-Wurttemberg,DE,
929777,Baden-Wurttemberg,Hohenlohekreis,Baden-Wurttemberg,DE,
929780,Baden-Wurttemberg,Hohenlohekreis,Baden-Wurttemberg,DE,
929781,Baden-Wurttemberg,Hohenlohekreis,Baden-Wurttemberg,DE,
929782,Baden-Wurttemberg,Hohenlohekreis,Baden-Wurttemberg,DE,
929783,Baden-Wurttemberg,Hohenlohekreis,Baden-Wurttemberg,DE,
929795,Baden-Wurttemberg,Hohenlohekreis,Baden-Wurttemberg,DE,
929799,Baden-Wurttemberg,Schwabisch Hall,Baden-Wurttemberg,DE,
929800,Baden-Wurttemberg,Schwabisch Hall,Baden-Wurttemberg,DE,
929801,Baden-Wurttemberg,Ludwigsburg,Baden-Wurttemberg,DE,
929802,Baden-Wurttemberg,Ludwigsburg,Baden-Wurttemberg,DE,
929802,Baden-Wurttemberg,Ludwigsburg,Baden-Wurttemberg,DE,
929803,Baden-Wurttemberg,Ludwigsburg,Baden-Wurttemberg,DE,
930385,Baden-Wurttemberg,Stuttgart,Baden-Wurttemberg,DE,
930387,Baden-Wurttemberg,Stuttgart,Baden-Wurttemberg,DE,
930388,Baden-Wurttemberg,Heilbronn,Baden-Wurttemberg,DE,
930389,Baden-Wurttemberg,Heilbronn,Baden-Wurttemberg,DE,
930389,Baden-Wurttemberg,Heilbronn,Baden-Wurttemberg,DE,
930391,Baden-Wurttemberg,Stuttgart,Baden-Wurttemberg,DE,
930391,Baden-Wurttemberg,Stuttgart,Baden-Wurttemberg,DE,
930391,Baden-Wurttemberg,Stuttgart,Baden-Wurttemberg,DE,
930391,Baden-Wurttemberg,Stuttgart,Baden-Wurttemberg,DE,
930391,Baden-Wurttemberg,Stuttgart,Baden-Wurttemberg,DE,
930391,Baden-Wurttemberg,Stuttgart,Baden-Wurttemberg,DE,
930391,Baden-Wurttemberg,Stuttgart,Baden-Wurttemberg,DE,
930391,Baden-Wurttemberg,Stuttgart,Baden-Wurttemberg,DE,
930391,Baden-Wurttemberg,Stuttgart,Baden-Wurttemberg,DE,
930391,Baden-Wurttemberg,Stuttgart,Baden-Wurttemberg,DE,
930391,Baden-Wurttemberg,Stuttgart,Baden-Wurttemberg,DE,
930391,Baden-Wurttemberg,Stuttgart,Baden-Wurttemberg,DE,
930391,Baden-Wurttemberg,Stuttgart,Baden-Wurttemberg,DE,
930391,Baden-Wurttemberg,Stuttgart,Baden-Wurttemberg,DE,
930391,Baden-Wurttemberg,Stuttgart,Baden-Wurttemberg,DE,
930391,Baden-Wurttemberg,Stuttgart,Baden-Wurttemberg,DE,
930391,Baden-Wurttemberg,Stuttgart,Baden-Wurttemberg,DE,
930391,Baden-Wurttemberg,Stuttgart,Baden-Wurttemberg,DE,
930391,Baden-Wurttemberg,Stuttgart,Baden-Wurttemberg,DE,
930391,Baden-Wurttemberg,Stuttgart,Baden-Wurttemberg,DE,
930391,Baden-Wurttemberg,Stuttgart,Baden-Wurttemberg,DE,
930391,Baden-Wurttemberg,Stuttgart,Baden-Wurttemberg,DE,
930392,Baden-Wurttemberg,Tubingen,Baden-Wurttemberg,DE,
930393,Baden-Wurttemberg,Schwabisch Hall,Baden-Wurttemberg,DE,
930394,Baden-Wurttemberg,Stuttgart,Baden-Wurttemberg,DE,
930395,Baden-Wurttemberg,Heilbronn,Baden-Wurttemberg,DE,
930821,Baden-Wurttemberg,,Baden-Wurttemberg,DE,
932452,Baden-Wurttemberg,Rems-Murr-Kreis,Baden-Wurttemberg,DE,
985111,Baden-Wurttemberg,Freudenstadt,Baden-Wurttemberg,DE,
985112,Baden-Wurttemberg,Calw,Baden-Wurttemberg,DE,
985128,Baden-Wurttemberg,Neckar-Odenwald-Kreis,Baden-Wurttemberg,DE,
985129,Baden-Wurttemberg,Freudenstadt,Baden-Wurttemberg,DE,
1091731,Baden-Wurttemberg,,Baden-Wurttemberg,DE,
1091732,Baden-Wurttemberg,,Baden-Wurttemberg,DE,
1099423,Baden-Wurttemberg,Stuttgart,Baden-Wurttemberg,DE,
1099958,Baden-Wurttemberg,Stuttgart,Baden-Wurttemberg,DE,
1338636,Baden-Wurttemberg,Schwabisch Hall,Baden-Wurttemberg,DE,
1418701,Baden-Wurttemberg,,Baden-Wurttemberg,DE,
1419585,Baden-Wurttemberg,Schwabisch Hall,Baden-Wurttemberg,DE,
1419594,Baden-Wurttemberg,,Baden-Wurttemberg,DE,
1419597,Baden-Wurttemberg,Stuttgart,Baden-Wurttemberg,DE,
1419635,Baden-Wurttemberg,Waldshut,Baden-Wurttemberg,DE,
1419642,Baden-Wurttemberg,Schwabisch Hall,Baden-Wurttemberg,DE,
1419643,Baden-Wurttemberg,Schwabisch Hall,Baden-Wurttemberg,DE,
1419644,Baden-Wurttemberg,Schwabisch Hall,Baden-Wurttemberg,DE,
1419645,Baden-Wurttemberg,,Baden-Wurttemberg,DE,
1419646,Baden-Wurttemberg,,Baden-Wurttemberg,DE,
1419647,Baden-Wurttemberg,Calw,Baden-Wurttemberg,DE,
1419648,Baden-Wurttemberg,Freudenstadt,Baden-Wurttemberg,DE,
1419649,Baden-Wurttemberg,,Baden-Wurttemberg,DE,
1419650,Baden-Wurttemberg,,Baden-Wurttemberg,DE,
1419651,Baden-Wurttemberg,Stuttgart,Baden-Wurttemberg,DE,
1423618,Baden-Wurttemberg,,Baden-Wurttemberg,DE,
1419641,Bavaria,,Bavaria,DE,
1639000,Bavaria,,Bavaria,DE,
880951,Bavaria,Bamberg,Bavaria,DE,
881085,Bavaria,Bamberg,Bavaria,DE,
881089,Bavaria,Bamberg,Bavaria,DE,
881090,Bavaria,Bamberg,Bavaria,DE,
881093,Bavaria,Bamberg,Bavaria,DE,
881094,Bavaria,Bamberg,Bavaria,DE,
882294,Bavaria,Kronach,Bavaria,DE,
1016311,Bavaria,Mittelfranken,Bavaria,DE,
1016312,Bavaria,Mittelfranken,Bavaria,DE,
1016313,Bavaria,Mittelfranken,Bavaria,DE,
1016314,Bavaria,Mittelfranken,Bavaria,DE,
1076088,Hessen,Oberhessen,Hessen,DE,
1076089,Hessen,,Hessen,DE,
1315479,Saxony,Bockelwitz,Saxony,DE,
1330421,Saxony,Bockelwitz,Saxony,DE,
1334970,Saxony,Bockelwitz,Saxony,DE,
1338616,Saxony,Bockelwitz,Saxony,DE,
1330336,Rhineland-Palatinate,Bad Kreuznach,Rhineland-Palatinate,DE,
1336743,Rhineland-Palatinate,,Rhineland-Palatinate,DE,
1338559,Rhineland-Palatinate,Kaiserslautern,Rhineland-Palatinate,DE,
1338620,Rhineland-Palatinate,Kaiserslautern,Rhineland-Palatinate,DE,
1338621,Rhineland-Palatinate,Kusel district,Rhineland-Palatinate,DE,
1338625,Rhineland-Palatinate,Kaiserslautern,Rhineland-Palatinate,DE,
1338627,Rhineland-Palatinate,Kusel district,Rhineland-Palatinate,DE,
1338632,Rhineland-Palatinate,Kusel,Rhineland-Palatinate,DE,
1338770,Rhineland-Palatinate,Kaiserslautern,Rhineland-Palatinate,DE,
1338871,Rhineland-Palatinate,Kusel district,Rhineland-Palatinate,DE,
1338882,Rhineland-Palatinate,Bad Kreuznach,Rhineland-Palatinate,DE,
1338891,Rhineland-Palatinate,,Rhineland-Palatinate,DE,
1338892,Rhineland-Palatinate,Kusel,Rhineland-Palatinate,DE,
1338900,Rhineland-Palatinate,Kusel district,Rhineland-Palatinate,DE,
1338902,Rhineland-Palatinate,Kusel district,Rhineland-Palatinate,DE,
1338912,Rhineland-Palatinate,,Rhineland-Palatinate,DE,
1642295,Rhineland-Palatinate,Kusel,Rhineland-Palatinate,DE,
1642296,Rhineland-Palatinate,Kusel,Rhineland-Palatinate,DE,
1338558,Rhineland-Palatinate,Bad Kreuznach,Rhineland-Palatinate,DE,
1338619,Rhineland-Palatinate,Bad Kreuznach,Rhineland-Palatinate,DE,
1338622,Rhineland-Palatinate,,Rhineland-Palatinate,DE,
1338623,Rhineland-Palatinate,,Rhineland-Palatinate,DE,
1338624,Rhineland-Palatinate,,Rhineland-Palatinate,DE,
1338626,Rhineland-Palatinate,Bad Kreuznach,Rhineland-Palatinate,DE,
1338628,Rhineland-Palatinate,Bad Kreuznach,Rhineland-Palatinate,DE,
1338631,Rhineland-Palatinate,Bad Kreuznach,Rhineland-Palatinate,DE,
1338633,Rhineland-Palatinate,Kusel,Rhineland-Palatinate,DE,
1338634,Rhineland-Palatinate,,Rhineland-Palatinate,DE,
1338759,Rhineland-Palatinate,Donnersbergkreis,Rhineland-Palatinate,DE,
1338761,Rhineland-Palatinate,Donnersbergkreis ,Rhineland-Palatinate,DE,
1338764,Rhineland-Palatinate,,Rhineland-Palatinate,DE,
1338765,Rhineland-Palatinate,Bad Kreuznach,Rhineland-Palatinate,DE,
1338766,Rhineland-Palatinate,,Rhineland-Palatinate,DE,
1338767,Rhineland-Palatinate,Kusel,Rhineland-Palatinate,DE,
1338768,Rhineland-Palatinate,,Rhineland-Palatinate,DE,
1338769,Rhineland-Palatinate,,Rhineland-Palatinate,DE,
1338771,Rhineland-Palatinate,Bad Kreuznach,Rhineland-Palatinate,DE,
1338796,Rhineland-Palatinate,Kusel,Rhineland-Palatinate,DE,
1338861,Rhineland-Palatinate,Bad Kreuznach,Rhineland-Palatinate,DE,
1338862,Rhineland-Palatinate,Bad Kreuznach,Rhineland-Palatinate,DE,
1338863,Rhineland-Palatinate,Bad Kreuznach,Rhineland-Palatinate,DE,
1338874,Rhineland-Palatinate,Bad Kreuznach,Rhineland-Palatinate,DE,
1338875,Rhineland-Palatinate,Bad Kreuznach,Rhineland-Palatinate,DE,
1338876,Rhineland-Palatinate,Kusel,Rhineland-Palatinate,DE,
1338878,Rhineland-Palatinate,Kusel,Rhineland-Palatinate,DE,
1338879,Rhineland-Palatinate,Bad Kreuznach,Rhineland-Palatinate,DE,
1338880,Rhineland-Palatinate,Bad Kreuznach,Rhineland-Palatinate,DE,
1338881,Rhineland-Palatinate,Kusel,Rhineland-Palatinate,DE,
1338909,Rhineland-Palatinate,Bad Kreuznach,Rhineland-Palatinate,DE,
1333239,Rhineland-Palatinate,Kusel district,Rhineland-Palatinate,DE,
1337697,Rhineland-Palatinate,Bad Kreuznach,Rhineland-Palatinate,DE,
1338872,Rhineland-Palatinate,,Rhineland-Palatinate,DE,
1338873,Rhineland-Palatinate,,Rhineland-Palatinate,DE,
1337750,Rhineland-Palatinate,Donnersbergkreis district,Rhineland-Palatinate,DE,
1338883,Saarland,,Saarland,DE,
1338885,Saarland,,Saarland,DE,
1338890,Saarland,Saarlouis,Saarland,DE,
1338901,Saarland,,Saarland,DE,
1338910,Saarland,,Saarland,DE,
1567399,Saarland,,Saarland,DE,
1584331,Saarland,Lebach/Saar,Saarland,DE,
1104070,Sachsen-Anhalt,,Sachsen-Anhalt,DE,
1104073,Sachsen-Anhalt,,Sachsen-Anhalt,DE,
1104074,Sachsen-Anhalt,,Sachsen-Anhalt,DE,
1104076,Sachsen-Anhalt,,Sachsen-Anhalt,DE,
1104083,Sachsen-Anhalt,,Sachsen-Anhalt,DE,
1104084,Sachsen-Anhalt,,Sachsen-Anhalt,DE,
1104088,Sachsen-Anhalt,,Sachsen-Anhalt,DE,
1104091,Sachsen-Anhalt,,Sachsen-Anhalt,DE,
1315480,Sachsen-Anhalt,,Sachsen-Anhalt,DE,
1419107,Sachsen-Anhalt,Salzlandkreis,Sachsen-Anhalt,DE,
1419108,Sachsen-Anhalt,Salzlandkreis,Sachsen-Anhalt,DE,
1419653,Sachsen-Anhalt,,Sachsen-Anhalt,DE,
517728,Saxony,Weisseritzkreis,Saxony,DE,
517729,Saxony,Weisseritzkreis,Saxony,DE,
517730,Saxony,Weisseritzkreis,Saxony,DE,
517731,Saxony,Weisseritzkreis,Saxony,DE,
517732,Saxony,Weisseritzkreis,Saxony,DE,
1338557,Saxony,,Saxony,DE,
1423664,Saxony,Weisseritzkreis,Saxony,DE,
1315481,Saxony,,Saxony,DE,
1076287,Schleswig-Holstein,Pinneburg,Schleswig-Holstein,DE,
1419634,Schwarzwald,,Baden-Wurttemberg,DE,
1076974,Thuringia,Wartburgkreis,Thuringia,DE,
1419589,Thuringia,,Thuringia,DE,
1419590,Thuringia,,Thuringia,DE,
1419591,Thuringia,,Thuringia,DE,
1419592,Thuringia,,Thuringia,DE,
1419596,Thuringia,,Thuringia,DE,
1338551,Thuringia,,Thuringia,DE,
1338552,Thuringia,,Thuringia,DE,
790003,Thuringia,Gotha,Thuringia,DE,
825283,Thuringia,Gotha,Thuringia,DE,
929775,Thuringia,Ilm-Kreis,Thuringia,DE,
929808,Thuringia,Erfurt,Thuringia,DE,
929809,Thuringia,,Thuringia,DE,
929812,Thuringia,Hildburghausen,Thuringia,DE,
1016620,Thuringia,Gotha,Thuringia,DE,
1315463,Thuringia,Gotha District,Thuringia,DE,
1315505,Thuringia,Emsetal,Thuringia,DE,
1338317,Thuringia,Suhl,Thuringia,DE,
1338507,Thuringia,Emsetal,Thuringia,DE,
1338510,Thuringia,,Thuringia,DE,
1338514,Thuringia,,Thuringia,DE,
1338519,Thuringia,Emsetal,Thuringia,DE,
1338520,Thuringia,,Thuringia,DE,
1338553,Thuringia,,Thuringia,DE,
1338554,Thuringia,,Thuringia,DE,
1338566,Thuringia,,Thuringia,DE,
1338566,Thuringia,,Thuringia,DE,
1338566,Thuringia,,Thuringia,DE,
1338613,Thuringia,,Thuringia,DE,
1338615,Thuringia,Emsetal,Thuringia,DE,
1338617,Thuringia,,Thuringia,DE,
1338618,Thuringia,,Thuringia,DE,
1338794,Thuringia,Gotha,Thuringia,DE,
1338795,Thuringia,,Thuringia,DE,
1338809,Thuringia,Suhl,Thuringia,DE,
1340709,Thuringia,Gotha District,Thuringia,DE,
1340709,Thuringia,Gotha District,Thuringia,DE,
1340709,Thuringia,Gotha District,Thuringia,DE,
1340709,Thuringia,Gotha District,Thuringia,DE,
1340709,Thuringia,Gotha District,Thuringia,DE,
1340709,Thuringia,Gotha District,Thuringia,DE,
1340709,Thuringia,Gotha District,Thuringia,DE,
1340709,Thuringia,Gotha District,Thuringia,DE,
1340709,Thuringia,Gotha District,Thuringia,DE,
1340709,Thuringia,Gotha District,Thuringia,DE,
1340709,Thuringia,Gotha District,Thuringia,DE,
1340709,Thuringia,Gotha District,Thuringia,DE,
1340709,Thuringia,Gotha District,Thuringia,DE,
1340709,Thuringia,Gotha District,Thuringia,DE,
1340709,Thuringia,Gotha District,Thuringia,DE,
1340709,Thuringia,Gotha District,Thuringia,DE,
1340709,Thuringia,Gotha District,Thuringia,DE,
1340709,Thuringia,Gotha District,Thuringia,DE,
1340709,Thuringia,Gotha District,Thuringia,DE,
1340709,Thuringia,Gotha District,Thuringia,DE,
1340709,Thuringia,Gotha District,Thuringia,DE,
1340709,Thuringia,Gotha District,Thuringia,DE,
1340709,Thuringia,Gotha District,Thuringia,DE,
1340709,Thuringia,Gotha District,Thuringia,DE,
1340709,Thuringia,Gotha District,Thuringia,DE,
1340709,Thuringia,Gotha District,Thuringia,DE,
1340709,Thuringia,Gotha District,Thuringia,DE,
1340709,Thuringia,Gotha District,Thuringia,DE,
1340709,Thuringia,Gotha District,Thuringia,DE,
1340709,Thuringia,Gotha District,Thuringia,DE,
1340709,Thuringia,Gotha District,Thuringia,DE,
1340709,Thuringia,Gotha District,Thuringia,DE,
1340709,Thuringia,Gotha District,Thuringia,DE,
1340709,Thuringia,Gotha District,Thuringia,DE,
1340709,Thuringia,Gotha District,Thuringia,DE,
1340709,Thuringia,Gotha District,Thuringia,DE,
1340709,Thuringia,Gotha District,Thuringia,DE,
1340709,Thuringia,Gotha District,Thuringia,DE,
1340709,Thuringia,Gotha District,Thuringia,DE,
1340709,Thuringia,Gotha District,Thuringia,DE,
1340709,Thuringia,Gotha District,Thuringia,DE,
1340709,Thuringia,Gotha District,Thuringia,DE,
1340709,Thuringia,Gotha District,Thuringia,DE,
1340709,Thuringia,Gotha District,Thuringia,DE,
1340709,Thuringia,Gotha District,Thuringia,DE,
1340709,Thuringia,Gotha District,Thuringia,DE,
1340709,Thuringia,Gotha District,Thuringia,DE,
1340709,Thuringia,Gotha District,Thuringia,DE,
1340709,Thuringia,Gotha District,Thuringia,DE,
1340709,Thuringia,Gotha District,Thuringia,DE,
1340709,Thuringia,Gotha District,Thuringia,DE,
1340709,Thuringia,Gotha District,Thuringia,DE,
1340709,Thuringia,Gotha District,Thuringia,DE,
1340709,Thuringia,Gotha District,Thuringia,DE,
1340709,Thuringia,Gotha District,Thuringia,DE,
1340709,Thuringia,Gotha District,Thuringia,DE,
1340709,Thuringia,Gotha District,Thuringia,DE,
1340709,Thuringia,Gotha District,Thuringia,DE,
1340709,Thuringia,Gotha District,Thuringia,DE,
1340709,Thuringia,Gotha District,Thuringia,DE,
1340709,Thuringia,Gotha District,Thuringia,DE,
1340709,Thuringia,Gotha District,Thuringia,DE,
1340709,Thuringia,Gotha District,Thuringia,DE,
1340709,Thuringia,Gotha District,Thuringia,DE,
1340709,Thuringia,Gotha District,Thuringia,DE,
1340709,Thuringia,Gotha District,Thuringia,DE,
1340709,Thuringia,Gotha District,Thuringia,DE,
1340709,Thuringia,Gotha District,Thuringia,DE,
1340709,Thuringia,Gotha District,Thuringia,DE,
1340709,Thuringia,Gotha District,Thuringia,DE,
1340709,Thuringia,Gotha District,Thuringia,DE,
1340709,Thuringia,Gotha District,Thuringia,DE,
1340709,Thuringia,Gotha District,Thuringia,DE,
1340709,Thuringia,Gotha District,Thuringia,DE,
1340709,Thuringia,Gotha District,Thuringia,DE,
1340709,Thuringia,Gotha District,Thuringia,DE,
1340709,Thuringia,Gotha District,Thuringia,DE,
1340709,Thuringia,Gotha District,Thuringia,DE,
1340709,Thuringia,Gotha District,Thuringia,DE,
1340709,Thuringia,Gotha District,Thuringia,DE,
1340709,Thuringia,Gotha District,Thuringia,DE,
1340709,Thuringia,Gotha District,Thuringia,DE,
1340709,Thuringia,Gotha District,Thuringia,DE,
1340709,Thuringia,Gotha District,Thuringia,DE,
1340709,Thuringia,Gotha District,Thuringia,DE,
1340709,Thuringia,Gotha District,Thuringia,DE,
1340709,Thuringia,Gotha District,Thuringia,DE,
1340709,Thuringia,Gotha District,Thuringia,DE,
1340709,Thuringia,Gotha District,Thuringia,DE,
1340709,Thuringia,Gotha District,Thuringia,DE,
1340709,Thuringia,Gotha District,Thuringia,DE,
1340709,Thuringia,Gotha District,Thuringia,DE,
1340709,Thuringia,Gotha District,Thuringia,DE,
1340709,Thuringia,Gotha District,Thuringia,DE,
1340709,Thuringia,Gotha District,Thuringia,DE,
1340709,Thuringia,Gotha District,Thuringia,DE,
1340709,Thuringia,Gotha District,Thuringia,DE,
1340709,Thuringia,Gotha District,Thuringia,DE,
1340709,Thuringia,Gotha District,Thuringia,DE,
1340709,Thuringia,Gotha District,Thuringia,DE,
1340709,Thuringia,Gotha District,Thuringia,DE,
1340709,Thuringia,Gotha District,Thuringia,DE,
1340709,Thuringia,Gotha District,Thuringia,DE,
1340709,Thuringia,Gotha District,Thuringia,DE,
1340709,Thuringia,Gotha District,Thuringia,DE,
1340709,Thuringia,Gotha District,Thuringia,DE,
1340709,Thuringia,Gotha District,Thuringia,DE,
1340709,Thuringia,Gotha District,Thuringia,DE,
1340709,Thuringia,Gotha District,Thuringia,DE,
1340709,Thuringia,Gotha District,Thuringia,DE,
1340709,Thuringia,Gotha District,Thuringia,DE,
1340709,Thuringia,Gotha District,Thuringia,DE,
1340709,Thuringia,Gotha District,Thuringia,DE,
1340709,Thuringia,Gotha District,Thuringia,DE,
1340709,Thuringia,Gotha District,Thuringia,DE,
1340709,Thuringia,Gotha District,Thuringia,DE,
1340709,Thuringia,Gotha District,Thuringia,DE,
1340709,Thuringia,Gotha District,Thuringia,DE,
1340709,Thuringia,Gotha District,Thuringia,DE,
1340709,Thuringia,Gotha District,Thuringia,DE,
1340709,Thuringia,Gotha District,Thuringia,DE,
1340709,Thuringia,Gotha District,Thuringia,DE,
1340709,Thuringia,Gotha District,Thuringia,DE,
1340709,Thuringia,Gotha District,Thuringia,DE,
1340709,Thuringia,Gotha District,Thuringia,DE,
1340709,Thuringia,Gotha District,Thuringia,DE,
1340709,Thuringia,Gotha District,Thuringia,DE,
1340709,Thuringia,Gotha District,Thuringia,DE,
1340709,Thuringia,Gotha District,Thuringia,DE,
1340709,Thuringia,Gotha District,Thuringia,DE,
1340709,Thuringia,Gotha District,Thuringia,DE,
1340709,Thuringia,Gotha District,Thuringia,DE,
1340709,Thuringia,Gotha District,Thuringia,DE,
1340709,Thuringia,Gotha District,Thuringia,DE,
1340709,Thuringia,Gotha District,Thuringia,DE,
1340709,Thuringia,Gotha District,Thuringia,DE,
1340709,Thuringia,Gotha District,Thuringia,DE,
1340709,Thuringia,Gotha District,Thuringia,DE,
1340709,Thuringia,Gotha District,Thuringia,DE,
1340709,Thuringia,Gotha District,Thuringia,DE,
1340709,Thuringia,Gotha District,Thuringia,DE,
1340709,Thuringia,Gotha District,Thuringia,DE,
1340709,Thuringia,Gotha District,Thuringia,DE,
1340709,Thuringia,Gotha District,Thuringia,DE,
1340709,Thuringia,Gotha District,Thuringia,DE,
1340709,Thuringia,Gotha District,Thuringia,DE,
1340709,Thuringia,Gotha District,Thuringia,DE,
1340709,Thuringia,Gotha District,Thuringia,DE,
1340709,Thuringia,Gotha District,Thuringia,DE,
1340709,Thuringia,Gotha District,Thuringia,DE,
1340709,Thuringia,Gotha District,Thuringia,DE,
1340709,Thuringia,Gotha District,Thuringia,DE,
1340709,Thuringia,Gotha District,Thuringia,DE,
1340709,Thuringia,Gotha District,Thuringia,DE,
1340709,Thuringia,Gotha District,Thuringia,DE,
1340709,Thuringia,Gotha District,Thuringia,DE,
1340709,Thuringia,Gotha District,Thuringia,DE,
1340709,Thuringia,Gotha District,Thuringia,DE,
1340709,Thuringia,Gotha District,Thuringia,DE,
1340709,Thuringia,Gotha District,Thuringia,DE,
1340709,Thuringia,Gotha District,Thuringia,DE,
1340709,Thuringia,Gotha District,Thuringia,DE,
1340709,Thuringia,Gotha District,Thuringia,DE,
1340709,Thuringia,Gotha District,Thuringia,DE,
1340709,Thuringia,Gotha District,Thuringia,DE,
1340709,Thuringia,Gotha District,Thuringia,DE,
1340709,Thuringia,Gotha District,Thuringia,DE,
1340709,Thuringia,Gotha District,Thuringia,DE,
1340709,Thuringia,Gotha District,Thuringia,DE,
1340709,Thuringia,Gotha District,Thuringia,DE,
1340709,Thuringia,Gotha District,Thuringia,DE,
1340709,Thuringia,Gotha District,Thuringia,DE,
1340709,Thuringia,Gotha District,Thuringia,DE,
1340709,Thuringia,Gotha District,Thuringia,DE,
1340709,Thuringia,Gotha District,Thuringia,DE,
1340709,Thuringia,Gotha District,Thuringia,DE,
1340709,Thuringia,Gotha District,Thuringia,DE,
1340709,Thuringia,Gotha District,Thuringia,DE,
1340709,Thuringia,Gotha District,Thuringia,DE,
1340709,Thuringia,Gotha District,Thuringia,DE,
1340709,Thuringia,Gotha District,Thuringia,DE,
1340709,Thuringia,Gotha District,Thuringia,DE,
1340709,Thuringia,Gotha District,Thuringia,DE,
1340709,Thuringia,Gotha District,Thuringia,DE,
1340709,Thuringia,Gotha District,Thuringia,DE,
1340709,Thuringia,Gotha District,Thuringia,DE,
1340709,Thuringia,Gotha District,Thuringia,DE,
1340709,Thuringia,Gotha District,Thuringia,DE,
1340709,Thuringia,Gotha District,Thuringia,DE,
1340709,Thuringia,Gotha District,Thuringia,DE,
1340709,Thuringia,Gotha District,Thuringia,DE,
1340709,Thuringia,Gotha District,Thuringia,DE,
1340709,Thuringia,Gotha District,Thuringia,DE,
1340709,Thuringia,Gotha District,Thuringia,DE,
1340709,Thuringia,Gotha District,Thuringia,DE,
1340709,Thuringia,Gotha District,Thuringia,DE,
1340709,Thuringia,Gotha District,Thuringia,DE,
1340709,Thuringia,Gotha District,Thuringia,DE,
1340709,Thuringia,Gotha District,Thuringia,DE,
1340709,Thuringia,Gotha District,Thuringia,DE,
1340709,Thuringia,Gotha District,Thuringia,DE,
1340709,Thuringia,Gotha District,Thuringia,DE,
1340709,Thuringia,Gotha District,Thuringia,DE,
1340709,Thuringia,Gotha District,Thuringia,DE,
1340709,Thuringia,Gotha District,Thuringia,DE,
1340709,Thuringia,Gotha District,Thuringia,DE,
1340709,Thuringia,Gotha District,Thuringia,DE,
1340709,Thuringia,Gotha District,Thuringia,DE,
1340709,Thuringia,Gotha District,Thuringia,DE,
1340709,Thuringia,Gotha District,Thuringia,DE,
1340709,Thuringia,Gotha District,Thuringia,DE,
1340709,Thuringia,Gotha District,Thuringia,DE,
1340709,Thuringia,Gotha District,Thuringia,DE,
1340709,Thuringia,Gotha District,Thuringia,DE,
1340709,Thuringia,Gotha District,Thuringia,DE,
1340709,Thuringia,Gotha District,Thuringia,DE,
1340709,Thuringia,Gotha District,Thuringia,DE,
1340709,Thuringia,Gotha District,Thuringia,DE,
1340709,Thuringia,Gotha District,Thuringia,DE,
1340709,Thuringia,Gotha District,Thuringia,DE,
1340709,Thuringia,Gotha District,Thuringia,DE,
1340709,Thuringia,Gotha District,Thuringia,DE,
1340709,Thuringia,Gotha District,Thuringia,DE,
1340709,Thuringia,Gotha District,Thuringia,DE,
1340709,Thuringia,Gotha District,Thuringia,DE,
1340709,Thuringia,Gotha District,Thuringia,DE,
1340709,Thuringia,Gotha District,Thuringia,DE,
1340709,Thuringia,Gotha District,Thuringia,DE,
1340709,Thuringia,Gotha District,Thuringia,DE,
1340709,Thuringia,Gotha District,Thuringia,DE,
1340709,Thuringia,Gotha District,Thuringia,DE,
1340709,Thuringia,Gotha District,Thuringia,DE,
1340709,Thuringia,Gotha District,Thuringia,DE,
1340709,Thuringia,Gotha District,Thuringia,DE,
1340709,Thuringia,Gotha District,Thuringia,DE,
1340709,Thuringia,Gotha District,Thuringia,DE,
1340709,Thuringia,Gotha District,Thuringia,DE,
1340709,Thuringia,Gotha District,Thuringia,DE,
1340709,Thuringia,Gotha District,Thuringia,DE,
1340709,Thuringia,Gotha District,Thuringia,DE,
1340709,Thuringia,Gotha District,Thuringia,DE,
1340709,Thuringia,Gotha District,Thuringia,DE,
1340709,Thuringia,Gotha District,Thuringia,DE,
1340709,Thuringia,Gotha District,Thuringia,DE,
1340709,Thuringia,Gotha District,Thuringia,DE,
1340709,Thuringia,Gotha District,Thuringia,DE,
1340709,Thuringia,Gotha District,Thuringia,DE,
1340709,Thuringia,Gotha District,Thuringia,DE,
1340709,Thuringia,Gotha District,Thuringia,DE,
1340709,Thuringia,Gotha District,Thuringia,DE,
1340709,Thuringia,Gotha District,Thuringia,DE,
1340709,Thuringia,Gotha District,Thuringia,DE,
1340709,Thuringia,Gotha District,Thuringia,DE,
1340709,Thuringia,Gotha District,Thuringia,DE,
1340709,Thuringia,Gotha District,Thuringia,DE,
1340709,Thuringia,Gotha District,Thuringia,DE,
1340709,Thuringia,Gotha District,Thuringia,DE,
1340709,Thuringia,Gotha District,Thuringia,DE,
1340709,Thuringia,Gotha District,Thuringia,DE,
1340709,Thuringia,Gotha District,Thuringia,DE,
1340709,Thuringia,Gotha District,Thuringia,DE,
1340709,Thuringia,Gotha District,Thuringia,DE,
1340709,Thuringia,Gotha District,Thuringia,DE,
1340709,Thuringia,Gotha District,Thuringia,DE,
1340709,Thuringia,Gotha District,Thuringia,DE,
1340709,Thuringia,Gotha District,Thuringia,DE,
1340709,Thuringia,Gotha District,Thuringia,DE,
1340709,Thuringia,Gotha District,Thuringia,DE,
1340709,Thuringia,Gotha District,Thuringia,DE,
1340709,Thuringia,Gotha District,Thuringia,DE,
1340709,Thuringia,Gotha District,Thuringia,DE,
1340709,Thuringia,Gotha District,Thuringia,DE,
1340709,Thuringia,Gotha District,Thuringia,DE,
1340709,Thuringia,Gotha District,Thuringia,DE,
1340709,Thuringia,Gotha District,Thuringia,DE,
1340709,Thuringia,Gotha District,Thuringia,DE,
1340709,Thuringia,Gotha District,Thuringia,DE,
1340709,Thuringia,Gotha District,Thuringia,DE,
1340709,Thuringia,Gotha District,Thuringia,DE,
1340709,Thuringia,Gotha District,Thuringia,DE,
1340709,Thuringia,Gotha District,Thuringia,DE,
1340709,Thuringia,Gotha District,Thuringia,DE,
1340709,Thuringia,Gotha District,Thuringia,DE,
1340709,Thuringia,Gotha District,Thuringia,DE,
1340709,Thuringia,Gotha District,Thuringia,DE,
1340709,Thuringia,Gotha District,Thuringia,DE,
1340709,Thuringia,Gotha District,Thuringia,DE,
1340709,Thuringia,Gotha District,Thuringia,DE,
1340709,Thuringia,Gotha District,Thuringia,DE,
1340709,Thuringia,Gotha District,Thuringia,DE,
1340709,Thuringia,Gotha District,Thuringia,DE,
1340709,Thuringia,Gotha District,Thuringia,DE,
1340709,Thuringia,Gotha District,Thuringia,DE,
1340709,Thuringia,Gotha District,Thuringia,DE,
1340709,Thuringia,Gotha District,Thuringia,DE,
1340709,Thuringia,Gotha District,Thuringia,DE,
1340709,Thuringia,Gotha District,Thuringia,DE,
1340709,Thuringia,Gotha District,Thuringia,DE,
1340709,Thuringia,Gotha District,Thuringia,DE,
1340709,Thuringia,Gotha District,Thuringia,DE,
1340709,Thuringia,Gotha District,Thuringia,DE,
1340709,Thuringia,Gotha District,Thuringia,DE,
1340709,Thuringia,Gotha District,Thuringia,DE,
1340709,Thuringia,Gotha District,Thuringia,DE,
1340709,Thuringia,Gotha District,Thuringia,DE,
1340709,Thuringia,Gotha District,Thuringia,DE,
1340709,Thuringia,Gotha District,Thuringia,DE,
1340709,Thuringia,Gotha District,Thuringia,DE,
1340709,Thuringia,Gotha District,Thuringia,DE,
1340709,Thuringia,Gotha District,Thuringia,DE,
1340709,Thuringia,Gotha District,Thuringia,DE,
1340709,Thuringia,Gotha District,Thuringia,DE,
1340709,Thuringia,Gotha District,Thuringia,DE,
1340709,Thuringia,Gotha District,Thuringia,DE,
1340709,Thuringia,Gotha District,Thuringia,DE,
1340709,Thuringia,Gotha District,Thuringia,DE,
1340709,Thuringia,Gotha District,Thuringia,DE,
1340709,Thuringia,Gotha District,Thuringia,DE,
1340709,Thuringia,Gotha District,Thuringia,DE,
1340709,Thuringia,Gotha District,Thuringia,DE,
1340709,Thuringia,Gotha District,Thuringia,DE,
1340709,Thuringia,Gotha District,Thuringia,DE,
1340709,Thuringia,Gotha District,Thuringia,DE,
1340709,Thuringia,Gotha District,Thuringia,DE,
1340709,Thuringia,Gotha District,Thuringia,DE,
1340709,Thuringia,Gotha District,Thuringia,DE,
1340709,Thuringia,Gotha District,Thuringia,DE,
1340709,Thuringia,Gotha District,Thuringia,DE,
1340709,Thuringia,Gotha District,Thuringia,DE,
1340709,Thuringia,Gotha District,Thuringia,DE,
1340709,Thuringia,Gotha District,Thuringia,DE,
1340709,Thuringia,Gotha District,Thuringia,DE,
1340709,Thuringia,Gotha District,Thuringia,DE,
1340709,Thuringia,Gotha District,Thuringia,DE,
1340709,Thuringia,Gotha District,Thuringia,DE,
1340709,Thuringia,Gotha District,Thuringia,DE,
1340709,Thuringia,Gotha District,Thuringia,DE,
1340709,Thuringia,Gotha District,Thuringia,DE,
1340709,Thuringia,Gotha District,Thuringia,DE,
1340709,Thuringia,Gotha District,Thuringia,DE,
1340709,Thuringia,Gotha District,Thuringia,DE,
1340709,Thuringia,Gotha District,Thuringia,DE,
1340709,Thuringia,Gotha District,Thuringia,DE,
1340709,Thuringia,Gotha District,Thuringia,DE,
1340709,Thuringia,Gotha District,Thuringia,DE,
1340709,Thuringia,Gotha District,Thuringia,DE,
1340709,Thuringia,Gotha District,Thuringia,DE,
1340709,Thuringia,Gotha District,Thuringia,DE,
1340709,Thuringia,Gotha District,Thuringia,DE,
1340709,Thuringia,Gotha District,Thuringia,DE,
1340709,Thuringia,Gotha District,Thuringia,DE,
1340709,Thuringia,Gotha District,Thuringia,DE,
1340709,Thuringia,Gotha District,Thuringia,DE,
1340709,Thuringia,Gotha District,Thuringia,DE,
1340709,Thuringia,Gotha District,Thuringia,DE,
1340709,Thuringia,Gotha District,Thuringia,DE,
1340709,Thuringia,Gotha District,Thuringia,DE,
1340709,Thuringia,Gotha District,Thuringia,DE,
1340709,Thuringia,Gotha District,Thuringia,DE,
1340709,Thuringia,Gotha District,Thuringia,DE,
1340709,Thuringia,Gotha District,Thuringia,DE,
1340709,Thuringia,Gotha District,Thuringia,DE,
1340709,Thuringia,Gotha District,Thuringia,DE,
1340709,Thuringia,Gotha District,Thuringia,DE,
1340709,Thuringia,Gotha District,Thuringia,DE,
1340709,Thuringia,Gotha District,Thuringia,DE,
1340709,Thuringia,Gotha District,Thuringia,DE,
1340709,Thuringia,Gotha District,Thuringia,DE,
1340709,Thuringia,Gotha District,Thuringia,DE,
1340709,Thuringia,Gotha District,Thuringia,DE,
1340709,Thuringia,Gotha District,Thuringia,DE,
1340709,Thuringia,Gotha District,Thuringia,DE,
1340709,Thuringia,Gotha District,Thuringia,DE,
1340709,Thuringia,Gotha District,Thuringia,DE,
1340709,Thuringia,Gotha District,Thuringia,DE,
1340709,Thuringia,Gotha District,Thuringia,DE,
1340709,Thuringia,Gotha District,Thuringia,DE,
1340709,Thuringia,Gotha District,Thuringia,DE,
1340709,Thuringia,Gotha District,Thuringia,DE,
1340709,Thuringia,Gotha District,Thuringia,DE,
1340709,Thuringia,Gotha District,Thuringia,DE,
1340709,Thuringia,Gotha District,Thuringia,DE,
1340709,Thuringia,Gotha District,Thuringia,DE,
1340709,Thuringia,Gotha District,Thuringia,DE,
1340709,Thuringia,Gotha District,Thuringia,DE,
1340709,Thuringia,Gotha District,Thuringia,DE,
1340709,Thuringia,Gotha District,Thuringia,DE,
1340709,Thuringia,Gotha District,Thuringia,DE,
1340709,Thuringia,Gotha District,Thuringia,DE,
1340709,Thuringia,Gotha District,Thuringia,DE,
1340709,Thuringia,Gotha District,Thuringia,DE,
1340709,Thuringia,Gotha District,Thuringia,DE,
1340709,Thuringia,Gotha District,Thuringia,DE,
1340709,Thuringia,Gotha District,Thuringia,DE,
1340709,Thuringia,Gotha District,Thuringia,DE,
1340709,Thuringia,Gotha District,Thuringia,DE,
1340709,Thuringia,Gotha District,Thuringia,DE,
1340709,Thuringia,Gotha District,Thuringia,DE,
1340709,Thuringia,Gotha District,Thuringia,DE,
1340709,Thuringia,Gotha District,Thuringia,DE,
1340709,Thuringia,Gotha District,Thuringia,DE,
1340709,Thuringia,Gotha District,Thuringia,DE,
1340709,Thuringia,Gotha District,Thuringia,DE,
1340709,Thuringia,Gotha District,Thuringia,DE,
1340709,Thuringia,Gotha District,Thuringia,DE,
1340709,Thuringia,Gotha District,Thuringia,DE,
1340709,Thuringia,Gotha District,Thuringia,DE,
1340709,Thuringia,Gotha District,Thuringia,DE,
1340709,Thuringia,Gotha District,Thuringia,DE,
1340709,Thuringia,Gotha District,Thuringia,DE,
1340709,Thuringia,Gotha District,Thuringia,DE,
1340709,Thuringia,Gotha District,Thuringia,DE,
1340709,Thuringia,Gotha District,Thuringia,DE,
1340709,Thuringia,Gotha District,Thuringia,DE,
1340709,Thuringia,Gotha District,Thuringia,DE,
1340709,Thuringia,Gotha District,Thuringia,DE,
1340709,Thuringia,Gotha District,Thuringia,DE,
1340709,Thuringia,Gotha District,Thuringia,DE,
1340709,Thuringia,Gotha District,Thuringia,DE,
1340709,Thuringia,Gotha District,Thuringia,DE,
1340709,Thuringia,Gotha District,Thuringia,DE,
1340709,Thuringia,Gotha District,Thuringia,DE,
1340709,Thuringia,Gotha District,Thuringia,DE,
1340709,Thuringia,Gotha District,Thuringia,DE,
1340709,Thuringia,Gotha District,Thuringia,DE,
1340709,Thuringia,Gotha District,Thuringia,DE,
1340709,Thuringia,Gotha District,Thuringia,DE,
1340709,Thuringia,Gotha District,Thuringia,DE,
1340709,Thuringia,Gotha District,Thuringia,DE,
1340709,Thuringia,Gotha District,Thuringia,DE,
1340709,Thuringia,Gotha District,Thuringia,DE,
1340709,Thuringia,Gotha District,Thuringia,DE,
1340709,Thuringia,Gotha District,Thuringia,DE,
1340709,Thuringia,Gotha District,Thuringia,DE,
1340709,Thuringia,Gotha District,Thuringia,DE,
1340709,Thuringia,Gotha District,Thuringia,DE,
1340709,Thuringia,Gotha District,Thuringia,DE,
1340709,Thuringia,Gotha District,Thuringia,DE,
1340709,Thuringia,Gotha District,Thuringia,DE,
1340709,Thuringia,Gotha District,Thuringia,DE,
1340709,Thuringia,Gotha District,Thuringia,DE,
1340709,Thuringia,Gotha District,Thuringia,DE,
1340709,Thuringia,Gotha District,Thuringia,DE,
1340709,Thuringia,Gotha District,Thuringia,DE,
1340709,Thuringia,Gotha District,Thuringia,DE,
1340709,Thuringia,Gotha District,Thuringia,DE,
1340709,Thuringia,Gotha District,Thuringia,DE,
1340709,Thuringia,Gotha District,Thuringia,DE,
1340709,Thuringia,Gotha District,Thuringia,DE,
1340709,Thuringia,Gotha District,Thuringia,DE,
1340709,Thuringia,Gotha District,Thuringia,DE,
1340709,Thuringia,Gotha District,Thuringia,DE,
1340709,Thuringia,Gotha District,Thuringia,DE,
1340709,Thuringia,Gotha District,Thuringia,DE,
1340709,Thuringia,Gotha District,Thuringia,DE,
1340709,Thuringia,Gotha District,Thuringia,DE,
1340709,Thuringia,Gotha District,Thuringia,DE,
1340709,Thuringia,Gotha District,Thuringia,DE,
1340709,Thuringia,Gotha District,Thuringia,DE,
1340709,Thuringia,Gotha District,Thuringia,DE,
1340709,Thuringia,Gotha District,Thuringia,DE,
1340709,Thuringia,Gotha District,Thuringia,DE,
1340709,Thuringia,Gotha District,Thuringia,DE,
1340709,Thuringia,Gotha District,Thuringia,DE,
1340709,Thuringia,Gotha District,Thuringia,DE,
1340709,Thuringia,Gotha District,Thuringia,DE,
1340709,Thuringia,Gotha District,Thuringia,DE,
1340709,Thuringia,Gotha District,Thuringia,DE,
1340709,Thuringia,Gotha District,Thuringia,DE,
1340709,Thuringia,Gotha District,Thuringia,DE,
1340709,Thuringia,Gotha District,Thuringia,DE,
1340709,Thuringia,Gotha District,Thuringia,DE,
1340709,Thuringia,Gotha District,Thuringia,DE,
1340709,Thuringia,Gotha District,Thuringia,DE,
1340709,Thuringia,Gotha District,Thuringia,DE,
1340709,Thuringia,Gotha District,Thuringia,DE,
1340709,Thuringia,Gotha District,Thuringia,DE,
1340709,Thuringia,Gotha District,Thuringia,DE,
1340709,Thuringia,Gotha District,Thuringia,DE,
1340709,Thuringia,Gotha District,Thuringia,DE,
1340709,Thuringia,Gotha District,Thuringia,DE,
1340709,Thuringia,Gotha District,Thuringia,DE,
1340709,Thuringia,Gotha District,Thuringia,DE,
1340709,Thuringia,Gotha District,Thuringia,DE,
1340709,Thuringia,Gotha District,Thuringia,DE,
1340709,Thuringia,Gotha District,Thuringia,DE,
1340709,Thuringia,Gotha District,Thuringia,DE,
1340709,Thuringia,Gotha District,Thuringia,DE,
1340709,Thuringia,Gotha District,Thuringia,DE,
1340709,Thuringia,Gotha District,Thuringia,DE,
1340709,Thuringia,Gotha District,Thuringia,DE,
1340709,Thuringia,Gotha District,Thuringia,DE,
1340709,Thuringia,Gotha District,Thuringia,DE,
1340709,Thuringia,Gotha District,Thuringia,DE,
1340709,Thuringia,Gotha District,Thuringia,DE,
1340709,Thuringia,Gotha District,Thuringia,DE,
1340709,Thuringia,Gotha District,Thuringia,DE,
1340709,Thuringia,Gotha District,Thuringia,DE,
1340709,Thuringia,Gotha District,Thuringia,DE,
1340709,Thuringia,Gotha District,Thuringia,DE,
1340713,Thuringia,,Thuringia,DE,
1340714,Thuringia,,Thuringia,DE,
1340715,Thuringia,,Thuringia,DE,
1340716,Thuringia,Gotha District,Thuringia,DE,
1340717,Thuringia,,Thuringia,DE,
1419586,Thuringia,Erfurt,Thuringia,DE,
1419587,Thuringia,Hildburghausen,Thuringia,DE,
1419588,Thuringia,,Thuringia,DE,
1419593,Thuringia,Hildburghausen,Thuringia,DE,
1423665,Thuringia,,Thuringia,DE,
1546691,Thuringia,Gotha District,Thuringia,DE,
1546692,Thuringia,Gotha District,Thuringia,DE,
1546693,Thuringia,,Thuringia,DE,
1546694,Thuringia,,Thuringia,DE,
1546695,Thuringia,,Thuringia,DE,
1639001,Thuringia,,Thuringia,DE,
1423654,Westphalia,,Westphalia,DE,
1396074,Westphalia,"Sieker,",Westphalia,DE,
1546983,Westphalia,,Westphalia,DE,
929804,,,,DE,delete
1315482,,,,DE,delete
1598132,,,,DE,delete
933166,Illizi,,Illizi,DZ,
933166,Illizi,,Illizi,DZ,
1419100,In Amenas,,In Amenas,DZ,
1335602,Castilla-La Manacha,,Castilla-La Manacha,ES,
908229,Catalonia,,Catalonia,ES,
1338164,Allier,,Allier,FR,
1546564,Allier,,Allier,FR,
1546565,Allier,,Allier,FR,
1423617,Bas-Rhin,,Bas-Rhin,FR,
1336742,Burgundy,,Burgundy,FR,
1545820,Burgundy,,Burgundy,FR,
1316960,Burgundy,,Burgundy,FR,
1338630,Burgundy,Saone-et-Loire,Burgundy,FR,
1389774,Grand Est,Meurthe-et-Moselle,Grand Est,FR,
1419595,Grand Est,Meurthe-et-Moselle,Grand Est,FR,
486123,Lorraine,Meuthe-et-Moselle,Lorraine,FR,
486124,Lorraine,Meuthe-et-Moselle,Lorraine,FR,
1338314,Saone et Laoire,,Saone et Laoire,FR,
1338315,Saone et Laoire,,Saone et Laoire,FR,
1338614,Saone et Laoire,,Saone et Laoire,FR,
1338240,Saone et Laoire,,Saone et Laoire,FR,
1338316,Saone et Laoire,,Saone et Laoire,FR,
1338629,Saone et Laoire,,Saone et Laoire,FR,
1423616,Vosges,,Vosges,FR,
367864,Allier,Allier,Allier,FR,
1338570,Allier,Allier,Allier,FR,
283817,East Greenland,,East Greenland,GL,
283818,East Greenland,,East Greenland,GL,
931096,East Greenland,,East Greenland,GL,
931097,East Greenland,,East Greenland,GL,
931097,East Greenland,,East Greenland,GL,
1131046,Northeast Greenland,,Northeast Greenland National Park,GL,
1131047,Northeast Greenland,,Northeast Greenland National Park,GL,
1131048,Northeast Greenland,,Northeast Greenland National Park,GL,
1131049,Northeast Greenland,,Northeast Greenland National Park,GL,
1131085,Northeast Greenland,,Northeast Greenland National Park,GL,
1131086,Northeast Greenland,,Northeast Greenland National Park,GL,
1131087,Northeast Greenland,,Northeast Greenland National Park,GL,
1131088,Northeast Greenland,,Northeast Greenland National Park,GL,
1131095,Northeast Greenland,,Northeast Greenland National Park,GL,
1131097,Northeast Greenland,,Northeast Greenland National Park,GL,
1087838,Andhra Pradesh,,Andhra Pradesh,IN,
1087840,Andhra Pradesh,Adilabad,Andhra Pradesh,IN,
1089186,Andhra Pradesh,Adilabad,Andhra Pradesh,IN,
1089187,Andhra Pradesh,Adilabad,Andhra Pradesh,IN,
1089188,Andhra Pradesh,Adilabad,Andhra Pradesh,IN,
1089196,Andhra Pradesh,,Andhra Pradesh,IN,
1089197,Andhra Pradesh,,Andhra Pradesh,IN,
1089197,Andhra Pradesh,,Andhra Pradesh,IN,
1089197,Andhra Pradesh,,Andhra Pradesh,IN,
1338896,Jammu and Kashmir,,Jammu and Kashmir,IN,
286238,Kashmir,,Kashmir,IN,
286240,Kashmir,,Kashmir,IN,
1338762,Kashmir,,Kashmir,IN,
1338897,Kashmir,,Kashmir,IN,
1338898,Kashmir,,Kashmir,IN,
853399,Madhya Pradesh,Shadol,Madhya Pradesh,IN,
1087832,Madhya Pradesh,Chhindwara,Madhya Pradesh,IN,
1087835,Madhya Pradesh,Chhindwara,Madhya Pradesh,IN,
1209762,Madhya Pradesh,Sidhi,Madhya Pradesh,IN,
1494771,Madhya Pradesh,Shahdol,Madhya Pradesh,IN,
1494775,Madhya Pradesh,Shahdol,Madhya Pradesh,IN,
1494788,Madhya Pradesh,Shahdol,Madhya Pradesh,IN,
1087841,Maharashtra,,Maharashtra,IN,
959358,Telangana,Adilabad,Telangana,IN,
1087526,West Bengal,,West Bengal,IN,
1087562,West Bengal,,West Bengal,IN,
1307367,West Bengal,,West Bengal,IN,
1547082,West Bengal,,West Bengal,IN,
1338763,,,,IN,delete
930826,Tirol,,Tirol,IT,
297321,Sardinia,Ogliastra region,Sardinia,IT,
297323,Sardinia,Ogliastra region,Sardinia,IT,
297325,Sardinia,Ogliastra region,Sardinia,IT,
970671,Batken,,Batken,KG,
1383184,,,,KZ,what is KZ?
1383185,,,,KZ,what is KZ?
1419112,,,,KZ,what is KZ?
538734,Luxembourg,,Diekirch,LU,
538735,Luxembourg,,Diekirch,LU,
1419611,Marrakech,,Marrakech-Safi,MA,
1576258,Marrakech,,Marrakech-Safi,MA,
1576259,Marrakech,,Marrakech-Safi,MA,
1576261,Marrakech,,Marrakech-Safi,MA,
1475019,,,,MA,delete
831989,Diana,Ambilobe,Diana,MG,
1131868,Diana,Ambilobe,Diana,MG,
1132143,Diana,Ambilobe,Diana,MG,
1132144,Diana,Ambilobe,Diana,MG,
1132145,Diana,Ambilobe,Diana,MG,
1132146,Diana,Ambilobe,Diana,MG,
1132147,Diana,Ambilobe,Diana,MG,
1132148,Diana,Ambilobe,Diana,MG,
1132149,Diana,Ambilobe,Diana,MG,
1132150,Diana,Ambilobe,Diana,MG,
1132151,Diana,Ambilobe,Diana,MG,
1132152,Diana,Ambilobe,Diana,MG,
1132252,Diana,Ambilobe,Diana,MG,
1132254,Diana,Ambilobe,Diana,MG,
1396076,Diana,Ambilobe,Diana,MG,
1418697,Diana,Ambilobe,Diana,MG,
1418698,Diana,Ambilobe,Diana,MG,
1418699,,,,MG,delete
1313771,Northern Region,Rumphi,Northern Region,MW,
632371,Agadez,Arlit,Agadez,NE,
632372,Agadez,Arlit,Agadez,NE,
789101,Agadez,Arlit,Agadez,NE,
1558912,Netherland,,Gelderland,NL,
1087565,Azad Jammu & Kashmir,,Azad Jammu & Kashmir,PK,
401594,Malopolskie,Krakowski,Malopolskie,PL,
401598,Malopolskie,Krakowski,Malopolskie,PL,
984553,Malopolskie,Krakowski,Malopolskie,PL,
584069,Opole,,Opole,PL,
584070,Opole,,Opole,PL,
584075,Opole,,Opole,PL,
773661,Opole,,Opole,PL,
1423589,Opole,,Opole,PL,
1423590,Opole,,Opole,PL,
984559,Swietoryzskie,Ostrowiec,Swietoryzskie,PL,
1338223,,,,PL,delete
1412897,,,,PL,delete
773340,Portugal,Loule,Algarve,PT,
388988,Archangelsk,,Archangelsk,RU,
388989,Archangelsk,,Archangelsk,RU,
388990,Archangelsk,,Archangelsk,RU,
847014,Archangelsk,Nenetsia,Archangelsk,RU,
847022,Archangelsk,Nenetsia,Archangelsk,RU,
1383090,Archangelsk,Kotlas,Archangelsk,RU,
1383091,Archangelsk,Kotlas,Archangelsk,RU,
1383092,Archangelsk,Kotlas,Archangelsk,RU,
1383093,Archangelsk,Kotlas,Archangelsk,RU,
1383089,Archangelsk,,Archangelsk,RU,
1383187,Archangelsk,,Archangelsk,RU,
1423609,Archangelsk,,Archangelsk,RU,
1423655,Archangelsk,,Archangelsk,RU,
1210850,Astrakhan,Akhtubinskii,Astrakhan,RU,
1416158,Astrakhan,Akhtubinskii,Astrakhan,RU,
387723,Bashkortostan,Sterlitamak,Bashkortostan,RU,
789768,Bashkortostan,,Bashkortostan,RU,
789770,Bashkortostan,,Bashkortostan,RU,
877630,Bashkortostan,,Bashkortostan,RU,
877635,Bashkortostan,,Bashkortostan,RU,
877636,Bashkortostan,,Bashkortostan,RU,
877637,Bashkortostan,,Bashkortostan,RU,
877649,Bashkortostan,,Bashkortostan,RU,
877650,Bashkortostan,,Bashkortostan,RU,
1113595,Bashkortostan,Kuyurgazinskii,Bashkortostan,RU,
1338186,Bashkortostan,Belebei,Bashkortostan,RU,
1371060,Bashkortostan,Belebei,Bashkortostan,RU,
1381598,Bashkortostan,Belebei,Bashkortostan,RU,
1382962,Bashkortostan,Sterlibashevo,Bashkortostan,RU,
1383189,Bashkortostan,,Bashkortostan,RU,
1416217,Bashkortostan,,Bashkortostan,RU,
1416218,Bashkortostan,,Bashkortostan,RU,
1416220,Bashkortostan,,Bashkortostan,RU,
1416221,Bashkortostan,,Bashkortostan,RU,
1416223,Bashkortostan,,Bashkortostan,RU,
1416224,Bashkortostan,,Bashkortostan,RU,
1416182,Buzulukskij,,Buzulukskij,RU,
297926,Evenk Autonomous District,Amo-Tura region,Evenk Autonomous District,RU,
297945,Evenk Autonomous District,Amo-Tura region,Evenk Autonomous District,RU,
297946,Evenk Autonomous District,Amo-Tura region,Evenk Autonomous District,RU,
297332,Ivanovo,,Ivanovo,RU,
297333,Ivanovo,,Ivanovo,RU,
1416184,Ivanovo,,Ivanovo,RU,
799672,Kirov,Slobodskoi,Kirov,RU,
799682,Kirov,Malmysh,Kirov,RU,
799683,Kirov,Malmysh,Kirov,RU,
799812,Kirov,Slobodskoi,Kirov,RU,
799813,Kirov,Slobodskoi,Kirov,RU,
814162,Kirov,Kotelnich,Kirov,RU,
1127434,Kirov,Nagorsk,Kirov,RU,
1221322,Kirov,,Kirov,RU,
1382963,Kirov,,Kirov,RU,
1383188,Kirov,Nagorsk,Kirov,RU,
1423663,Kirov,,Kirov,RU,
411694,Komi,,Komi,RU,
411695,Komi,,Komi,RU,
411696,Komi,,Komi,RU,
800079,Komi,Inta,Komi,RU,
800080,Komi,Inta,Komi,RU,
1338213,Komi,Inta,Komi,RU,
1383088,Komi,Ust-Vymskii,Komi,RU,
1416159,Komi,Ust-Vymskii,Komi,RU,
1419111,Komi,Ust-Vymskii,Komi,RU,
1338005,Komi,Knyazhpogostskii,Komi,RU,
1338212,Komi,,Komi,RU,
1371940,Komi,Knyazhpogostskii,Komi,RU,
1221318,Kostroma,,Kostroma,RU,
1221320,Kostroma,,Kostroma,RU,
1423614,Kostroma,,Kostroma,RU,
1354929,Nizhegorod,Vetluga,Nizhegorod,RU,
1354748,Nizhegorod,Tonshaevo,Nizhegorod,RU,
1395235,Nizhegorod,,Nizhegorod,RU,
299698,Orenburg,Sol'-Iletsk,Orenburg,RU,
382158,Orenburg,Krasnopartizan,Orenburg,RU,
382159,Orenburg,Krasnopartizan,Orenburg,RU,
789760,Orenburg,,Orenburg,RU,
789761,Orenburg,,Orenburg,RU,
789762,Orenburg,,Orenburg,RU,
789765,Orenburg,,Orenburg,RU,
790215,Orenburg,,Orenburg,RU,
799681,Orenburg,Oktyabrskoe,Orenburg,RU,
839582,Orenburg,Sol'-Iletsk,Orenburg,RU,
840352,Orenburg,Totskoe,Orenburg,RU,
840357,Orenburg,Totskoe,Orenburg,RU,
840366,Orenburg,Belyaevka,Orenburg,RU,
840367,Orenburg,Belyaevka,Orenburg,RU,
840368,Orenburg,Belyaevka,Orenburg,RU,
840369,Orenburg,Belyaevka,Orenburg,RU,
840370,Orenburg,Belyaevka,Orenburg,RU,
846842,Orenburg,Belyaevka,Orenburg,RU,
848405,Orenburg,Sol'-Iletsk,Orenburg,RU,
877596,Orenburg,Sol'-Iletsk,Orenburg,RU,
877600,Orenburg,Sol'-Iletsk,Orenburg,RU,
877603,Orenburg,Sol'-Iletsk,Orenburg,RU,
877608,Orenburg,Sol'-Iletskiy,Orenburg,RU,
877609,Orenburg,Sol'-Iletskiy,Orenburg,RU,
877614,Orenburg,Sol'-Iletsk,Orenburg,RU,
877689,Orenburg,Sol'-Iletsk,Orenburg,RU,
877795,Orenburg,Sol'-Iletsk,Orenburg,RU,
877796,Orenburg,Sol'-Iletsk,Orenburg,RU,
877797,Orenburg,Sol'-Iletsk,Orenburg,RU,
880669,Orenburg,,Orenburg,RU,
1127576,Orenburg,Ilekskii,Orenburg,RU,
1333318,Orenburg,Belyaevskii,Orenburg,RU,
1333328,Orenburg,,Orenburg,RU,
1371062,Orenburg,,Orenburg,RU,
1371067,Orenburg,Krasnogvardeiskii,Orenburg,RU,
1382082,Orenburg,Sorochinsk,Orenburg,RU,
1382832,Orenburg,,Orenburg,RU,
1382866,Orenburg,Buzulukskii,Orenburg,RU,
1383177,Orenburg,,Orenburg,RU,
1383180,Orenburg,,Orenburg,RU,
1383181,Orenburg,,Orenburg,RU,
1383182,Orenburg,,Orenburg,RU,
1383409,Orenburg,,Orenburg,RU,
1395227,Orenburg,,Orenburg,RU,
1395236,Orenburg,,Orenburg,RU,
1416152,Orenburg,,Orenburg,RU,
1416153,Orenburg,,Orenburg,RU,
1416155,Orenburg,,Orenburg,RU,
1416156,Orenburg,,Orenburg,RU,
1416205,Orenburg,,Orenburg,RU,
1416206,Orenburg,,Orenburg,RU,
1416211,Orenburg,,Orenburg,RU,
1416212,Orenburg,,Orenburg,RU,
1416214,Orenburg,,Orenburg,RU,
1416226,Orenburg,,Orenburg,RU,
1416228,Orenburg,,Orenburg,RU,
1416229,Orenburg,,Orenburg,RU,
1416233,Orenburg,,Orenburg,RU,
1416236,Orenburg,,Orenburg,RU,
1416238,Orenburg,,Orenburg,RU,
1416240,Orenburg,,Orenburg,RU,
1416241,Orenburg,,Orenburg,RU,
1416242,Orenburg,,Orenburg,RU,
1416243,Orenburg,,Orenburg,RU,
1416244,Orenburg,,Orenburg,RU,
1416246,Orenburg,,Orenburg,RU,
1416247,Orenburg,,Orenburg,RU,
1416249,Orenburg,,Orenburg,RU,
1416251,Orenburg,,Orenburg,RU,
1416252,Orenburg,,Orenburg,RU,
1416253,Orenburg,,Orenburg,RU,
1416271,Orenburg,Sol'-Iletsk,Orenburg,RU,
1416274,Orenburg,Sol'-Iletsk,Orenburg,RU,
1416275,Orenburg,Sol'-Iletsk,Orenburg,RU,
1416279,Orenburg,,Orenburg,RU,
1416281,Orenburg,,Orenburg,RU,
1416282,Orenburg,,Orenburg,RU,
1416284,Orenburg,,Orenburg,RU,
1416286,Orenburg,,Orenburg,RU,
1416290,Orenburg,,Orenburg,RU,
1416293,Orenburg,,Orenburg,RU,
1416294,Orenburg,,Orenburg,RU,
1416301,Orenburg,,Orenburg,RU,
1416303,Orenburg,,Orenburg,RU,
1416304,Orenburg,,Orenburg,RU,
1416306,Orenburg,,Orenburg,RU,
1416311,Orenburg,,Orenburg,RU,
1416313,Orenburg,,Orenburg,RU,
1416380,Orenburg,,Orenburg,RU,
1416382,Orenburg,,Orenburg,RU,
1416383,Orenburg,,Orenburg,RU,
1416398,Orenburg,,Orenburg,RU,
1416418,Orenburg,,Orenburg,RU,
1416419,Orenburg,,Orenburg,RU,
1416421,Orenburg,,Orenburg,RU,
1416422,Orenburg,,Orenburg,RU,
1416502,Orenburg,,Orenburg,RU,
1416506,Orenburg,,Orenburg,RU,
1416516,Orenburg,Belyaevka,Orenburg,RU,
1416518,Orenburg,Belyaevka,Orenburg,RU,
1416523,Orenburg,,Orenburg,RU,
1416525,Orenburg,,Orenburg,RU,
1416528,Orenburg,,Orenburg,RU,
1416529,Orenburg,,Orenburg,RU,
1416531,Orenburg,Totskoe,Orenburg,RU,
1416532,Orenburg,Totskoe,Orenburg,RU,
1416558,Orenburg,Totskoe,Orenburg,RU,
1416561,Orenburg,Totskoe,Orenburg,RU,
1416564,Orenburg,Totskoe,Orenburg,RU,
1416565,Orenburg,Totskoe,Orenburg,RU,
1416567,Orenburg,,Orenburg,RU,
1416568,Orenburg,,Orenburg,RU,
1416570,Orenburg,,Orenburg,RU,
1416572,Orenburg,,Orenburg,RU,
1417039,Orenburg,,Orenburg,RU,
1417041,Orenburg,,Orenburg,RU,
1417043,Orenburg,,Orenburg,RU,
1417048,Orenburg,,Orenburg,RU,
1417050,Orenburg,,Orenburg,RU,
1417053,Orenburg,,Orenburg,RU,
1417055,Orenburg,,Orenburg,RU,
1417056,Orenburg,,Orenburg,RU,
1417058,Orenburg,,Orenburg,RU,
1417059,Orenburg,,Orenburg,RU,
1417061,Orenburg,,Orenburg,RU,
1417063,Orenburg,,Orenburg,RU,
1417064,Orenburg,,Orenburg,RU,
1417071,Orenburg,,Orenburg,RU,
1417073,Orenburg,,Orenburg,RU,
1417075,Orenburg,,Orenburg,RU,
1417077,Orenburg,,Orenburg,RU,
1417079,Orenburg,,Orenburg,RU,
1417082,Orenburg,,Orenburg,RU,
1417083,Orenburg,,Orenburg,RU,
1417085,Orenburg,,Orenburg,RU,
1417086,Orenburg,,Orenburg,RU,
1417088,Orenburg,,Orenburg,RU,
1417096,Orenburg,,Orenburg,RU,
1417103,Orenburg,,Orenburg,RU,
1417150,Orenburg,,Orenburg,RU,
1417152,Orenburg,,Orenburg,RU,
1417156,Orenburg,,Orenburg,RU,
1417158,Orenburg,,Orenburg,RU,
1417220,Orenburg,,Orenburg,RU,
1417245,Orenburg,,Orenburg,RU,
1417350,Orenburg,,Orenburg,RU,
1417386,Orenburg,Grachevskii,Orenburg,RU,
1419842,Orenburg,,Orenburg,RU,
1372664,Perm,Ocher,Perm,RU,
1374731,Perm,Ocher,Perm,RU,
1374732,Perm,Ocher,Perm,RU,
1374732,Perm,Ocher,Perm,RU,
1640636,Perm,,Perm,RU,
1372663,Perm,Chastinsky district,Perm,RU,
477613,Primorye,,Primorye,RU,
477681,Primorye,,Primorye,RU,
1417197,Primorye,,Primorye,RU,
1383193,Sakha Republic,Bulunsky,Sakha Republic,RU,
1113638,Samara,Borskii,Samara,RU,
1395249,Samara,,Samara,RU,
1416046,Samara,,Samara,RU,
1416146,Samara,,Samara,RU,
1416151,Samara,,Samara,RU,
1416183,Samara,,Samara,RU,
1416213,Samara,Borskii,Samara,RU,
1417159,Samara,,Samara,RU,
1417161,Samara,,Samara,RU,
1417162,Samara,,Samara,RU,
1417165,Samara,,Samara,RU,
1417166,Samara,Borskii,Samara,RU,
1417167,Samara,Borskii,Samara,RU,
1417169,Samara,Borskii,Samara,RU,
1417170,Samara,Borskii,Samara,RU,
1417173,Samara,Borskii,Samara,RU,
1417174,Samara,Borskii,Samara,RU,
1417179,Samara,Borskii,Samara,RU,
1417180,Samara,Borskii,Samara,RU,
1417192,Samara,Borskii,Samara,RU,
1417193,Samara,Borskii,Samara,RU,
1640654,Samara,,Samara,RU,
1640655,Samara,,Samara,RU,
785869,Tatarstan,Mamadysh,Tatarstan,RU,
1163741,Tatarstan,Tetyushi,Tatarstan,RU,
1371939,Tatarstan,,Tatarstan,RU,
1381587,Tatarstan,Apastovo,Tatarstan,RU,
1371960,Udmurtia,Alnashskii,Udmurtia,RU,
1371963,Udmurtia,Alnashskii,Udmurtia,RU,
795306,Vladimir,Vyazniki,Vladimir,RU,
1354749,Vladimir,Vyaznikovskii,Vladimir,RU,
1382104,Vladimir,Vyazniki,Vladimir,RU,
1112606,Volgograd,Ilovlya,Volgograd,RU,
1127412,Volgograd,Ilovlya,Volgograd,RU,
1127413,Volgograd,Ilovlya,Volgograd,RU,
297334,Volgograd,Nikolsk,Volgograd,RU,
297334,Volgograd,Nikolsk,Volgograd,RU,
297334,Volgograd,Nikolsk,Volgograd,RU,
297334,Volgograd,Nikolsk,Volgograd,RU,
297334,Volgograd,Nikolsk,Volgograd,RU,
297334,Volgograd,Nikolsk,Volgograd,RU,
297334,Volgograd,Nikolsk,Volgograd,RU,
297334,Volgograd,Nikolsk,Volgograd,RU,
297334,Volgograd,Nikolsk,Volgograd,RU,
297334,Volgograd,Nikolsk,Volgograd,RU,
297334,Volgograd,Nikolsk,Volgograd,RU,
297334,Volgograd,Nikolsk,Volgograd,RU,
297334,Volgograd,Nikolsk,Volgograd,RU,
297334,Volgograd,Nikolsk,Volgograd,RU,
297334,Volgograd,Nikolsk,Volgograd,RU,
297334,Volgograd,Nikolsk,Volgograd,RU,
297334,Volgograd,Nikolsk,Volgograd,RU,
297334,Volgograd,Nikolsk,Volgograd,RU,
297334,Volgograd,Nikolsk,Volgograd,RU,
297334,Volgograd,Nikolsk,Volgograd,RU,
297334,Volgograd,Nikolsk,Volgograd,RU,
297334,Volgograd,Nikolsk,Volgograd,RU,
297334,Volgograd,Nikolsk,Volgograd,RU,
297334,Volgograd,Nikolsk,Volgograd,RU,
297334,Volgograd,Nikolsk,Volgograd,RU,
297334,Volgograd,Nikolsk,Volgograd,RU,
297334,Volgograd,Nikolsk,Volgograd,RU,
297334,Volgograd,Nikolsk,Volgograd,RU,
297334,Volgograd,Nikolsk,Volgograd,RU,
297334,Volgograd,Nikolsk,Volgograd,RU,
297334,Volgograd,Nikolsk,Volgograd,RU,
297334,Volgograd,Nikolsk,Volgograd,RU,
297334,Volgograd,Nikolsk,Volgograd,RU,
297334,Volgograd,Nikolsk,Volgograd,RU,
297334,Volgograd,Nikolsk,Volgograd,RU,
297334,Volgograd,Nikolsk,Volgograd,RU,
297334,Volgograd,Nikolsk,Volgograd,RU,
297334,Volgograd,Nikolsk,Volgograd,RU,
297334,Volgograd,Nikolsk,Volgograd,RU,
297334,Volgograd,Nikolsk,Volgograd,RU,
297334,Volgograd,Nikolsk,Volgograd,RU,
297334,Volgograd,Nikolsk,Volgograd,RU,
297334,Volgograd,Nikolsk,Volgograd,RU,
297334,Volgograd,Nikolsk,Volgograd,RU,
297334,Volgograd,Nikolsk,Volgograd,RU,
297334,Volgograd,Nikolsk,Volgograd,RU,
297334,Volgograd,Nikolsk,Volgograd,RU,
297334,Volgograd,Nikolsk,Volgograd,RU,
297334,Volgograd,Nikolsk,Volgograd,RU,
297334,Volgograd,Nikolsk,Volgograd,RU,
297334,Volgograd,Nikolsk,Volgograd,RU,
297334,Volgograd,Nikolsk,Volgograd,RU,
297334,Volgograd,Nikolsk,Volgograd,RU,
297334,Volgograd,Nikolsk,Volgograd,RU,
297334,Volgograd,Nikolsk,Volgograd,RU,
297334,Volgograd,Nikolsk,Volgograd,RU,
297334,Volgograd,Nikolsk,Volgograd,RU,
297334,Volgograd,Nikolsk,Volgograd,RU,
297334,Volgograd,Nikolsk,Volgograd,RU,
297334,Volgograd,Nikolsk,Volgograd,RU,
297334,Volgograd,Nikolsk,Volgograd,RU,
297334,Volgograd,Nikolsk,Volgograd,RU,
297334,Volgograd,Nikolsk,Volgograd,RU,
297334,Volgograd,Nikolsk,Volgograd,RU,
297334,Volgograd,Nikolsk,Volgograd,RU,
297334,Volgograd,Nikolsk,Volgograd,RU,
297334,Volgograd,Nikolsk,Volgograd,RU,
297334,Volgograd,Nikolsk,Volgograd,RU,
297334,Volgograd,Nikolsk,Volgograd,RU,
297334,Volgograd,Nikolsk,Volgograd,RU,
297334,Volgograd,Nikolsk,Volgograd,RU,
297334,Volgograd,Nikolsk,Volgograd,RU,
297334,Volgograd,Nikolsk,Volgograd,RU,
297334,Volgograd,Nikolsk,Volgograd,RU,
297334,Volgograd,Nikolsk,Volgograd,RU,
297334,Volgograd,Nikolsk,Volgograd,RU,
297334,Volgograd,Nikolsk,Volgograd,RU,
297334,Volgograd,Nikolsk,Volgograd,RU,
297334,Volgograd,Nikolsk,Volgograd,RU,
297334,Volgograd,Nikolsk,Volgograd,RU,
297334,Volgograd,Nikolsk,Volgograd,RU,
297334,Volgograd,Nikolsk,Volgograd,RU,
297334,Volgograd,Nikolsk,Volgograd,RU,
297334,Volgograd,Nikolsk,Volgograd,RU,
297334,Volgograd,Nikolsk,Volgograd,RU,
297334,Volgograd,Nikolsk,Volgograd,RU,
297334,Volgograd,Nikolsk,Volgograd,RU,
297334,Volgograd,Nikolsk,Volgograd,RU,
297334,Volgograd,Nikolsk,Volgograd,RU,
297334,Volgograd,Nikolsk,Volgograd,RU,
297334,Volgograd,Nikolsk,Volgograd,RU,
297334,Volgograd,Nikolsk,Volgograd,RU,
297334,Volgograd,Nikolsk,Volgograd,RU,
297334,Volgograd,Nikolsk,Volgograd,RU,
297334,Volgograd,Nikolsk,Volgograd,RU,
297334,Volgograd,Nikolsk,Volgograd,RU,
297334,Volgograd,Nikolsk,Volgograd,RU,
297334,Volgograd,Nikolsk,Volgograd,RU,
297334,Volgograd,Nikolsk,Volgograd,RU,
297334,Volgograd,Nikolsk,Volgograd,RU,
297334,Volgograd,Nikolsk,Volgograd,RU,
297334,Volgograd,Nikolsk,Volgograd,RU,
297334,Volgograd,Nikolsk,Volgograd,RU,
297334,Volgograd,Nikolsk,Volgograd,RU,
297334,Volgograd,Nikolsk,Volgograd,RU,
297334,Volgograd,Nikolsk,Volgograd,RU,
297334,Volgograd,Nikolsk,Volgograd,RU,
297334,Volgograd,Nikolsk,Volgograd,RU,
297334,Volgograd,Nikolsk,Volgograd,RU,
297334,Volgograd,Nikolsk,Volgograd,RU,
297334,Volgograd,Nikolsk,Volgograd,RU,
297334,Volgograd,Nikolsk,Volgograd,RU,
297334,Volgograd,Nikolsk,Volgograd,RU,
297334,Volgograd,Nikolsk,Volgograd,RU,
297334,Volgograd,Nikolsk,Volgograd,RU,
297334,Volgograd,Nikolsk,Volgograd,RU,
297334,Volgograd,Nikolsk,Volgograd,RU,
297334,Volgograd,Nikolsk,Volgograd,RU,
297334,Volgograd,Nikolsk,Volgograd,RU,
297334,Volgograd,Nikolsk,Volgograd,RU,
297334,Volgograd,Nikolsk,Volgograd,RU,
297334,Volgograd,Nikolsk,Volgograd,RU,
297334,Volgograd,Nikolsk,Volgograd,RU,
297334,Volgograd,Nikolsk,Volgograd,RU,
297334,Volgograd,Nikolsk,Volgograd,RU,
297334,Volgograd,Nikolsk,Volgograd,RU,
297334,Volgograd,Nikolsk,Volgograd,RU,
297334,Volgograd,Nikolsk,Volgograd,RU,
297334,Volgograd,Nikolsk,Volgograd,RU,
297334,Volgograd,Nikolsk,Volgograd,RU,
297334,Volgograd,Nikolsk,Volgograd,RU,
297334,Volgograd,Nikolsk,Volgograd,RU,
297334,Volgograd,Nikolsk,Volgograd,RU,
297334,Volgograd,Nikolsk,Volgograd,RU,
297334,Volgograd,Nikolsk,Volgograd,RU,
297334,Volgograd,Nikolsk,Volgograd,RU,
297334,Volgograd,Nikolsk,Volgograd,RU,
297334,Volgograd,Nikolsk,Volgograd,RU,
297334,Volgograd,Nikolsk,Volgograd,RU,
297334,Volgograd,Nikolsk,Volgograd,RU,
297334,Volgograd,Nikolsk,Volgograd,RU,
297334,Volgograd,Nikolsk,Volgograd,RU,
297334,Volgograd,Nikolsk,Volgograd,RU,
297334,Volgograd,Nikolsk,Volgograd,RU,
297334,Volgograd,Nikolsk,Volgograd,RU,
297334,Volgograd,Nikolsk,Volgograd,RU,
297334,Volgograd,Nikolsk,Volgograd,RU,
297334,Volgograd,Nikolsk,Volgograd,RU,
297334,Volgograd,Nikolsk,Volgograd,RU,
297334,Volgograd,Nikolsk,Volgograd,RU,
297334,Volgograd,Nikolsk,Volgograd,RU,
297334,Volgograd,Nikolsk,Volgograd,RU,
297334,Volgograd,Nikolsk,Volgograd,RU,
297334,Volgograd,Nikolsk,Volgograd,RU,
297334,Volgograd,Nikolsk,Volgograd,RU,
297334,Volgograd,Nikolsk,Volgograd,RU,
297334,Volgograd,Nikolsk,Volgograd,RU,
297334,Volgograd,Nikolsk,Volgograd,RU,
297334,Volgograd,Nikolsk,Volgograd,RU,
297334,Volgograd,Nikolsk,Volgograd,RU,
297334,Volgograd,Nikolsk,Volgograd,RU,
297334,Volgograd,Nikolsk,Volgograd,RU,
297334,Volgograd,Nikolsk,Volgograd,RU,
297334,Volgograd,Nikolsk,Volgograd,RU,
297334,Volgograd,Nikolsk,Volgograd,RU,
297334,Volgograd,Nikolsk,Volgograd,RU,
297334,Volgograd,Nikolsk,Volgograd,RU,
297334,Volgograd,Nikolsk,Volgograd,RU,
297334,Volgograd,Nikolsk,Volgograd,RU,
297334,Volgograd,Nikolsk,Volgograd,RU,
297334,Volgograd,Nikolsk,Volgograd,RU,
297334,Volgograd,Nikolsk,Volgograd,RU,
297334,Volgograd,Nikolsk,Volgograd,RU,
297334,Volgograd,Nikolsk,Volgograd,RU,
297334,Volgograd,Nikolsk,Volgograd,RU,
297334,Volgograd,Nikolsk,Volgograd,RU,
297334,Volgograd,Nikolsk,Volgograd,RU,
297334,Volgograd,Nikolsk,Volgograd,RU,
297334,Volgograd,Nikolsk,Volgograd,RU,
297334,Volgograd,Nikolsk,Volgograd,RU,
297334,Volgograd,Nikolsk,Volgograd,RU,
297334,Volgograd,Nikolsk,Volgograd,RU,
297334,Volgograd,Nikolsk,Volgograd,RU,
297334,Volgograd,Nikolsk,Volgograd,RU,
297334,Volgograd,Nikolsk,Volgograd,RU,
297334,Volgograd,Nikolsk,Volgograd,RU,
297334,Volgograd,Nikolsk,Volgograd,RU,
297334,Volgograd,Nikolsk,Volgograd,RU,
297334,Volgograd,Nikolsk,Volgograd,RU,
297334,Volgograd,Nikolsk,Volgograd,RU,
297334,Volgograd,Nikolsk,Volgograd,RU,
297334,Volgograd,Nikolsk,Volgograd,RU,
297334,Volgograd,Nikolsk,Volgograd,RU,
297334,Volgograd,Nikolsk,Volgograd,RU,
297334,Volgograd,Nikolsk,Volgograd,RU,
297334,Volgograd,Nikolsk,Volgograd,RU,
297334,Volgograd,Nikolsk,Volgograd,RU,
297334,Volgograd,Nikolsk,Volgograd,RU,
297334,Volgograd,Nikolsk,Volgograd,RU,
297334,Volgograd,Nikolsk,Volgograd,RU,
297334,Volgograd,Nikolsk,Volgograd,RU,
297334,Volgograd,Nikolsk,Volgograd,RU,
297334,Volgograd,Nikolsk,Volgograd,RU,
297334,Volgograd,Nikolsk,Volgograd,RU,
297334,Volgograd,Nikolsk,Volgograd,RU,
297334,Volgograd,Nikolsk,Volgograd,RU,
297334,Volgograd,Nikolsk,Volgograd,RU,
297334,Volgograd,Nikolsk,Volgograd,RU,
297334,Volgograd,Nikolsk,Volgograd,RU,
297334,Volgograd,Nikolsk,Volgograd,RU,
297334,Volgograd,Nikolsk,Volgograd,RU,
297334,Volgograd,Nikolsk,Volgograd,RU,
297334,Volgograd,Nikolsk,Volgograd,RU,
297334,Volgograd,Nikolsk,Volgograd,RU,
297334,Volgograd,Nikolsk,Volgograd,RU,
297334,Volgograd,Nikolsk,Volgograd,RU,
297334,Volgograd,Nikolsk,Volgograd,RU,
297334,Volgograd,Nikolsk,Volgograd,RU,
297334,Volgograd,Nikolsk,Volgograd,RU,
297334,Volgograd,Nikolsk,Volgograd,RU,
297334,Volgograd,Nikolsk,Volgograd,RU,
297334,Volgograd,Nikolsk,Volgograd,RU,
297334,Volgograd,Nikolsk,Volgograd,RU,
297334,Volgograd,Nikolsk,Volgograd,RU,
297334,Volgograd,Nikolsk,Volgograd,RU,
297334,Volgograd,Nikolsk,Volgograd,RU,
297334,Volgograd,Nikolsk,Volgograd,RU,
297334,Volgograd,Nikolsk,Volgograd,RU,
297334,Volgograd,Nikolsk,Volgograd,RU,
297334,Volgograd,Nikolsk,Volgograd,RU,
297334,Volgograd,Nikolsk,Volgograd,RU,
297334,Volgograd,Nikolsk,Volgograd,RU,
297334,Volgograd,Nikolsk,Volgograd,RU,
297334,Volgograd,Nikolsk,Volgograd,RU,
297334,Volgograd,Nikolsk,Volgograd,RU,
297334,Volgograd,Nikolsk,Volgograd,RU,
297334,Volgograd,Nikolsk,Volgograd,RU,
297334,Volgograd,Nikolsk,Volgograd,RU,
297334,Volgograd,Nikolsk,Volgograd,RU,
297334,Volgograd,Nikolsk,Volgograd,RU,
297334,Volgograd,Nikolsk,Volgograd,RU,
297334,Volgograd,Nikolsk,Volgograd,RU,
297334,Volgograd,Nikolsk,Volgograd,RU,
297334,Volgograd,Nikolsk,Volgograd,RU,
297334,Volgograd,Nikolsk,Volgograd,RU,
297334,Volgograd,Nikolsk,Volgograd,RU,
297334,Volgograd,Nikolsk,Volgograd,RU,
297334,Volgograd,Nikolsk,Volgograd,RU,
297334,Volgograd,Nikolsk,Volgograd,RU,
297334,Volgograd,Nikolsk,Volgograd,RU,
297335,Volgograd,Nikolsk,Volgograd,RU,
1382089,Volgograd,Velikoustyugskii,Volgograd,RU,
1382095,Volgograd,Velikii Ustyug,Volgograd,RU,
1423615,Volgograd,Nikolsk,Volgograd,RU,
1646160,Volgograd,,Volgograd,RU,
1646173,Volgograd,,Volgograd,RU,
1646274,Volgograd,,Volgograd,RU,
1547198,Volgograd,Nikolsky District,Volgograd,RU,
1113545,Yaroslavl,Rybinsk,Yaroslavl,RU,
1412898,Yaroslavl,Rybinsk,Yaroslavl,RU,
1416204,Yaroslavl,Rybinsk,Yaroslavl,RU,
1646560,Yaroslavl,Rybinsk,Yaroslavl,RU,
219959,,,,RU,delete
219960,,,,RU,delete
219961,,,,RU,delete
219962,,,,RU,delete
1383186,,,,RU,delete
1423053,,,,RU,delete
933157,Skane,,Skane,SE,
1131219,,,,SJ,what is SJ?
1131223,,,,SJ,what is SJ?
1131869,,,,SJ,what is SJ?
1131895,,,,SJ,what is SJ?
1131896,,,,SJ,what is SJ?
1131898,,,,SJ,what is SJ?
1131899,,,,SJ,what is SJ?
1131900,,,,SJ,what is SJ?
1131901,,,,SJ,what is SJ?
1131902,,,,SJ,what is SJ?
1131903,,,,SJ,what is SJ?
1131904,,,,SJ,what is SJ?
1131905,,,,SJ,what is SJ?
1131906,,,,SJ,what is SJ?
1131965,,,,SJ,what is SJ?
1131966,,,,SJ,what is SJ?
1131970,,,,SJ,what is SJ?
1131971,,,,SJ,what is SJ?
1131972,,,,SJ,what is SJ?
1131973,,,,SJ,what is SJ?
1131982,,,,SJ,what is SJ?
1131983,,,,SJ,what is SJ?
1517672,,,,SJ,what is SJ?
818655,Thailand,Thung Luilai,Chaiyaphum,TH,
921164,Ruvuma,,Ruvuma,TZ,
1081114,Ruvuma,Songea,Ruvuma,TZ,
1375739,Ruvuma,,Ruvuma,TZ,
1375739,Ruvuma,,Ruvuma,TZ,
1395970,Ruvuma,Songea,Ruvuma,TZ,
1395970,Ruvuma,Songea,Ruvuma,TZ,
1395970,Ruvuma,Songea,Ruvuma,TZ,
558338,England,Warwickshire,England,UK,
558339,England,Warwickshire,England,UK,
558340,England,Warwickshire,England,UK,
690409,England,Warwickshire,England,UK,
690410,England,Warwickshire,England,UK,
690411,England,Warwickshire,England,UK,
811357,England,Devon,England,UK,
811358,England,Devon,England,UK,
880678,England,Worcestershire,England,UK,
880679,England,Worcestershire,England,UK,
1264414,England,Staffordshire,England,UK,
1307512,England,Warwickshire,England,UK,
670355,Wales,Penarth,Wales,UK,
670358,Wales,Penarth,Wales,UK,
229327,Arizona,,Arizona,US,
368795,Arizona,Navajo,Arizona,US,
368796,Arizona,Navajo,Arizona,US,
368797,Arizona,Navajo,Arizona,US,
406870,Arizona,Apache,Arizona,US,
407765,Arizona,Apache,Arizona,US,
407774,Arizona,Apache,Arizona,US,
483852,Arizona,Apache,Arizona,US,
483857,Arizona,Apache,Arizona,US,
517579,Arizona,Apache,Arizona,US,
517599,Arizona,Apache,Arizona,US,
517604,Arizona,Apache,Arizona,US,
517607,Arizona,Navajo,Arizona,US,
562849,Arizona,Apache,Arizona,US,
572543,Arizona,Apache,Arizona,US,
572544,Arizona,Apache,Arizona,US,
572574,Arizona,,Arizona,US,
782139,Arizona,Navajo,Arizona,US,
782172,Arizona,Navajo,Arizona,US,
832693,Arizona,Apache,Arizona,US,
837087,Arizona,Apache,Arizona,US,
837165,Arizona,Navajo,Arizona,US,
837211,Arizona,Apache,Arizona,US,
837212,Arizona,Apache,Arizona,US,
837354,Arizona,Apache,Arizona,US,
837355,Arizona,Apache,Arizona,US,
837393,Arizona,Apache,Arizona,US,
837394,Arizona,Apache,Arizona,US,
837399,Arizona,Apache,Arizona,US,
837553,Arizona,Apache,Arizona,US,
837554,Arizona,Apache,Arizona,US,
837555,Arizona,Apache,Arizona,US,
837557,Arizona,Apache,Arizona,US,
837561,Arizona,Apache,Arizona,US,
837564,Arizona,Apache,Arizona,US,
837592,Arizona,Navajo,Arizona,US,
837634,Arizona,Navajo,Arizona,US,
837636,Arizona,Navajo,Arizona,US,
837641,Arizona,Navajo,Arizona,US,
838831,Arizona,Navajo,Arizona,US,
838833,Arizona,Navajo,Arizona,US,
838835,Arizona,Apache,Arizona,US,
838836,Arizona,Apache,Arizona,US,
838863,Arizona,Apache,Arizona,US,
838888,Arizona,Navajo,Arizona,US,
838888,Arizona,Navajo,Arizona,US,
838888,Arizona,Navajo,Arizona,US,
838888,Arizona,Navajo,Arizona,US,
838888,Arizona,Navajo,Arizona,US,
838888,Arizona,Navajo,Arizona,US,
838888,Arizona,Navajo,Arizona,US,
838889,Arizona,Navajo,Arizona,US,
838915,Arizona,Apache,Arizona,US,
838923,Arizona,Apache,Arizona,US,
838931,Arizona,Apache,Arizona,US,
838931,Arizona,Apache,Arizona,US,
838931,Arizona,Apache,Arizona,US,
838931,Arizona,Apache,Arizona,US,
838934,Arizona,Apache,Arizona,US,
838962,Arizona,Apache,Arizona,US,
838968,Arizona,Apache,Arizona,US,
838996,Arizona,Apache,Arizona,US,
838997,Arizona,Apache,Arizona,US,
840616,Arizona,Apache,Arizona,US,
840620,Arizona,Apache,Arizona,US,
840721,Arizona,Apache,Arizona,US,
840766,Arizona,Navajo,Arizona,US,
841814,Arizona,Apache,Arizona,US,
841815,Arizona,Apache,Arizona,US,
841819,Arizona,Apache,Arizona,US,
841823,Arizona,Navajo,Arizona,US,
841826,Arizona,Navajo,Arizona,US,
841830,Arizona,Apache,Arizona,US,
841832,Arizona,Apache,Arizona,US,
841832,Arizona,Apache,Arizona,US,
841832,Arizona,Apache,Arizona,US,
841832,Arizona,Apache,Arizona,US,
841832,Arizona,Apache,Arizona,US,
841832,Arizona,Apache,Arizona,US,
841835,Arizona,Apache,Arizona,US,
841835,Arizona,Apache,Arizona,US,
841835,Arizona,Apache,Arizona,US,
841835,Arizona,Apache,Arizona,US,
841837,Arizona,Apache,Arizona,US,
842080,Arizona,Apache,Arizona,US,
842087,Arizona,Apache,Arizona,US,
842098,Arizona,,Arizona,US,
842102,Arizona,Apache,Arizona,US,
842108,Arizona,Apache,Arizona,US,
842111,Arizona,Apache,Arizona,US,
842118,Arizona,Apache,Arizona,US,
842119,Arizona,Apache,Arizona,US,
842143,Arizona,Apache,Arizona,US,
842188,Arizona,Apache,Arizona,US,
842192,Arizona,Apache,Arizona,US,
842215,Arizona,Apache,Arizona,US,
842344,Arizona,Apache,Arizona,US,
842664,Arizona,Coconino,Arizona,US,
842693,Arizona,Coconino,Arizona,US,
842768,Arizona,Coconino,Arizona,US,
842769,Arizona,Coconino,Arizona,US,
842955,Arizona,Coconino,Arizona,US,
842963,Arizona,Apache,Arizona,US,
855632,Arizona,Coconino,Arizona,US,
855737,Arizona,Apache,Arizona,US,
855738,Arizona,Coconino,Arizona,US,
855739,Arizona,Navajo,Arizona,US,
855740,Arizona,Navajo,Arizona,US,
855741,Arizona,Navajo,Arizona,US,
855742,Arizona,Apache,Arizona,US,
855776,Arizona,Navajo,Arizona,US,
855777,Arizona,Coconino,Arizona,US,
855778,Arizona,Coconino,Arizona,US,
855781,Arizona,Coconino,Arizona,US,
855789,Arizona,Coconino,Arizona,US,
855795,Arizona,Coconino,Arizona,US,
856130,Arizona,Navajo,Arizona,US,
1415671,Arizona,,Arizona,US,
1420185,Arizona,,Arizona,US,
1546518,Arizona,Apache,Arizona,US,
1578935,Arizona,Apache,Arizona,US,
1626336,Arizona,,Arizona,US,
789984,Colorado,San Miguel,Colorado,US,
789986,Colorado,San Miguel,Colorado,US,
1367333,Colorado,Garfield,Colorado,US,
1367334,Colorado,Eagle,Colorado,US,
1545818,Colorado,San Miguel,Colorado,US,
963873,Illinois,Grundy/Will,Illinois,US,
1334971,Illinois,Grundy/Will,Illinois,US,
1334974,Illinois,Grundy/Will,Illinois,US,
1337586,Illinois,Grundy/Will,Illinois,US,
1337842,Illinois,Grundy/Will,Illinois,US,
1337843,Illinois,Grundy/Will,Illinois,US,
1545821,Illinois,,Illinois,US,
1332794,Kansas,Riley,Kansas,US,
1334976,Kansas,Greenwood,Kansas,US,
1335618,Kansas,Anderson,Kansas,US,
1338182,Kansas,Brown,Kansas,US,
1339969,Kansas,Wabaunsee,Kansas,US,
1535404,Kansas,Greenwood County,Kansas,US,
1535408,Kansas,Greenwood County,Kansas,US,
1332972,Nebraska,Richardson,Nebraska,US,
1332987,Nebraska,Richardson,Nebraska,US,
1333888,Nebraska,Richardson,Nebraska,US,
1338152,Nebraska,Nemaha,Nebraska,US,
146665,New Mexico,Rio Arriba,New Mexico,US,
220202,New Mexico,Santa Fe,New Mexico,US,
294219,New Mexico,Sandoval,New Mexico,US,
533987,New Mexico,McKinley,New Mexico,US,
572583,New Mexico,McKinley,New Mexico,US,
590154,New Mexico,Rio Arriba,New Mexico,US,
705334,New Mexico,McKinley,New Mexico,US,
705335,New Mexico,McKinley,New Mexico,US,
705362,New Mexico,McKinley,New Mexico,US,
705368,New Mexico,McKinley,New Mexico,US,
778928,New Mexico,Guadalupe,New Mexico,US,
778945,New Mexico,Quay,New Mexico,US,
790525,New Mexico,Rio Arriba,New Mexico,US,
832058,New Mexico,Quay,New Mexico,US,
842969,New Mexico,Cibola,New Mexico,US,
842980,New Mexico,Cibola,New Mexico,US,
843211,New Mexico,Quay,New Mexico,US,
843239,New Mexico,Quay,New Mexico,US,
843254,New Mexico,Quay,New Mexico,US,
843296,New Mexico,Quay,New Mexico,US,
845918,New Mexico,Union,New Mexico,US,
853403,New Mexico,Quay,New Mexico,US,
853404,New Mexico,Quay,New Mexico,US,
1100726,New Mexico,Santa Fe,New Mexico,US,
1301296,New Mexico,Rio Arriba,New Mexico,US,
1301297,New Mexico,Rio Arriba,New Mexico,US,
1315233,New Mexico,Otero County,New Mexico,US,
1315301,New Mexico,Bernalillo,New Mexico,US,
1330179,New Mexico,Sandoval,New Mexico,US,
1334885,New Mexico,Rio Arriba,New Mexico,US,
1334972,New Mexico,Bernalillo,New Mexico,US,
1335607,New Mexico,Rio Arriba,New Mexico,US,
1335610,New Mexico,Rio Arriba,New Mexico,US,
1335611,New Mexico,Rio Arriba,New Mexico,US,
1335612,New Mexico,Rio Arriba,New Mexico,US,
1335613,New Mexico,Rio Arriba,New Mexico,US,
1335617,New Mexico,Rio Arriba,New Mexico,US,
1335676,New Mexico,Rio Arriba,New Mexico,US,
1335677,New Mexico,Rio Arriba,New Mexico,US,
1335678,New Mexico,Rio Arriba,New Mexico,US,
1335679,New Mexico,Rio Arriba,New Mexico,US,
1337191,New Mexico,Rio Arriba,New Mexico,US,
1337193,New Mexico,Rio Arriba,New Mexico,US,
1337201,New Mexico,Rio Arriba,New Mexico,US,
1337202,New Mexico,Rio Arriba,New Mexico,US,
1337203,New Mexico,Rio Arriba,New Mexico,US,
1337209,New Mexico,Rio Arriba,New Mexico,US,
1337210,New Mexico,Rio Arriba,New Mexico,US,
1337211,New Mexico,Rio Arriba,New Mexico,US,
1337212,New Mexico,Rio Arriba,New Mexico,US,
1337246,New Mexico,Bernalillo,New Mexico,US,
1337443,New Mexico,Rio Arriba,New Mexico,US,
1337466,New Mexico,Sandoval,New Mexico,US,
1339746,New Mexico,Rio Arriba,New Mexico,US,
1339752,New Mexico,Rio Arriba,New Mexico,US,
1339753,New Mexico,Rio Arriba,New Mexico,US,
1339757,New Mexico,Rio Arriba,New Mexico,US,
1339758,New Mexico,Rio Arriba,New Mexico,US,
1339765,New Mexico,Rio Arriba,New Mexico,US,
1339893,New Mexico,Rio Arriba,New Mexico,US,
1339930,New Mexico,Sandoval,New Mexico,US,
1339931,New Mexico,Sandoval,New Mexico,US,
1339932,New Mexico,Sandoval,New Mexico,US,
1339933,New Mexico,Sandoval,New Mexico,US,
1339934,New Mexico,Sandoval,New Mexico,US,
1339947,New Mexico,Rio Arriba,New Mexico,US,
1339948,New Mexico,Rio Arriba,New Mexico,US,
1339949,New Mexico,Rio Arriba,New Mexico,US,
1340014,New Mexico,Cibola,New Mexico,US,
1340518,New Mexico,Rio Arriba,New Mexico,US,
1340530,New Mexico,Socorro,New Mexico,US,
1340531,New Mexico,Socorro,New Mexico,US,
1340535,New Mexico,Socorro,New Mexico,US,
1340538,New Mexico,San Miguel,New Mexico,US,
1340539,New Mexico,San Miguel,New Mexico,US,
1340546,New Mexico,Otero,New Mexico,US,
1340547,New Mexico,Otero,New Mexico,US,
1340553,New Mexico,Sierra,New Mexico,US,
1340557,New Mexico,Socorro,New Mexico,US,
1340559,New Mexico,Socorro,New Mexico,US,
1417829,New Mexico,Guadalupe,New Mexico,US,
1547018,New Mexico,Cibola,New Mexico,US,
1547077,New Mexico,Rio Arriba,New Mexico,US,
1558355,New Mexico,Bernalillo,New Mexico,US,
1589314,New Mexico,Rio Arriba,New Mexico,US,
788994,Ohio,Jefferson,Ohio,US,
788995,Ohio,Jefferson,Ohio,US,
963874,Ohio,Jefferson,Ohio,US,
963875,Ohio,Jefferson,Ohio,US,
1311815,Ohio,Jefferson,Ohio,US,
1311853,Ohio,Jefferson,Ohio,US,
1315234,Ohio,,Ohio,US,
1319240,Ohio,Jefferson,Ohio,US,
1337581,Ohio,Jefferson,Ohio,US,
1337584,Ohio,Jefferson,Ohio,US,
1338177,Ohio,Jefferson,Ohio,US,
1338178,Ohio,Jefferson,Ohio,US,
1338179,Ohio,Jefferson,Ohio,US,
1338183,Ohio,Jefferson,Ohio,US,
1338184,Ohio,Jefferson,Ohio,US,
1338187,Ohio,Jefferson,Ohio,US,
1340562,Ohio,Monroe,Ohio,US,
1425276,Ohio,Jefferson,Ohio,US,
157307,Oklahoma,Seminole,Oklahoma,US,
287720,Oklahoma,Blaine,Oklahoma,US,
287732,Oklahoma,Blaine,Oklahoma,US,
287732,Oklahoma,Blaine,Oklahoma,US,
296595,Oklahoma,McClain,Oklahoma,US,
629466,Oklahoma,Comanche,Oklahoma,US,
629466,Oklahoma,Comanche,Oklahoma,US,
629466,Oklahoma,Comanche,Oklahoma,US,
629466,Oklahoma,Comanche,Oklahoma,US,
629466,Oklahoma,Comanche,Oklahoma,US,
629466,Oklahoma,Comanche,Oklahoma,US,
629466,Oklahoma,Comanche,Oklahoma,US,
629467,Oklahoma,Comanche,Oklahoma,US,
629468,Oklahoma,Comanche,Oklahoma,US,
629488,Oklahoma,Comanche,Oklahoma,US,
629488,Oklahoma,Comanche,Oklahoma,US,
629489,Oklahoma,Comanche,Oklahoma,US,
631438,Oklahoma,Tillman,Oklahoma,US,
631439,Oklahoma,Tillman,Oklahoma,US,
739841,Oklahoma,Cleveland,Oklahoma,US,
787458,Oklahoma,Noble,Oklahoma,US,
787459,Oklahoma,Noble,Oklahoma,US,
787528,Oklahoma,Noble,Oklahoma,US,
787561,Oklahoma,Kay,Oklahoma,US,
787562,Oklahoma,Kay,Oklahoma,US,
787580,Oklahoma,Kay,Oklahoma,US,
788096,Oklahoma,Kiowa,Oklahoma,US,
790491,Oklahoma,Noble,Oklahoma,US,
790492,Oklahoma,Noble,Oklahoma,US,
799808,Oklahoma,Grant,Oklahoma,US,
799809,Oklahoma,Grant,Oklahoma,US,
814505,Oklahoma,Cotton,Oklahoma,US,
825243,Oklahoma,Comanche,Oklahoma,US,
825243,Oklahoma,Comanche,Oklahoma,US,
845877,Oklahoma,Cimarron,Oklahoma,US,
930782,Oklahoma,Comanche,Oklahoma,US,
1237952,Oklahoma,Noble,Oklahoma,US,
1335603,Oklahoma,Comanche,Oklahoma,US,
1336900,Oklahoma,Comanche,Oklahoma,US,
1338135,Oklahoma,Seminole,Oklahoma,US,
1340027,Oklahoma,Grant,Oklahoma,US,
1340028,Oklahoma,Grant,Oklahoma,US,
1340038,Oklahoma,Jefferson,Oklahoma,US,
1340039,Oklahoma,Jefferson,Oklahoma,US,
1545289,Oklahoma,Comanche,Oklahoma,US,
1545290,Oklahoma,Comanche,Oklahoma,US,
1546563,Oklahoma,Blaine,Oklahoma,US,
1564214,Oklahoma,Noble,Oklahoma,US,
1567343,Oklahoma,Tillman,Oklahoma,US,
1567353,Oklahoma,Tillman,Oklahoma,US,
1567369,Oklahoma,Tillman,Oklahoma,US,
1567370,Oklahoma,Tillman,Oklahoma,US,
1567371,Oklahoma,Tillman,Oklahoma,US,
1567392,Oklahoma,Tillman,Oklahoma,US,
1567393,Oklahoma,Tillman,Oklahoma,US,
1567394,Oklahoma,Tillman,Oklahoma,US,
297327,Pennsylvania,Greene,Pennsylvania,US,
924744,Pennsylvania,York,Pennsylvania,US,
934043,Pennsylvania,Bucks,Pennsylvania,US,
1334848,Pennsylvania,Allegheny,Pennsylvania,US,
1339749,Pennsylvania,Allegheny,Pennsylvania,US,
1339841,Pennsylvania,Allegheny,Pennsylvania,US,
1339842,Pennsylvania,Allegheny,Pennsylvania,US,
1341681,Pennsylvania,Allegheny,Pennsylvania,US,
1425294,Pennsylvania,Alleghany,Pennsylvania,US,
147563,Texas,Baylor,Texas,US,
147564,Texas,Clay,Texas,US,
148243,Texas,Archer,Texas,US,
148244,Texas,Archer,Texas,US,
148245,Texas,Archer,Texas,US,
148246,Texas,Archer,Texas,US,
149920,Texas,Garza,Texas,US,
149923,Texas,Garza,Texas,US,
219910,Texas,,Texas,US,
220039,Texas,Scurry,Texas,US,
220192,Texas,Wichita,Texas,US,
220193,Texas,Wichita,Texas,US,
221286,Texas,Jones,Texas,US,
221286,Texas,Jones,Texas,US,
221286,Texas,Jones,Texas,US,
221286,Texas,Jones,Texas,US,
221286,Texas,Jones,Texas,US,
221286,Texas,Jones,Texas,US,
221286,Texas,Jones,Texas,US,
221286,Texas,Jones,Texas,US,
221286,Texas,Jones,Texas,US,
221286,Texas,Jones,Texas,US,
221286,Texas,Jones,Texas,US,
221286,Texas,Jones,Texas,US,
221286,Texas,Jones,Texas,US,
221286,Texas,Jones,Texas,US,
221286,Texas,Jones,Texas,US,
221286,Texas,Jones,Texas,US,
221286,Texas,Jones,Texas,US,
221286,Texas,Jones,Texas,US,
221286,Texas,Jones,Texas,US,
221286,Texas,Jones,Texas,US,
221286,Texas,Jones,Texas,US,
221286,Texas,Jones,Texas,US,
221286,Texas,Jones,Texas,US,
221286,Texas,Jones,Texas,US,
221286,Texas,Jones,Texas,US,
221286,Texas,Jones,Texas,US,
221286,Texas,Jones,Texas,US,
221286,Texas,Jones,Texas,US,
221286,Texas,Jones,Texas,US,
221286,Texas,Jones,Texas,US,
221286,Texas,Jones,Texas,US,
221286,Texas,Jones,Texas,US,
229269,Texas,Baylor,Texas,US,
229270,Texas,,Texas,US,
229271,Texas,,Texas,US,
229273,Texas,,Texas,US,
229336,Texas,Howard,Texas,US,
295886,Texas,Archer,Texas,US,
295887,Texas,Archer,Texas,US,
295891,Texas,Archer,Texas,US,
295893,Texas,Archer,Texas,US,
295894,Texas,Archer,Texas,US,
295897,Texas,Archer,Texas,US,
295901,Texas,Archer,Texas,US,
295906,Texas,Archer,Texas,US,
295907,Texas,Archer,Texas,US,
295911,Texas,Archer,Texas,US,
295915,Texas,Wichita,Texas,US,
295916,Texas,Wichita,Texas,US,
295917,Texas,Wichita,Texas,US,
295931,Texas,Archer,Texas,US,
295932,Texas,Archer,Texas,US,
295938,Texas,Archer,Texas,US,
295939,Texas,Archer,Texas,US,
295942,Texas,Baylor,Texas,US,
295943,Texas,Baylor,Texas,US,
295944,Texas,Baylor,Texas,US,
295947,Texas,Baylor,Texas,US,
295949,Texas,Baylor,Texas,US,
295950,Texas,Baylor,Texas,US,
295957,Texas,Baylor,Texas,US,
295959,Texas,Archer,Texas,US,
295960,Texas,Archer,Texas,US,
295961,Texas,Archer,Texas,US,
295964,Texas,Archer,Texas,US,
295965,Texas,Archer,Texas,US,
295966,Texas,Archer,Texas,US,
295969,Texas,Archer,Texas,US,
295970,Texas,Archer,Texas,US,
295974,Texas,Baylor,Texas,US,
295979,Texas,Wichita,Texas,US,
295987,Texas,Baylor,Texas,US,
295988,Texas,Baylor,Texas,US,
295993,Texas,Baylor,Texas,US,
295995,Texas,Baylor,Texas,US,
295996,Texas,Baylor,Texas,US,
295997,Texas,Baylor,Texas,US,
296006,Texas,Baylor/Wilbarger,Texas,US,
296007,Texas,Baylor/Wilbarger,Texas,US,
296011,Texas,Baylor,Texas,US,
296015,Texas,Baylor,Texas,US,
296021,Texas,Baylor,Texas,US,
296024,Texas,Baylor/Willbarger,Texas,US,
296025,Texas,Baylor/Willbarger,Texas,US,
296026,Texas,Baylor/Willbarger,Texas,US,
296027,Texas,Baylor/Willbarger,Texas,US,
296028,Texas,Baylor/Willbarger,Texas,US,
296055,Texas,Baylor,Texas,US,
296056,Texas,Baylor,Texas,US,
296057,Texas,Baylor,Texas,US,
296061,Texas,Baylor,Texas,US,
296071,Texas,Baylor,Texas,US,
296077,Texas,Baylor,Texas,US,
296079,Texas,Baylor,Texas,US,
296082,Texas,Baylor,Texas,US,
296086,Texas,Baylor,Texas,US,
296087,Texas,Baylor,Texas,US,
296097,Texas,Baylor,Texas,US,
296101,Texas,Baylor,Texas,US,
296102,Texas,Baylor,Texas,US,
296103,Texas,Baylor,Texas,US,
296104,Texas,Baylor,Texas,US,
296111,Texas,Baylor,Texas,US,
296112,Texas,Baylor,Texas,US,
296120,Texas,Baylor,Texas,US,
296128,Texas,Wilbarger,Texas,US,
296135,Texas,Baylor,Texas,US,
296140,Texas,Archer,Texas,US,
296141,Texas,Archer,Texas,US,
296147,Texas,Baylor/Willbarger,Texas,US,
296148,Texas,Baylor/Willbarger,Texas,US,
296150,Texas,Baylor,Texas,US,
346290,Texas,Archer,Texas,US,
384336,Texas,Baylor,Texas,US,
410770,Texas,Crosby,Texas,US,
410787,Texas,Crosby,Texas,US,
667875,Texas,Crosby,Texas,US,
667875,Texas,Crosby,Texas,US,
667875,Texas,Crosby,Texas,US,
667875,Texas,Crosby,Texas,US,
667875,Texas,Crosby,Texas,US,
667875,Texas,Crosby,Texas,US,
667875,Texas,Crosby,Texas,US,
667875,Texas,Crosby,Texas,US,
667875,Texas,Crosby,Texas,US,
753719,Texas,Knox,Texas,US,
778963,Texas,Howard,Texas,US,
782200,Texas,Potter,Texas,US,
786933,Texas,Foard,Texas,US,
786936,Texas,Knox,Texas,US,
787990,Texas,Baylor,Texas,US,
788179,Texas,Knox,Texas,US,
789051,Texas,Baylor,Texas,US,
789060,Texas,Baylor,Texas,US,
789067,Texas,Baylor,Texas,US,
789965,Texas,Archer,Texas,US,
789966,Texas,Archer,Texas,US,
789967,Texas,Archer,Texas,US,
789968,Texas,Archer,Texas,US,
790500,Texas,Archer,Texas,US,
790501,Texas,Archer,Texas,US,
806471,Texas,Garza,Texas,US,
825943,Texas,Baylor,Texas,US,
843497,Texas,Baylor/Willbarger,Texas,US,
850014,Texas,Crosby,Texas,US,
964693,Texas,Clay,Texas,US,
968279,Texas,Howard,Texas,US,
968280,Texas,Howard,Texas,US,
968281,Texas,Crosby,Texas,US,
1242744,Texas,Baylor/Willbarger,Texas,US,
1300960,Texas,Clay,Texas,US,
1314749,Texas,Archer,Texas,US,
1314749,Texas,Archer,Texas,US,
1314750,Texas,Archer,Texas,US,
1314753,Texas,Young,Texas,US,
1314763,Texas,Archer County,Texas,US,
1315229,Texas,Young County,Texas,US,
1315230,Texas,Archer,Texas,US,
1315231,Texas,Archer,Texas,US,
1315232,Texas,Jack Couty,Texas,US,
1315235,Texas,Clay County,Texas,US,
1317917,Texas,Knox,Texas,US,
1317919,Texas,Knox,Texas,US,
1317937,Texas,Foard,Texas,US,
1317981,Texas,Knox,Texas,US,
1317986,Texas,Baylor,Texas,US,
1317987,Texas,Baylor,Texas,US,
1328468,Texas,Taylor,Texas,US,
1328469,Texas,Taylor,Texas,US,
1328481,Texas,Taylor,Texas,US,
1328492,Texas,Haskell ,Texas,US,
1328493,Texas,Haskell ,Texas,US,
1334850,Texas,Archer,Texas,US,
1336803,Texas,Archer,Texas,US,
1336891,Texas,Baylor,Texas,US,
1336908,Texas,Archer,Texas,US,
1337280,Texas,Archer,Texas,US,
1337284,Texas,Baylor,Texas,US,
1337285,Texas,Archer,Texas,US,
1337444,Texas,Clay,Texas,US,
1337465,Texas,Baylor,Texas,US,
1337587,Texas,Baylor,Texas,US,
1337590,Texas,Baylor/Willbarger,Texas,US,
1338117,Texas,Baylor,Texas,US,
1338180,Texas,Archer,Texas,US,
1338181,Texas,Archer,Texas,US,
1338318,Texas,Archer,Texas,US,
1339766,Texas,,Texas,US,
1339767,Texas,Baylor/Willbarger,Texas,US,
1339957,Texas,Archer,Texas,US,
1339958,Texas,Archer,Texas,US,
1339959,Texas,Archer,Texas,US,
1339963,Texas,Archer,Texas,US,
1340050,Texas,Knox,Texas,US,
1340563,Texas,,Texas,US,
1383176,Texas,Baylor/Willbarger,Texas,US,
1418479,Texas,Potter,Texas,US,
1418491,Texas,Potter,Texas,US,
1418492,Texas,Potter,Texas,US,
1424999,Texas,Archer,Texas,US,
1425011,Texas,Archer,Texas,US,
1425012,Texas,Archer,Texas,US,
1429155,Texas,,Texas,US,
1429156,Texas,,Texas,US,
1429175,Texas,Taylor,Texas,US,
1491277,Texas,Crosby,Texas,US,
1491392,Texas,Clay,Texas,US,
1491648,Texas,Clay,Texas,US,
1491819,Texas,Clay,Texas,US,
1491824,Texas,Montague,Texas,US,
1546803,Texas,Garza,Texas,US,
149740,Utah,San Juan,Utah,US,
149741,Utah,San Juan,Utah,US,
749055,Utah,San Juan,Utah,US,
1079951,Utah,,Utah,US,
1547000,Utah,,Utah,US,
1021845,West Virginia,Ohio,West Virginia,US,
1037998,West Virginia,Monongalia,West Virginia,US,
1339768,West Virginia,Ohio,West Virginia,US,
1339769,West Virginia,Ohio,West Virginia,US,
1339901,West Virginia,Ohio,West Virginia,US,
829759,Wyoming,Fremont,Wyoming,US,
829815,Wyoming,Fremont,Wyoming,US,
829815,Wyoming,Fremont,Wyoming,US,
829817,Wyoming,Fremont,Wyoming,US,
829817,Wyoming,Fremont,Wyoming,US,
829817,Wyoming,Fremont,Wyoming,US,
829818,Wyoming,Hot Springs,Wyoming,US,
829821,Wyoming,Fremont,Wyoming,US,
829824,Wyoming,Fremont,Wyoming,US,
831024,Wyoming,Fremont,Wyoming,US,
831025,Wyoming,Fremont,Wyoming,US,
933980,Wyoming,Fremont,Wyoming,US,
933981,Wyoming,Fremont,Wyoming,US,
796034,Uruguay,,Cerro Largo,UY,
1395971,Uruguay,,Cerro Largo,UY,
821550,Eastern Cape,Maletswai,Eastern Cape,ZA,
868560,Eastern Cape,Sterkstroom,Eastern Cape,ZA,
868562,Eastern Cape,Ukhahlamba,Eastern Cape,ZA,
868564,Eastern Cape,Ukhahlamba,Eastern Cape,ZA,
1116262,Eastern Cape,,Eastern Cape,ZA,
1132297,Eastern Cape,Engcobo,Eastern Cape,ZA,
1132307,Eastern Cape,Chris Hani,Eastern Cape,ZA,
1133423,Eastern Cape,,Eastern Cape,ZA,
1133445,Eastern Cape,,Eastern Cape,ZA,
1134114,Eastern Cape,,Eastern Cape,ZA,
1134116,Eastern Cape,Graaff-Reinet,Eastern Cape,ZA,
1134117,Eastern Cape,Chris Hani,Eastern Cape,ZA,
1134117,Eastern Cape,Chris Hani,Eastern Cape,ZA,
1134117,Eastern Cape,Chris Hani,Eastern Cape,ZA,
1134117,Eastern Cape,Chris Hani,Eastern Cape,ZA,
1134117,Eastern Cape,Chris Hani,Eastern Cape,ZA,
1134117,Eastern Cape,Chris Hani,Eastern Cape,ZA,
1134117,Eastern Cape,Chris Hani,Eastern Cape,ZA,
1134117,Eastern Cape,Chris Hani,Eastern Cape,ZA,
1134117,Eastern Cape,Chris Hani,Eastern Cape,ZA,
1134118,Eastern Cape,,Eastern Cape,ZA,
1134118,Eastern Cape,,Eastern Cape,ZA,
1134119,Eastern Cape,,Eastern Cape,ZA,
1134137,Eastern Cape,,Eastern Cape,ZA,
1134137,Eastern Cape,,Eastern Cape,ZA,
1134210,Eastern Cape,Maletswai,Eastern Cape,ZA,
1142020,Eastern Cape,,Eastern Cape,ZA,
1142024,Eastern Cape,Chris Hani,Eastern Cape,ZA,
1142138,Eastern Cape,,Eastern Cape,ZA,
1142847,Eastern Cape,Ukhahlamba,Eastern Cape,ZA,
1143569,Eastern Cape,,Eastern Cape,ZA,
1143595,Eastern Cape,Ukhahlamba,Eastern Cape,ZA,
1143608,Eastern Cape,Venterstad,Eastern Cape,ZA,
1304609,Eastern Cape,Graaff-Reinet,Eastern Cape,ZA,
1415764,Eastern Cape,,Eastern Cape,ZA,
1420186,Eastern Cape,,Eastern Cape,ZA,
868561,Free State,Wepener,Free State,ZA,
922673,Free State,Maluti-A-Phofung,Free State,ZA,
1130472,Free State,,Free State,ZA,
1130488,Free State,,Free State,ZA,
1130489,Free State,Maluti-A-Phofung,Free State,ZA,
1130490,Free State,Maluti-A-Phofung,Free State,ZA,
1130491,Free State,Maluti-A-Phofung,Free State,ZA,
1130694,Free State,Maluti-A-Phofung,Free State,ZA,
1130695,Free State,Maluti-A-Phofung,Free State,ZA,
1134100,Free State,Thabo Mofutsanyane,Free State,ZA,
1134120,Free State,,Free State,ZA,
1134120,Free State,,Free State,ZA,
1134121,Free State,Xhariep,Free State,ZA,
1134122,Free State,,Free State,ZA,
1134124,Free State,Xhariep,Free State,ZA,
1134125,Free State,Xhariep,Free State,ZA,
1134126,Free State,Xhariep,Free State,ZA,
1134126,Free State,Xhariep,Free State,ZA,
1134127,Free State,Thabo Mofutsanyane,Free State,ZA,
1134138,Free State,Thabo Mofutsanyane,Free State,ZA,
1134176,Free State,,Free State,ZA,
1134194,Free State,,Free State,ZA,
1142822,Free State,Mangaung,Free State,ZA,
1142839,Free State,Thabo Mofutsanyana,Free State,ZA,
1142840,Free State,Thabo Mofutsanyana,Free State,ZA,
1142844,Free State,Thabo Mofutsanyana,Free State,ZA,
1143559,Free State,Rouxville,Free State,ZA,
1143834,Free State,Senekal,Free State,ZA,
1143835,Free State,Senekal,Free State,ZA,
1143860,Free State,,Free State,ZA,
1355921,Free State,,Free State,ZA,
1419235,Free State,,Free State,ZA,
1420190,Free State,,Free State,ZA,
368039,KwaZulu-Natal,Bergville,KwaZulu-Natal,ZA,
1130492,KwaZulu-Natal,Bergville,KwaZulu-Natal,ZA,
1130495,KwaZulu-Natal,,KwaZulu-Natal,ZA,
1130496,KwaZulu-Natal,,KwaZulu-Natal,ZA,
1132308,Northern Cape,Pixley ka Seme,Northern Cape,ZA,
1419233,Northern Cape,Fraserburg,Northern Cape,ZA,
1368952,Western Cape,Prince Albert,Western Cape,ZA,
1393307,Western Cape,Beaufort West,Western Cape,ZA,
1393310,Western Cape,Central Karoo,Western Cape,ZA,
1393310,Western Cape,Central Karoo,Western Cape,ZA,
1418497,Western Cape,Central Karoo,Western Cape,ZA,
1419232,Western Cape,Prince Albert,Western Cape,ZA,
1419234,Western Cape,Beaufort West,Western Cape,ZA,
1428417,Western Cape,Prince Albert,Western Cape,ZA,
1428991,Western Cape,,Western Cape,ZA,
896222,Eastern,,Eastern,ZM,
896224,Eastern,,Eastern,ZM,
896257,Eastern,,Eastern,ZM,
