,genus,county,state,occurrence_no,age_max,age_min,cc
10,Diictodon,Beaufort West,Western Cape,229267,259.51,254.14,ZA
11,Diictodon,Beaufort West,Western Cape,229267,259.51,254.14,ZA
12,Diictodon,Beaufort West,Western Cape,229267,259.51,254.14,ZA
13,Diictodon,Beaufort West,Western Cape,229267,259.51,254.14,ZA
14,Diictodon,Beaufort West,Western Cape,229267,259.51,254.14,ZA
15,Diictodon,Beaufort West,Western Cape,229267,259.51,254.14,ZA
16,Diictodon,Beaufort West,Western Cape,229267,259.51,254.14,ZA
17,Diictodon,Beaufort West,Western Cape,229267,259.51,254.14,ZA
18,Diictodon,Beaufort West,Western Cape,229267,259.51,254.14,ZA
19,Diictodon,Beaufort West,Western Cape,229267,259.51,254.14,ZA
20,Diictodon,Beaufort West,Western Cape,229267,259.51,254.14,ZA
21,Diictodon,Beaufort West,Western Cape,229267,259.51,254.14,ZA
44,Elph,Kotlas,Arkhangelsk,293591,264.28,256.8,RU
45,Elph,Kotlas,Arkhangelsk,293591,264.28,256.8,RU
130,Moghreberia,,Marrakech,366211,237.0,201.4,MA
131,Moghreberia,,Marrakech,366211,237.0,201.4,MA
132,Ischigualastia,,San Juan,366442,237.0,227.0,AR
133,Ischigualastia,,San Juan,366442,237.0,227.0,AR
134,Ischigualastia,,San Juan,366442,237.0,227.0,AR
135,Ischigualastia,,San Juan,366442,237.0,227.0,AR
136,Ischigualastia,,San Juan,366442,237.0,227.0,AR
139,Ophiacodon,Rio Arriba,New Mexico,367591,303.7,298.9,US
140,Ophiacodon,Rio Arriba,New Mexico,367591,303.7,298.9,US
141,Ophiacodon,Rio Arriba,New Mexico,367591,303.7,298.9,US
142,Ophiacodon,Rio Arriba,New Mexico,367591,303.7,298.9,US
143,Ophiacodon,Rio Arriba,New Mexico,367591,303.7,298.9,US
144,Ophiacodon,Rio Arriba,New Mexico,367591,303.7,298.9,US
145,Ophiacodon,Rio Arriba,New Mexico,367591,303.7,298.9,US
146,Ophiacodon,Rio Arriba,New Mexico,367591,303.7,298.9,US
147,Ophiacodon,Rio Arriba,New Mexico,367591,303.7,298.9,US
180,Exaeretodon,Valle Fert√É¬≠l,San Juan,518728,237.0,227.0,AR
181,Exaeretodon,Valle Fert√É¬≠l,San Juan,518728,237.0,227.0,AR
182,Exaeretodon,Valle Fert√É¬≠l,San Juan,518728,237.0,227.0,AR
202,Varanops,Comanche,Oklahoma,629486,290.1,283.5,US
203,Varanops,Comanche,Oklahoma,629486,290.1,283.5,US
204,Varanops,Comanche,Oklahoma,629486,290.1,283.5,US
231,Angelosaurus,Knox,Texas,753220,283.5,266.9,US
232,Angelosaurus,Knox,Texas,753220,283.5,266.9,US
233,Ennatosaurus,,Arkhangelsk,753583,273.01,264.28,RU
234,Ennatosaurus,,Arkhangelsk,753583,273.01,264.28,RU
235,Ennatosaurus,,Arkhangelsk,753583,273.01,264.28,RU
236,Ennatosaurus,,Arkhangelsk,753583,273.01,264.28,RU
237,Ennatosaurus,,Arkhangelsk,753583,273.01,264.28,RU
262,Oedaleops,Rio Arriba,New Mexico,787182,303.7,286.1,US
263,Oedaleops,Rio Arriba,New Mexico,787182,303.7,286.1,US
264,Oedaleops,Rio Arriba,New Mexico,787182,303.7,286.1,US
265,Oedaleops,Rio Arriba,New Mexico,787182,303.7,286.1,US
266,Aerosaurus,Rio Arriba,New Mexico,787183,303.7,286.1,US
267,Aerosaurus,Rio Arriba,New Mexico,787183,303.7,286.1,US
268,Aerosaurus,Rio Arriba,New Mexico,787183,303.7,286.1,US
269,Endothiodon,Adilabad,Andhra Pradesh,787279,259.51,254.14,IN
270,Endothiodon,Adilabad,Andhra Pradesh,787279,259.51,254.14,IN
271,Endothiodon,Adilabad,Andhra Pradesh,787279,259.51,254.14,IN
272,Endothiodon,Adilabad,Andhra Pradesh,787279,259.51,254.14,IN
273,Endothiodon,Adilabad,Andhra Pradesh,787279,259.51,254.14,IN
274,Endothiodon,Adilabad,Andhra Pradesh,787279,259.51,254.14,IN
275,Endothiodon,Adilabad,Andhra Pradesh,787279,259.51,254.14,IN
276,Endothiodon,Adilabad,Andhra Pradesh,787279,259.51,254.14,IN
277,Endothiodon,Adilabad,Andhra Pradesh,787279,259.51,254.14,IN
278,Endothiodon,Adilabad,Andhra Pradesh,787279,259.51,254.14,IN
279,Endothiodon,Adilabad,Andhra Pradesh,787279,259.51,254.14,IN
280,Endothiodon,Adilabad,Andhra Pradesh,787279,259.51,254.14,IN
281,Endothiodon,Adilabad,Andhra Pradesh,787279,259.51,254.14,IN
282,Endothiodon,Adilabad,Andhra Pradesh,787279,259.51,254.14,IN
283,Endothiodon,Adilabad,Andhra Pradesh,787279,259.51,254.14,IN
284,Endothiodon,Adilabad,Andhra Pradesh,787279,259.51,254.14,IN
285,Endothiodon,Adilabad,Andhra Pradesh,787279,259.51,254.14,IN
286,Endothiodon,Adilabad,Andhra Pradesh,787279,259.51,254.14,IN
287,Endothiodon,Adilabad,Andhra Pradesh,787279,259.51,254.14,IN
288,Endothiodon,Adilabad,Andhra Pradesh,787279,259.51,254.14,IN
289,Endothiodon,Adilabad,Andhra Pradesh,787279,259.51,254.14,IN
290,Endothiodon,Adilabad,Andhra Pradesh,787279,259.51,254.14,IN
291,Endothiodon,Adilabad,Andhra Pradesh,787279,259.51,254.14,IN
292,Endothiodon,Adilabad,Andhra Pradesh,787279,259.51,254.14,IN
293,Endothiodon,Adilabad,Andhra Pradesh,787279,259.51,254.14,IN
294,Endothiodon,Adilabad,Andhra Pradesh,787279,259.51,254.14,IN
295,Endothiodon,Adilabad,Andhra Pradesh,787279,259.51,254.14,IN
296,Endothiodon,Adilabad,Andhra Pradesh,787279,259.51,254.14,IN
297,Endothiodon,Adilabad,Andhra Pradesh,787279,259.51,254.14,IN
298,Endothiodon,Adilabad,Andhra Pradesh,787279,259.51,254.14,IN
299,Endothiodon,Adilabad,Andhra Pradesh,787280,259.51,254.14,IN
300,Endothiodon,Adilabad,Andhra Pradesh,787280,259.51,254.14,IN
301,Endothiodon,Adilabad,Andhra Pradesh,787280,259.51,254.14,IN
302,Endothiodon,Adilabad,Andhra Pradesh,787280,259.51,254.14,IN
303,Endothiodon,Adilabad,Andhra Pradesh,787280,259.51,254.14,IN
304,Endothiodon,Adilabad,Andhra Pradesh,787280,259.51,254.14,IN
308,Sauroscaptor,Adilabad,Andhra Pradesh,787284,259.51,254.14,IN
309,Sauroscaptor,Adilabad,Andhra Pradesh,787284,259.51,254.14,IN
310,Sauroscaptor,Adilabad,Andhra Pradesh,787284,259.51,254.14,IN
311,Sauroscaptor,Adilabad,Andhra Pradesh,787284,259.51,254.14,IN
312,Pristerodon,Adilabad,Andhra Pradesh,787285,259.51,254.14,IN
313,Pristerodon,Adilabad,Andhra Pradesh,787285,259.51,254.14,IN
314,Pristerodon,Adilabad,Andhra Pradesh,787285,259.51,254.14,IN
315,Pristerodon,Adilabad,Andhra Pradesh,787285,259.51,254.14,IN
316,Pristerodon,Adilabad,Andhra Pradesh,787285,259.51,254.14,IN
323,Mycterosaurus,Baylor,Texas,787993,290.1,273.01,US
324,Mycterosaurus,Baylor,Texas,787993,290.1,273.01,US
325,Cotylorhynchus,Knox,Texas,788180,283.5,266.9,US
326,Cotylorhynchus,Knox,Texas,788180,283.5,266.9,US
327,Cotylorhynchus,Knox,Texas,788180,283.5,266.9,US
328,Cotylorhynchus,Knox,Texas,788180,283.5,266.9,US
329,Cotylorhynchus,Knox,Texas,788180,283.5,266.9,US
330,Cotylorhynchus,Knox,Texas,788180,283.5,266.9,US
331,Cotylorhynchus,Knox,Texas,788180,283.5,266.9,US
332,Cotylorhynchus,Knox,Texas,788180,283.5,266.9,US
333,Cotylorhynchus,Knox,Texas,788180,283.5,266.9,US
334,Cotylorhynchus,Knox,Texas,788180,283.5,266.9,US
335,Cotylorhynchus,Knox,Texas,788180,283.5,266.9,US
336,Cotylorhynchus,Knox,Texas,788180,283.5,266.9,US
337,Cotylorhynchus,Knox,Texas,788180,283.5,266.9,US
338,Cotylorhynchus,Knox,Texas,788180,283.5,266.9,US
339,Cotylorhynchus,Knox,Texas,788180,283.5,266.9,US
340,Gorgodon,Knox,Texas,788182,283.5,266.9,US
341,Gorgodon,Knox,Texas,788182,283.5,266.9,US
342,Knoxosaurus,Knox,Texas,788184,283.5,266.9,US
343,Knoxosaurus,Knox,Texas,788184,283.5,266.9,US
346,Angelosaurus,Knox,Texas,788190,283.5,266.9,US
347,Angelosaurus,Knox,Texas,788190,283.5,266.9,US
349,Caseoides,Knox,Texas,788192,283.5,266.9,US
350,Caseoides,Knox,Texas,788192,283.5,266.9,US
352,Cotylorhynchus,Hardeman,Texas,788196,283.5,266.9,US
353,Cotylorhynchus,Hardeman,Texas,788196,283.5,266.9,US
354,Cotylorhynchus,Hardeman,Texas,788196,283.5,266.9,US
355,Cotylorhynchus,Hardeman,Texas,788196,283.5,266.9,US
358,Cotylorhynchus,Knox,Texas,788199,283.5,266.9,US
359,Cotylorhynchus,Knox,Texas,788199,283.5,266.9,US
360,Cotylorhynchus,Knox,Texas,788199,283.5,266.9,US
361,Cotylorhynchus,Knox,Texas,788199,283.5,266.9,US
370,Cotylorhynchus,Knox,Texas,788509,283.5,266.9,US
371,Cotylorhynchus,Knox,Texas,788509,283.5,266.9,US
372,Cotylorhynchus,Knox,Texas,788509,283.5,266.9,US
374,Cotylorhynchus,Knox,Texas,788517,283.5,266.9,US
375,Cotylorhynchus,Knox,Texas,788517,283.5,266.9,US
378,Dimacrodon,Hardeman,Texas,788527,283.5,266.9,US
379,Dimacrodon,Hardeman,Texas,788527,283.5,266.9,US
380,Dimacrodon,Hardeman,Texas,788527,283.5,266.9,US
381,Cotylorhynchus,Knox,Texas,788965,283.5,266.9,US
382,Cotylorhynchus,Knox,Texas,788965,283.5,266.9,US
383,Cotylorhynchus,Knox,Texas,788965,283.5,266.9,US
393,Ophiacodon,Rio Arriba,New Mexico,789382,298.9,286.1,US
394,Ophiacodon,Rio Arriba,New Mexico,789382,298.9,286.1,US
397,Sinophoneus,,Gansu,789658,273.01,266.9,CN
398,Sinophoneus,,Gansu,789658,273.01,266.9,CN
399,Sinophoneus,,Gansu,789658,273.01,266.9,CN
400,Sinophoneus,,Gansu,789658,273.01,266.9,CN
401,Biseridens,,Gansu,789659,273.01,266.9,CN
402,Biseridens,,Gansu,789659,273.01,266.9,CN
403,Biseridens,,Gansu,789659,273.01,266.9,CN
404,Varanosaurus,Baylor,Texas,789745,283.5,273.01,US
405,Varanosaurus,Baylor,Texas,789745,283.5,273.01,US
413,Ianthasaurus,Anderson,Kansas,789940,305.9,303.7,US
414,Ianthasaurus,Anderson,Kansas,789940,305.9,303.7,US
415,Ianthasaurus,Anderson,Kansas,789940,305.9,303.7,US
416,Ianthasaurus,Anderson,Kansas,789940,305.9,303.7,US
417,Ianthasaurus,Anderson,Kansas,789940,305.9,303.7,US
419,Ophiacodon,Archer,Texas,789971,298.9,286.1,US
420,Ophiacodon,Archer,Texas,789971,298.9,286.1,US
422,Haptodus,Wei√É¬üeritzkreis,Saxony,789977,298.9,293.52,DE
423,Haptodus,Wei√É¬üeritzkreis,Saxony,789977,298.9,293.52,DE
424,Haptodus,Wei√É¬üeritzkreis,Saxony,789977,298.9,293.52,DE
425,Haptodus,Wei√É¬üeritzkreis,Saxony,789977,298.9,293.52,DE
426,Haptodus,Wei√É¬üeritzkreis,Saxony,789977,298.9,293.52,DE
427,Haptodus,Wei√É¬üeritzkreis,Saxony,789977,298.9,293.52,DE
471,Archaeothyris,Jefferson,Ohio,791558,309.8,307.4,US
472,Archaeothyris,Jefferson,Ohio,791558,309.8,307.4,US
473,Ophiacodon,Archer,Texas,791563,290.1,283.5,US
474,Ophiacodon,Archer,Texas,791563,290.1,283.5,US
489,Casea,Knox,Texas,794392,283.5,273.01,US
490,Casea,Knox,Texas,794392,283.5,273.01,US
494,Diictodon,Beaufort West,Western Cape,794751,259.51,254.14,ZA
495,Diictodon,Beaufort West,Western Cape,794751,259.51,254.14,ZA
496,Diictodon,Beaufort West,Western Cape,794751,259.51,254.14,ZA
497,Diictodon,Beaufort West,Western Cape,794751,259.51,254.14,ZA
498,Diictodon,Beaufort West,Western Cape,794751,259.51,254.14,ZA
499,Diictodon,Beaufort West,Western Cape,794751,259.51,254.14,ZA
500,Diictodon,Beaufort West,Western Cape,794751,259.51,254.14,ZA
501,Diictodon,Beaufort West,Western Cape,794751,259.51,254.14,ZA
502,Diictodon,Beaufort West,Western Cape,794751,259.51,254.14,ZA
503,Diictodon,Beaufort West,Western Cape,794751,259.51,254.14,ZA
504,Diictodon,Beaufort West,Western Cape,794751,259.51,254.14,ZA
505,Diictodon,Beaufort West,Western Cape,794751,259.51,254.14,ZA
506,Diictodon,Beaufort West,Western Cape,794751,259.51,254.14,ZA
507,Diictodon,Beaufort West,Western Cape,794751,259.51,254.14,ZA
508,Diictodon,Beaufort West,Western Cape,794751,259.51,254.14,ZA
512,Diictodon,Beaufort West,Western Cape,794757,259.51,254.14,ZA
513,Diictodon,Beaufort West,Western Cape,794757,259.51,254.14,ZA
515,Diictodon,Beaufort West,Western Cape,794773,259.51,254.14,ZA
516,Diictodon,Beaufort West,Western Cape,794773,259.51,254.14,ZA
517,Diictodon,Beaufort West,Western Cape,794773,259.51,254.14,ZA
518,Diictodon,Beaufort West,Western Cape,794773,259.51,254.14,ZA
523,Diictodon,Beaufort West,Western Cape,794789,259.51,254.14,ZA
524,Diictodon,Beaufort West,Western Cape,794789,259.51,254.14,ZA
525,Diictodon,Beaufort West,Western Cape,794789,259.51,254.14,ZA
526,Diictodon,Beaufort West,Western Cape,794789,259.51,254.14,ZA
531,Diictodon,Beaufort West,Western Cape,794881,259.51,254.14,ZA
532,Diictodon,Beaufort West,Western Cape,794881,259.51,254.14,ZA
533,Diictodon,Beaufort West,Western Cape,794881,259.51,254.14,ZA
534,Diictodon,Beaufort West,Western Cape,794881,259.51,254.14,ZA
535,Diictodon,Beaufort West,Western Cape,794881,259.51,254.14,ZA
536,Diictodon,Beaufort West,Western Cape,794881,259.51,254.14,ZA
537,Diictodon,Beaufort West,Western Cape,794881,259.51,254.14,ZA
538,Diictodon,Beaufort West,Western Cape,794881,259.51,254.14,ZA
539,Diictodon,Beaufort West,Western Cape,794881,259.51,254.14,ZA
540,Diictodon,Beaufort West,Western Cape,794881,259.51,254.14,ZA
541,Diictodon,Beaufort West,Western Cape,794881,259.51,254.14,ZA
542,Diictodon,Beaufort West,Western Cape,794881,259.51,254.14,ZA
543,Diictodon,Beaufort West,Western Cape,794881,259.51,254.14,ZA
544,Diictodon,Beaufort West,Western Cape,794881,259.51,254.14,ZA
545,Diictodon,Beaufort West,Western Cape,794881,259.51,254.14,ZA
547,Diictodon,Beaufort West,Western Cape,794884,259.51,254.14,ZA
548,Diictodon,Beaufort West,Western Cape,794884,259.51,254.14,ZA
549,Diictodon,Beaufort West,Western Cape,794884,259.51,254.14,ZA
550,Diictodon,Beaufort West,Western Cape,794884,259.51,254.14,ZA
551,Diictodon,Beaufort West,Western Cape,794884,259.51,254.14,ZA
552,Diictodon,Beaufort West,Western Cape,794884,259.51,254.14,ZA
553,Diictodon,Beaufort West,Western Cape,794886,259.51,254.14,ZA
554,Diictodon,Beaufort West,Western Cape,794886,259.51,254.14,ZA
555,Diictodon,Beaufort West,Western Cape,794886,259.51,254.14,ZA
556,Diictodon,Beaufort West,Western Cape,794886,259.51,254.14,ZA
557,Diictodon,Beaufort West,Western Cape,794886,259.51,254.14,ZA
558,Diictodon,Beaufort West,Western Cape,794886,259.51,254.14,ZA
559,Diictodon,Beaufort West,Western Cape,794886,259.51,254.14,ZA
560,Diictodon,Beaufort West,Western Cape,794886,259.51,254.14,ZA
561,Diictodon,Beaufort West,Western Cape,794886,259.51,254.14,ZA
562,Diictodon,Beaufort West,Western Cape,794886,259.51,254.14,ZA
563,Diictodon,Beaufort West,Western Cape,794886,259.51,254.14,ZA
564,Diictodon,Beaufort West,Western Cape,794886,259.51,254.14,ZA
565,Diictodon,Beaufort West,Western Cape,794886,259.51,254.14,ZA
566,Diictodon,Beaufort West,Western Cape,794886,259.51,254.14,ZA
567,Diictodon,Beaufort West,Western Cape,794886,259.51,254.14,ZA
568,Diictodon,Beaufort West,Western Cape,794886,259.51,254.14,ZA
569,Diictodon,Beaufort West,Western Cape,794886,259.51,254.14,ZA
570,Diictodon,Beaufort West,Western Cape,794886,259.51,254.14,ZA
571,Diictodon,Beaufort West,Western Cape,794886,259.51,254.14,ZA
572,Diictodon,Beaufort West,Western Cape,794886,259.51,254.14,ZA
573,Diictodon,Beaufort West,Western Cape,794886,259.51,254.14,ZA
574,Diictodon,Beaufort West,Western Cape,794886,259.51,254.14,ZA
576,Oudenodon,Beaufort West,Western Cape,794888,259.51,254.14,ZA
577,Oudenodon,Beaufort West,Western Cape,794888,259.51,254.14,ZA
578,Oudenodon,Beaufort West,Western Cape,794888,259.51,254.14,ZA
579,Oudenodon,Beaufort West,Western Cape,794888,259.51,254.14,ZA
580,Oudenodon,Beaufort West,Western Cape,794888,259.51,254.14,ZA
585,Diictodon,Beaufort West,Western Cape,794894,259.51,254.14,ZA
586,Diictodon,Beaufort West,Western Cape,794894,259.51,254.14,ZA
587,Diictodon,Beaufort West,Western Cape,794894,259.51,254.14,ZA
588,Diictodon,Beaufort West,Western Cape,794894,259.51,254.14,ZA
589,Diictodon,Beaufort West,Western Cape,794894,259.51,254.14,ZA
590,Diictodon,Beaufort West,Western Cape,794894,259.51,254.14,ZA
591,Diictodon,Beaufort West,Western Cape,794894,259.51,254.14,ZA
594,Diictodon,Beaufort West,Western Cape,794898,259.51,254.14,ZA
595,Diictodon,Beaufort West,Western Cape,794898,259.51,254.14,ZA
596,Diictodon,Beaufort West,Western Cape,794898,259.51,254.14,ZA
597,Diictodon,Beaufort West,Western Cape,794898,259.51,254.14,ZA
598,Diictodon,Beaufort West,Western Cape,794899,259.51,254.14,ZA
599,Diictodon,Beaufort West,Western Cape,794899,259.51,254.14,ZA
600,Diictodon,Beaufort West,Western Cape,794899,259.51,254.14,ZA
601,Diictodon,Beaufort West,Western Cape,794899,259.51,254.14,ZA
602,Diictodon,Beaufort West,Western Cape,794899,259.51,254.14,ZA
613,Mesenosaurus,Mezen',Arkhangelsk,797626,273.01,264.28,RU
614,Mesenosaurus,Mezen',Arkhangelsk,797626,273.01,264.28,RU
615,Mesenosaurus,Mezen',Arkhangelsk,797626,273.01,264.28,RU
616,Mesenosaurus,Mezen',Arkhangelsk,797626,273.01,264.28,RU
617,Mesenosaurus,Mezen',Arkhangelsk,797626,273.01,264.28,RU
618,Mesenosaurus,Mezen',Arkhangelsk,797626,273.01,264.28,RU
619,Mesenosaurus,Leshukonskoe,Arkhangelsk,797634,273.01,264.28,RU
620,Mesenosaurus,Leshukonskoe,Arkhangelsk,797634,273.01,264.28,RU
621,Mesenosaurus,Leshukonskoe,Arkhangelsk,797634,273.01,264.28,RU
622,Mesenosaurus,Leshukonskoe,Arkhangelsk,797634,273.01,264.28,RU
623,Mesenosaurus,Leshukonskoe,Arkhangelsk,797634,273.01,264.28,RU
624,Mesenosaurus,Leshukonskoe,Arkhangelsk,797634,273.01,264.28,RU
625,Mesenosaurus,Leshukonskoe,Arkhangelsk,797634,273.01,264.28,RU
626,Mesenosaurus,Leshukonskoe,Arkhangelsk,797634,273.01,264.28,RU
627,Mesenosaurus,Leshukonskoe,Arkhangelsk,797634,273.01,264.28,RU
628,Mesenosaurus,Leshukonskoe,Arkhangelsk,797634,273.01,264.28,RU
629,Mesenosaurus,Leshukonskoe,Arkhangelsk,797634,273.01,264.28,RU
630,Mesenosaurus,Leshukonskoe,Arkhangelsk,797634,273.01,264.28,RU
636,Biarmosuchus,Ocher,Perm,800149,266.9,264.28,RU
637,Biarmosuchus,Ocher,Perm,800149,266.9,264.28,RU
638,Biarmosuchus,Ocher,Perm,800149,266.9,264.28,RU
642,Thrinaxodon,Maluti-A-Phofung,Free State,807686,251.902,247.2,ZA
643,Thrinaxodon,Maluti-A-Phofung,Free State,807686,251.902,247.2,ZA
644,Thrinaxodon,Maluti-A-Phofung,Free State,807686,251.902,247.2,ZA
645,Thrinaxodon,Maluti-A-Phofung,Free State,807686,251.902,247.2,ZA
646,Thrinaxodon,Maluti-A-Phofung,Free State,807686,251.902,247.2,ZA
647,Thrinaxodon,Maluti-A-Phofung,Free State,807686,251.902,247.2,ZA
648,Thrinaxodon,Maluti-A-Phofung,Free State,807686,251.902,247.2,ZA
649,Thrinaxodon,Maluti-A-Phofung,Free State,807686,251.902,247.2,ZA
650,Thrinaxodon,Maluti-A-Phofung,Free State,807686,251.902,247.2,ZA
651,Thrinaxodon,Maluti-A-Phofung,Free State,807686,251.902,247.2,ZA
652,Thrinaxodon,Maluti-A-Phofung,Free State,807686,251.902,247.2,ZA
653,Thrinaxodon,Maluti-A-Phofung,Free State,807686,251.902,247.2,ZA
654,Thrinaxodon,Maluti-A-Phofung,Free State,807686,251.902,247.2,ZA
655,Thrinaxodon,Maluti-A-Phofung,Free State,807686,251.902,247.2,ZA
656,Thrinaxodon,Maluti-A-Phofung,Free State,807686,251.902,247.2,ZA
657,Thrinaxodon,Maluti-A-Phofung,Free State,807686,251.902,247.2,ZA
658,Thrinaxodon,Maluti-A-Phofung,Free State,807686,251.902,247.2,ZA
659,Thrinaxodon,Maluti-A-Phofung,Free State,807686,251.902,247.2,ZA
660,Thrinaxodon,Maluti-A-Phofung,Free State,807686,251.902,247.2,ZA
661,Thrinaxodon,Maluti-A-Phofung,Free State,807686,251.902,247.2,ZA
662,Thrinaxodon,Maluti-A-Phofung,Free State,807686,251.902,247.2,ZA
663,Thrinaxodon,Maluti-A-Phofung,Free State,807686,251.902,247.2,ZA
664,Thrinaxodon,Maluti-A-Phofung,Free State,807686,251.902,247.2,ZA
665,Thrinaxodon,Maluti-A-Phofung,Free State,807686,251.902,247.2,ZA
666,Thrinaxodon,Maluti-A-Phofung,Free State,807686,251.902,247.2,ZA
667,Thrinaxodon,Maluti-A-Phofung,Free State,807686,251.902,247.2,ZA
668,Thrinaxodon,Maluti-A-Phofung,Free State,807686,251.902,247.2,ZA
669,Thrinaxodon,Maluti-A-Phofung,Free State,807686,251.902,247.2,ZA
670,Thrinaxodon,Maluti-A-Phofung,Free State,807686,251.902,247.2,ZA
671,Thrinaxodon,Maluti-A-Phofung,Free State,807686,251.902,247.2,ZA
673,Thrinaxodon,Kopanong,Free State,807747,251.902,247.2,ZA
674,Thrinaxodon,Kopanong,Free State,807747,251.902,247.2,ZA
675,Thrinaxodon,Kopanong,Free State,807747,251.902,247.2,ZA
676,Thrinaxodon,Kopanong,Free State,807747,251.902,247.2,ZA
677,Thrinaxodon,Kopanong,Free State,807747,251.902,247.2,ZA
678,Thrinaxodon,Kopanong,Free State,807747,251.902,247.2,ZA
682,Microvaranops,Karoo Hoogland,Northern Cape,814160,264.28,259.51,ZA
683,Microvaranops,Karoo Hoogland,Northern Cape,814160,264.28,259.51,ZA
684,Microvaranops,Karoo Hoogland,Northern Cape,814160,264.28,259.51,ZA
685,Microvaranops,Karoo Hoogland,Northern Cape,814160,264.28,259.51,ZA
686,Microvaranops,Karoo Hoogland,Northern Cape,814160,264.28,259.51,ZA
725,Lanthanostegus,Ikwezi,Eastern Cape,851017,264.28,259.51,ZA
726,Lanthanostegus,Ikwezi,Eastern Cape,851017,264.28,259.51,ZA
740,Menadon,,Toliara,868182,242.0,227.0,MG
741,Menadon,,Toliara,868182,242.0,227.0,MG
742,Dadadon,,Toliara,868183,242.0,227.0,MG
743,Dadadon,,Toliara,868183,242.0,227.0,MG
755,Pascualgnathus,,Mendoza,891052,237.0,227.0,AR
756,Pascualgnathus,,Mendoza,891052,237.0,227.0,AR
757,Pascualgnathus,,Mendoza,891052,237.0,227.0,AR
758,Pascualgnathus,,Mendoza,891052,237.0,227.0,AR
764,Langbergia,Senekal,Free State,891096,251.2,247.2,ZA
765,Langbergia,Senekal,Free State,891096,251.2,247.2,ZA
806,Luangwa,,Eastern,896220,247.2,242.0,ZM
807,Luangwa,,Eastern,896220,247.2,242.0,ZM
808,Luangwa,,Eastern,896220,247.2,242.0,ZM
820,Dolichuranus,,,896364,247.2,242.0,
821,Dolichuranus,,,896364,247.2,242.0,
822,Dolichuranus,,,896364,247.2,242.0,
823,Dolichuranus,,,896364,247.2,242.0,
824,Dolichuranus,,,896364,247.2,242.0,
825,Dolichuranus,,,896364,247.2,242.0,
826,Dolichuranus,,,896364,247.2,242.0,
833,Luangwa,,,897136,247.2,237.0,
834,Luangwa,,,897136,247.2,237.0,
835,Luangwa,,,897136,247.2,237.0,
844,Shansiodon,,Shanxi,902402,247.2,242.0,CN
845,Shansiodon,,Shanxi,902402,247.2,242.0,CN
868,Brasilodon,Faxinal do Soturno County,Rio Grande do Sul,907133,227.0,208.5,BR
869,Brasilodon,Faxinal do Soturno County,Rio Grande do Sul,907133,227.0,208.5,BR
870,Brasilodon,Faxinal do Soturno County,Rio Grande do Sul,907133,227.0,208.5,BR
871,Brasilitherium,Faxinal do Soturno County,Rio Grande do Sul,907152,227.0,208.5,BR
872,Brasilitherium,Faxinal do Soturno County,Rio Grande do Sul,907152,227.0,208.5,BR
873,Brasilitherium,Faxinal do Soturno County,Rio Grande do Sul,907152,227.0,208.5,BR
874,Brasilitherium,Faxinal do Soturno County,Rio Grande do Sul,907152,227.0,208.5,BR
875,Brasilitherium,Faxinal do Soturno County,Rio Grande do Sul,907152,227.0,208.5,BR
876,Brasilitherium,Faxinal do Soturno County,Rio Grande do Sul,907152,227.0,208.5,BR
877,Riograndia,Faxinal do Soturno County,Rio Grande do Sul,907153,227.0,208.5,BR
878,Riograndia,Faxinal do Soturno County,Rio Grande do Sul,907153,227.0,208.5,BR
879,Riograndia,Faxinal do Soturno County,Rio Grande do Sul,907153,227.0,208.5,BR
880,Riograndia,Faxinal do Soturno County,Rio Grande do Sul,907153,227.0,208.5,BR
881,Riograndia,Faxinal do Soturno County,Rio Grande do Sul,907153,227.0,208.5,BR
882,Riograndia,Faxinal do Soturno County,Rio Grande do Sul,907153,227.0,208.5,BR
883,Riograndia,Faxinal do Soturno County,Rio Grande do Sul,907153,227.0,208.5,BR
888,Vinceria,,Mendoza,920921,247.2,242.0,AR
889,Vinceria,,Mendoza,920921,247.2,242.0,AR
890,Vinceria,,Mendoza,920921,247.2,242.0,AR
894,Cricodon,Sterkstroom,Eastern Cape,921144,247.2,242.0,ZA
895,Cricodon,Sterkstroom,Eastern Cape,921144,247.2,242.0,ZA
896,Cricodon,Sterkstroom,Eastern Cape,921144,247.2,242.0,ZA
897,Cricodon,Sterkstroom,Eastern Cape,921144,247.2,242.0,ZA
920,Chiniquodon,,Rio Grande do Sul,922131,242.0,237.0,BR
921,Chiniquodon,,Rio Grande do Sul,922131,242.0,237.0,BR
926,Myosaurus,,,922660,251.902,247.2,AA
927,Myosaurus,,,922660,251.902,247.2,AA
928,Myosaurus,Maluti-A-Phofung,Free State,922661,251.902,247.2,ZA
929,Myosaurus,Maluti-A-Phofung,Free State,922661,251.902,247.2,ZA
930,Myosaurus,Maluti-A-Phofung,Free State,922661,251.902,247.2,ZA
931,Myosaurus,Maluti-A-Phofung,Free State,922661,251.902,247.2,ZA
932,Myosaurus,Maluti-A-Phofung,Free State,922661,251.902,247.2,ZA
933,Myosaurus,Maluti-A-Phofung,Free State,922661,251.902,247.2,ZA
934,Myosaurus,Maluti-A-Phofung,Free State,922661,251.902,247.2,ZA
935,Myosaurus,Maluti-A-Phofung,Free State,922661,251.902,247.2,ZA
936,Myosaurus,Maluti-A-Phofung,Free State,922661,251.902,247.2,ZA
937,Myosaurus,Maluti-A-Phofung,Free State,922661,251.902,247.2,ZA
938,Platycraniellus,Maluti-A-Phofung,Free State,922662,251.902,247.2,ZA
939,Platycraniellus,Maluti-A-Phofung,Free State,922662,251.902,247.2,ZA
960,Thrinaxodon,,Free State,922704,251.902,247.2,ZA
961,Thrinaxodon,,Free State,922704,251.902,247.2,ZA
962,Thrinaxodon,,Free State,922704,251.902,247.2,ZA
963,Thrinaxodon,,Free State,922704,251.902,247.2,ZA
985,Riograndia,,Rio Grande do Sul,923079,227.0,208.5,BR
986,Riograndia,,Rio Grande do Sul,923079,227.0,208.5,BR
987,Riograndia,,Rio Grande do Sul,923079,227.0,208.5,BR
988,Riograndia,,Rio Grande do Sul,923079,227.0,208.5,BR
989,Riograndia,,Rio Grande do Sul,923079,227.0,208.5,BR
993,Haramiyavia,,East Greenland,923120,208.5,201.4,GL
994,Haramiyavia,,East Greenland,923120,208.5,201.4,GL
1001,Kombuisia,,Eastern Cape,923780,247.2,242.0,ZA
1002,Kombuisia,,Eastern Cape,923780,247.2,242.0,ZA
1009,Scalenodontoides,,Mohale's Hoek,923797,227.0,201.4,LS
1010,Scalenodontoides,,Mohale's Hoek,923797,227.0,201.4,LS
1011,Scalenodontoides,Sterkstroom,Eastern Cape,923799,227.0,201.4,ZA
1012,Scalenodontoides,Sterkstroom,Eastern Cape,923799,227.0,201.4,ZA
1013,Scalenodontoides,Sterkstroom,Eastern Cape,923799,227.0,201.4,ZA
1015,Jachaleria,,Rio Grande do Sul,924731,227.0,208.5,BR
1016,Jachaleria,,Rio Grande do Sul,924731,227.0,208.5,BR
1017,Jachaleria,,Rio Grande do Sul,924731,227.0,208.5,BR
1018,Jachaleria,,Rio Grande do Sul,924731,227.0,208.5,BR
1059,Kannemeyeria,Ukhahlamba,Eastern Cape,986759,247.2,242.0,ZA
1060,Kannemeyeria,Ukhahlamba,Eastern Cape,986759,247.2,242.0,ZA
1064,Australobarbarus,Kotel√¢¬Ä¬ônichskii,Kirov,992442,264.28,259.51,RU
1065,Australobarbarus,Kotel√¢¬Ä¬ônichskii,Kirov,992442,264.28,259.51,RU
1067,Suminia,Kotelnich,Kirov,992444,264.28,259.51,RU
1068,Suminia,Kotelnich,Kirov,992444,264.28,259.51,RU
1069,Suminia,Kotelnich,Kirov,992444,264.28,259.51,RU
1070,Suminia,Kotelnich,Kirov,992444,264.28,259.51,RU
1071,Suminia,Kotelnich,Kirov,992444,264.28,259.51,RU
1072,Suminia,Kotelnich,Kirov,992444,264.28,259.51,RU
1073,Suminia,Kotelnich,Kirov,992444,264.28,259.51,RU
1074,Suminia,Kotelnich,Kirov,992444,264.28,259.51,RU
1075,Suminia,Kotelnich,Kirov,992444,264.28,259.51,RU
1076,Suminia,Kotelnich,Kirov,992444,264.28,259.51,RU
1077,Suminia,Kotelnich,Kirov,992444,264.28,259.51,RU
1078,Suminia,Kotelnich,Kirov,992444,264.28,259.51,RU
1079,Suminia,Kotelnich,Kirov,992444,264.28,259.51,RU
1080,Suminia,Kotelnich,Kirov,992444,264.28,259.51,RU
1081,Suminia,Kotelnich,Kirov,992444,264.28,259.51,RU
1089,Galechirus,Victoria West (Ubuntu),Northern Cape,1015065,264.28,259.51,ZA
1090,Galechirus,Victoria West (Ubuntu),Northern Cape,1015065,264.28,259.51,ZA
1113,Lystrosaurus,,West Bengal,1087534,251.902,248.9,IN
1114,Lystrosaurus,,West Bengal,1087534,251.902,248.9,IN
1115,Lystrosaurus,,West Bengal,1087534,251.902,248.9,IN
1118,Lystrosaurus,,West Bengal,1087544,251.902,248.9,IN
1119,Lystrosaurus,,West Bengal,1087544,251.902,248.9,IN
1120,Lystrosaurus,,West Bengal,1087544,251.902,248.9,IN
1121,Lystrosaurus,,West Bengal,1087544,251.902,248.9,IN
1122,Lystrosaurus,,West Bengal,1087544,251.902,248.9,IN
1123,Lystrosaurus,,West Bengal,1087544,251.902,248.9,IN
1124,Lystrosaurus,,West Bengal,1087544,251.902,248.9,IN
1125,Lystrosaurus,,West Bengal,1087544,251.902,248.9,IN
1126,Lystrosaurus,,West Bengal,1087544,251.902,248.9,IN
1127,Lystrosaurus,,West Bengal,1087544,251.902,248.9,IN
1131,Lystrosaurus,,West Bengal,1087554,251.902,248.9,IN
1132,Lystrosaurus,,West Bengal,1087554,251.902,248.9,IN
1133,Lystrosaurus,,West Bengal,1087554,251.902,248.9,IN
1134,Lystrosaurus,,West Bengal,1087554,251.902,248.9,IN
1153,Xiyukannemeyeria,,Xinjiang,1129613,247.2,237.0,CN
1154,Xiyukannemeyeria,,Xinjiang,1129613,247.2,237.0,CN
1155,Xiyukannemeyeria,,Xinjiang,1129613,247.2,237.0,CN
1156,Xiyukannemeyeria,,Xinjiang,1129613,247.2,237.0,CN
1157,Xiyukannemeyeria,,Xinjiang,1129613,247.2,237.0,CN
1158,Xiyukannemeyeria,,Xinjiang,1129613,247.2,237.0,CN
1159,Xiyukannemeyeria,,Xinjiang,1129613,247.2,237.0,CN
1160,Xiyukannemeyeria,,Xinjiang,1129613,247.2,237.0,CN
1161,Xiyukannemeyeria,,Xinjiang,1129613,247.2,237.0,CN
1162,Xiyukannemeyeria,,Xinjiang,1129613,247.2,237.0,CN
1201,Mandagomphodon,,Ruvuma,1220780,247.2,242.0,TZ
1202,Mandagomphodon,,Ruvuma,1220780,247.2,242.0,TZ
1253,Oudenodon,Murraysburg,Western Cape,1304579,259.51,251.902,ZA
1254,Oudenodon,Murraysburg,Western Cape,1304579,259.51,251.902,ZA
1255,Oudenodon,Murraysburg,Western Cape,1304579,259.51,251.902,ZA
1256,Oudenodon,Murraysburg,Western Cape,1304579,259.51,251.902,ZA
1257,Cyonosaurus,Murraysburg,Western Cape,1304580,259.51,251.902,ZA
1258,Cyonosaurus,Murraysburg,Western Cape,1304580,259.51,251.902,ZA
1273,Aulacephalodon,Graaff-Reinet,Eastern Cape,1304606,259.51,254.14,ZA
1274,Aulacephalodon,Graaff-Reinet,Eastern Cape,1304606,259.51,254.14,ZA
1292,Emydops,Victoria West,Northern Cape,1304828,259.51,254.14,ZA
1293,Emydops,Victoria West,Northern Cape,1304828,259.51,254.14,ZA
1294,Emydops,Victoria West,Northern Cape,1304828,259.51,254.14,ZA
1317,Nanictosaurus,Camdeboo,Eastern Cape,1304947,259.51,251.902,ZA
1318,Nanictosaurus,Camdeboo,Eastern Cape,1304947,259.51,251.902,ZA
1321,Cistecephalus,Camdeboo,Eastern Cape,1305342,259.51,254.14,ZA
1322,Cistecephalus,Camdeboo,Eastern Cape,1305342,259.51,254.14,ZA
1323,Cistecephalus,Camdeboo,Eastern Cape,1305342,259.51,254.14,ZA
1324,Cistecephalus,Camdeboo,Eastern Cape,1305342,259.51,254.14,ZA
1348,Cistecephalus,,Eastern Cape,1305470,259.51,254.14,ZA
1349,Cistecephalus,,Eastern Cape,1305470,259.51,254.14,ZA
1350,Cistecephalus,,Eastern Cape,1305470,259.51,254.14,ZA
1351,Cistecephalus,,Eastern Cape,1305470,259.51,254.14,ZA
1352,Cistecephalus,,Eastern Cape,1305470,259.51,254.14,ZA
1353,Cistecephalus,,Eastern Cape,1305470,259.51,254.14,ZA
1354,Cistecephalus,,Eastern Cape,1305470,259.51,254.14,ZA
1355,Cistecephalus,,Eastern Cape,1305470,259.51,254.14,ZA
1356,Cistecephalus,,Eastern Cape,1305470,259.51,254.14,ZA
1357,Cistecephalus,,Eastern Cape,1305470,259.51,254.14,ZA
1358,Cistecephalus,,Eastern Cape,1305470,259.51,254.14,ZA
1359,Cistecephalus,,Eastern Cape,1305470,259.51,254.14,ZA
1360,Cistecephalus,,Eastern Cape,1305470,259.51,254.14,ZA
1361,Cistecephalus,,Eastern Cape,1305470,259.51,254.14,ZA
1362,Cistecephalus,,Eastern Cape,1305470,259.51,254.14,ZA
1363,Cistecephalus,,Eastern Cape,1305470,259.51,254.14,ZA
1364,Cistecephalus,,Eastern Cape,1305470,259.51,254.14,ZA
1365,Cistecephalus,,Eastern Cape,1305470,259.51,254.14,ZA
1366,Cistecephalus,,Eastern Cape,1305470,259.51,254.14,ZA
1367,Cistecephalus,,Eastern Cape,1305470,259.51,254.14,ZA
1368,Cistecephalus,,Eastern Cape,1305470,259.51,254.14,ZA
1369,Cistecephalus,,Eastern Cape,1305470,259.51,254.14,ZA
1370,Cistecephalus,,Eastern Cape,1305470,259.51,254.14,ZA
1371,Cistecephalus,,Eastern Cape,1305470,259.51,254.14,ZA
1372,Cistecephalus,,Eastern Cape,1305470,259.51,254.14,ZA
1374,Aulacephalodon,,Eastern Cape,1305472,259.51,254.14,ZA
1375,Aulacephalodon,,Eastern Cape,1305472,259.51,254.14,ZA
1381,Theriognathus,,Eastern Cape,1305481,259.51,251.902,ZA
1382,Theriognathus,,Eastern Cape,1305481,259.51,251.902,ZA
1383,Theriognathus,,Eastern Cape,1305481,259.51,251.902,ZA
1394,Cistecephalus,Murraysburg,Western Cape,1307762,259.51,254.14,ZA
1395,Cistecephalus,Murraysburg,Western Cape,1307762,259.51,254.14,ZA
1396,Cistecephalus,Murraysburg,Western Cape,1307762,259.51,254.14,ZA
1397,Cistecephalus,Murraysburg,Western Cape,1307762,259.51,254.14,ZA
1398,Cistecephalus,Murraysburg,Western Cape,1307762,259.51,254.14,ZA
1399,Cistecephalus,Murraysburg,Western Cape,1307762,259.51,254.14,ZA
1400,Cistecephalus,Murraysburg,Western Cape,1307762,259.51,254.14,ZA
1428,Exaeretodon,Candelaria,Rio Grande do Sul,1308721,237.0,208.5,BR
1429,Exaeretodon,Candelaria,Rio Grande do Sul,1308721,237.0,208.5,BR
1430,Exaeretodon,Candelaria,Rio Grande do Sul,1308721,237.0,208.5,BR
1443,Diictodon,Camdeboo,Eastern Cape,1310103,259.51,251.902,ZA
1444,Diictodon,Camdeboo,Eastern Cape,1310103,259.51,251.902,ZA
1445,Diictodon,Camdeboo,Eastern Cape,1310103,259.51,251.902,ZA
1446,Diictodon,Camdeboo,Eastern Cape,1310103,259.51,251.902,ZA
1450,Daptocephalus,Camdeboo,Eastern Cape,1310107,259.51,251.902,ZA
1451,Daptocephalus,Camdeboo,Eastern Cape,1310107,259.51,251.902,ZA
1452,Daptocephalus,Camdeboo,Eastern Cape,1310107,259.51,251.902,ZA
1460,Ictidosuchops,Camdeboo,Eastern Cape,1310199,259.51,251.902,ZA
1461,Ictidosuchops,Camdeboo,Eastern Cape,1310199,259.51,251.902,ZA
1462,Ictidosuchops,Camdeboo,Eastern Cape,1310199,259.51,251.902,ZA
1545,Brachyprosopus,Beaufort West,Western Cape,1314377,264.28,259.51,ZA
1546,Brachyprosopus,Beaufort West,Western Cape,1314377,264.28,259.51,ZA
1580,Procynosuchus,Camdeboo,Eastern Cape,1316967,259.51,251.902,ZA
1581,Procynosuchus,Camdeboo,Eastern Cape,1316967,259.51,251.902,ZA
1602,Scylacops,Beaufort West,Western Cape,1317322,259.51,254.14,ZA
1603,Scylacops,Beaufort West,Western Cape,1317322,259.51,254.14,ZA
1640,Gorgonops,,Western Cape,1317429,264.28,254.14,ZA
1641,Gorgonops,,Western Cape,1317429,264.28,254.14,ZA
1642,Gorgonops,,Western Cape,1317429,264.28,254.14,ZA
1643,Gorgonops,,Western Cape,1317429,264.28,254.14,ZA
1644,Gorgonops,,Western Cape,1317429,264.28,254.14,ZA
1645,Gorgonops,,Western Cape,1317430,264.28,254.14,ZA
1646,Gorgonops,,Western Cape,1317430,264.28,254.14,ZA
1647,Gorgonops,,Western Cape,1317430,264.28,254.14,ZA
1703,Daptocephalus,Graaff-Reinet,Eastern Cape,1320445,259.51,251.902,ZA
1704,Daptocephalus,Graaff-Reinet,Eastern Cape,1320445,259.51,251.902,ZA
1705,Daptocephalus,Graaff-Reinet,Eastern Cape,1320445,259.51,251.902,ZA
1706,Daptocephalus,Graaff-Reinet,Eastern Cape,1320445,259.51,251.902,ZA
1822,Cistecephalus,,Western Cape,1328463,259.51,254.14,ZA
1823,Cistecephalus,,Western Cape,1328463,259.51,254.14,ZA
1824,Cistecephalus,,Western Cape,1328463,259.51,254.14,ZA
1825,Cistecephalus,,Western Cape,1328463,259.51,254.14,ZA
1826,Cistecephalus,,Western Cape,1328463,259.51,254.14,ZA
1827,Cistecephalus,,Western Cape,1328463,259.51,254.14,ZA
1835,Cistecephalus,,Eastern Cape,1328497,259.51,254.14,ZA
1836,Cistecephalus,,Eastern Cape,1328497,259.51,254.14,ZA
1837,Cistecephalus,,Eastern Cape,1328497,259.51,254.14,ZA
1838,Cistecephalus,,Eastern Cape,1328497,259.51,254.14,ZA
1839,Cistecephalus,,Eastern Cape,1328497,259.51,254.14,ZA
1840,Cistecephalus,,Eastern Cape,1328497,259.51,254.14,ZA
1841,Cistecephalus,,Eastern Cape,1328497,259.51,254.14,ZA
1842,Cistecephalus,,Eastern Cape,1328497,259.51,254.14,ZA
1849,Cistecephalus,,Western Cape,1328506,259.51,254.14,ZA
1850,Cistecephalus,,Western Cape,1328506,259.51,254.14,ZA
1851,Cistecephalus,,Western Cape,1328506,259.51,254.14,ZA
1852,Cistecephalus,,Western Cape,1328506,259.51,254.14,ZA
1853,Cistecephalus,,Western Cape,1328506,259.51,254.14,ZA
1854,Cistecephalus,,Western Cape,1328506,259.51,254.14,ZA
1855,Cistecephalus,,Western Cape,1328506,259.51,254.14,ZA
1862,Cistecephalus,Murraysburg,Western Cape,1328802,259.51,254.14,ZA
1863,Cistecephalus,Murraysburg,Western Cape,1328802,259.51,254.14,ZA
1864,Cistecephalus,Murraysburg,Western Cape,1328802,259.51,254.14,ZA
1865,Cistecephalus,Murraysburg,Western Cape,1328802,259.51,254.14,ZA
1866,Cistecephalus,Murraysburg,Western Cape,1328802,259.51,254.14,ZA
1867,Cistecephalus,Murraysburg,Western Cape,1328802,259.51,254.14,ZA
1868,Cistecephalus,Murraysburg,Western Cape,1328802,259.51,254.14,ZA
1869,Cistecephalus,Murraysburg,Western Cape,1328802,259.51,254.14,ZA
1870,Cistecephalus,Murraysburg,Western Cape,1328802,259.51,254.14,ZA
1897,Cistecephalus,,Western Cape,1328835,259.51,254.14,ZA
1898,Cistecephalus,,Western Cape,1328835,259.51,254.14,ZA
1899,Cistecephalus,,Western Cape,1328835,259.51,254.14,ZA
1900,Cistecephalus,,Western Cape,1328835,259.51,254.14,ZA
1901,Cistecephalus,,Western Cape,1328835,259.51,254.14,ZA
1902,Cistecephalus,,Western Cape,1328835,259.51,254.14,ZA
1903,Aulacephalodon,,Western Cape,1328836,259.51,254.14,ZA
1904,Aulacephalodon,,Western Cape,1328836,259.51,254.14,ZA
1919,Lycaenops,,Western Cape,1329022,259.51,254.14,ZA
1920,Lycaenops,,Western Cape,1329022,259.51,254.14,ZA
1921,Cistecephalus,,Western Cape,1329023,259.51,254.14,ZA
1922,Cistecephalus,,Western Cape,1329023,259.51,254.14,ZA
1923,Cistecephalus,,Western Cape,1329023,259.51,254.14,ZA
1924,Cistecephalus,,Western Cape,1329023,259.51,254.14,ZA
1925,Cistecephalus,,Western Cape,1329023,259.51,254.14,ZA
1946,Leontosaurus,,Western Cape,1329046,259.51,251.902,ZA
1947,Leontosaurus,,Western Cape,1329046,259.51,251.902,ZA
1956,Rubidgea,Camdeboo,Eastern Cape,1329096,259.51,251.902,ZA
1957,Rubidgea,Camdeboo,Eastern Cape,1329096,259.51,251.902,ZA
1987,Theriognathus,Graaff-Reinet,Eastern Cape,1332763,259.51,251.902,ZA
1988,Theriognathus,Graaff-Reinet,Eastern Cape,1332763,259.51,251.902,ZA
1989,Theriognathus,Graaff-Reinet,Eastern Cape,1332763,259.51,251.902,ZA
1990,Theriognathus,Graaff-Reinet,Eastern Cape,1332763,259.51,251.902,ZA
1996,Theriognathus,,Western Cape,1332781,259.51,251.902,ZA
1997,Theriognathus,,Western Cape,1332781,259.51,251.902,ZA
1998,Theriognathus,,Western Cape,1332781,259.51,251.902,ZA
1999,Theriognathus,,Western Cape,1332781,259.51,251.902,ZA
2003,Theriognathus,,Western Cape,1332967,259.51,251.902,ZA
2004,Theriognathus,,Western Cape,1332967,259.51,251.902,ZA
2022,Microgomphodon,Maletswai,Eastern Cape,1333249,247.2,242.0,ZA
2023,Microgomphodon,Maletswai,Eastern Cape,1333249,247.2,242.0,ZA
2218,Kawingasaurus,Songea,Ruvuma,1342231,259.51,254.14,TZ
2219,Kawingasaurus,Songea,Ruvuma,1342231,259.51,254.14,TZ
2220,Kawingasaurus,Songea,Ruvuma,1342231,259.51,254.14,TZ
2221,Kawingasaurus,Songea,Ruvuma,1342231,259.51,254.14,TZ
2222,Kawingasaurus,Songea,Ruvuma,1342231,259.51,254.14,TZ
2223,Kawingasaurus,Songea,Ruvuma,1342231,259.51,254.14,TZ
2224,Kawingasaurus,Songea,Ruvuma,1342231,259.51,254.14,TZ
2231,Cistecephalus,Murraysburg,Western Cape,1342685,259.51,254.14,ZA
2232,Cistecephalus,Murraysburg,Western Cape,1342685,259.51,254.14,ZA
2233,Cistecephalus,Murraysburg,Western Cape,1342685,259.51,254.14,ZA
2234,Cistecephalus,Murraysburg,Western Cape,1342685,259.51,254.14,ZA
2235,Cistecephalus,Murraysburg,Western Cape,1342685,259.51,254.14,ZA
2236,Cistecephalus,Murraysburg,Western Cape,1342685,259.51,254.14,ZA
2237,Cistecephalus,Murraysburg,Western Cape,1342685,259.51,254.14,ZA
2238,Cistecephalus,Murraysburg,Western Cape,1342685,259.51,254.14,ZA
2239,Cistecephalus,Murraysburg,Western Cape,1342685,259.51,254.14,ZA
2240,Cistecephalus,Murraysburg,Western Cape,1342685,259.51,254.14,ZA
2241,Cistecephalus,Murraysburg,Western Cape,1342685,259.51,254.14,ZA
2242,Cistecephalus,Murraysburg,Western Cape,1342685,259.51,254.14,ZA
2243,Cistecephalus,Murraysburg,Western Cape,1342685,259.51,254.14,ZA
2244,Cistecephalus,Murraysburg,Western Cape,1342685,259.51,254.14,ZA
2245,Cistecephalus,Murraysburg,Western Cape,1342685,259.51,254.14,ZA
2279,Ichibengops,,Northern,1358480,259.51,254.14,ZM
2280,Ichibengops,,Northern,1358480,259.51,254.14,ZM
2281,Endothiodon,,,1358495,259.51,254.14,ZM
2282,Endothiodon,,,1358495,259.51,254.14,ZM
2296,Odontocyclops,,,1358988,259.51,254.14,ZM
2297,Odontocyclops,,,1358988,259.51,254.14,ZM
2298,Odontocyclops,,,1358988,259.51,254.14,ZM
2299,Odontocyclops,,,1358988,259.51,254.14,ZM
2300,Odontocyclops,,,1358988,259.51,254.14,ZM
2301,Odontocyclops,,,1358988,259.51,254.14,ZM
2302,Odontocyclops,,,1358988,259.51,254.14,ZM
2309,Syops,,,1358999,259.51,254.14,ZM
2310,Syops,,,1358999,259.51,254.14,ZM
2321,Pristerodon,,,1359023,259.51,254.14,ZM
2322,Pristerodon,,,1359023,259.51,254.14,ZM
2323,Pristerodon,,,1359023,259.51,254.14,ZM
2324,Pristerodon,,,1359023,259.51,254.14,ZM
2325,Pristerodon,,,1359023,259.51,254.14,ZM
2329,Pristerodon,,,1359027,259.51,254.14,ZM
2330,Pristerodon,,,1359027,259.51,254.14,ZM
2333,Diictodon,,,1359041,259.51,254.14,ZM
2334,Diictodon,,,1359041,259.51,254.14,ZM
2335,Diictodon,,,1359041,259.51,254.14,ZM
2336,Diictodon,,,1359041,259.51,254.14,ZM
2347,Kembawacela,,,1363611,259.51,254.14,ZM
2348,Kembawacela,,,1363611,259.51,254.14,ZM
2349,Kembawacela,,,1363611,259.51,254.14,ZM
2355,Oudenodon,,,1363618,259.51,254.14,ZM
2356,Oudenodon,,,1363618,259.51,254.14,ZM
2357,Oudenodon,,,1363618,259.51,254.14,ZM
2358,Oudenodon,,,1363618,259.51,254.14,ZM
2359,Oudenodon,,,1363618,259.51,254.14,ZM
2360,Oudenodon,,,1363618,259.51,254.14,ZM
2361,Oudenodon,,,1363618,259.51,254.14,ZM
2368,Platypodosaurus,,,1363625,259.51,254.14,ZM
2369,Platypodosaurus,,,1363625,259.51,254.14,ZM
2374,Bulbasaurus,,Western Cape,1364360,259.51,254.14,ZA
2375,Bulbasaurus,,Western Cape,1364360,259.51,254.14,ZA
2389,Mesenosaurus,Mezenskii,Arkhangelsk,1374684,273.01,264.28,RU
2390,Mesenosaurus,Mezenskii,Arkhangelsk,1374684,273.01,264.28,RU
2391,Mesenosaurus,Mezenskii,Arkhangelsk,1374684,273.01,264.28,RU
2392,Mesenosaurus,Mezenskii,Arkhangelsk,1374684,273.01,264.28,RU
2393,Mesenosaurus,Mezenskii,Arkhangelsk,1374684,273.01,264.28,RU
2394,Mesenosaurus,Mezenskii,Arkhangelsk,1374684,273.01,264.28,RU
2395,Mesenosaurus,Mezenskii,Arkhangelsk,1374684,273.01,264.28,RU
2396,Mesenosaurus,Mezenskii,Arkhangelsk,1374684,273.01,264.28,RU
2397,Mesenosaurus,Mezenskii,Arkhangelsk,1374684,273.01,264.28,RU
2399,Mesenosaurus,Mezenskii,Arkhangelsk,1374689,273.01,264.28,RU
2400,Mesenosaurus,Mezenskii,Arkhangelsk,1374689,273.01,264.28,RU
2401,Mesenosaurus,Mezenskii,Arkhangelsk,1374689,273.01,264.28,RU
2402,Mesenosaurus,Mezenskii,Arkhangelsk,1374689,273.01,264.28,RU
2403,Mesenosaurus,Mezenskii,Arkhangelsk,1374689,273.01,264.28,RU
2404,Mesenosaurus,Mezenskii,Arkhangelsk,1374689,273.01,264.28,RU
2405,Mesenosaurus,Mezenskii,Arkhangelsk,1374689,273.01,264.28,RU
2406,Mesenosaurus,Mezenskii,Arkhangelsk,1374689,273.01,264.28,RU
2408,Mesenosaurus,Mezenskii,Arkhangelsk,1374694,273.01,264.28,RU
2409,Mesenosaurus,Mezenskii,Arkhangelsk,1374694,273.01,264.28,RU
2410,Mesenosaurus,Mezenskii,Arkhangelsk,1374694,273.01,264.28,RU
2411,Mesenosaurus,Mezenskii,Arkhangelsk,1374694,273.01,264.28,RU
2412,Mesenosaurus,Mezenskii,Arkhangelsk,1374694,273.01,264.28,RU
2413,Mesenosaurus,Mezenskii,Arkhangelsk,1374694,273.01,264.28,RU
2416,Mesenosaurus,Mezenskii,Arkhangelsk,1374700,273.01,264.28,RU
2417,Mesenosaurus,Mezenskii,Arkhangelsk,1374700,273.01,264.28,RU
2418,Mesenosaurus,Mezenskii,Arkhangelsk,1374700,273.01,264.28,RU
2419,Mesenosaurus,Mezenskii,Arkhangelsk,1374700,273.01,264.28,RU
2420,Mesenosaurus,Mezenskii,Arkhangelsk,1374700,273.01,264.28,RU
2421,Mesenosaurus,Mezenskii,Arkhangelsk,1374702,273.01,264.28,RU
2422,Mesenosaurus,Mezenskii,Arkhangelsk,1374702,273.01,264.28,RU
2423,Mesenosaurus,Mezenskii,Arkhangelsk,1374702,273.01,264.28,RU
2424,Mesenosaurus,Mezenskii,Arkhangelsk,1374704,273.01,264.28,RU
2425,Mesenosaurus,Mezenskii,Arkhangelsk,1374704,273.01,264.28,RU
2451,Suchogorgon,Velikoustyugskii,Vologda,1374934,264.28,259.51,RU
2452,Suchogorgon,Velikoustyugskii,Vologda,1374934,264.28,259.51,RU
2453,Suchogorgon,Velikoustyugskii,Vologda,1374934,264.28,259.51,RU
2454,Suchogorgon,Velikoustyugskii,Vologda,1374934,264.28,259.51,RU
2467,Inostrancevia,Kotlas,Arkhangelsk,1375733,264.28,256.8,RU
2468,Inostrancevia,Kotlas,Arkhangelsk,1375733,264.28,256.8,RU
2469,Inostrancevia,Kotlas,Arkhangelsk,1375733,264.28,256.8,RU
2495,Estemmenosuchus,Ocher,Perm,1381536,266.9,264.28,RU
2496,Estemmenosuchus,Ocher,Perm,1381536,266.9,264.28,RU
2497,Estemmenosuchus,Ocher,Perm,1381536,266.9,264.28,RU
2498,Estemmenosuchus,Ocher,Perm,1381536,266.9,264.28,RU
2499,Estemmenosuchus,Ocher,Perm,1381536,266.9,264.28,RU
2500,Estemmenosuchus,Ocher,Perm,1381536,266.9,264.28,RU
2501,Estemmenosuchus,Ocher,Perm,1381536,266.9,264.28,RU
2502,Estemmenosuchus,Ocher,Perm,1381536,266.9,264.28,RU
2515,Nikkasaurus,Mezenskii,Arkhangelsk,1381595,273.01,264.28,RU
2516,Nikkasaurus,Mezenskii,Arkhangelsk,1381595,273.01,264.28,RU
2531,Viatkosuchus,Kotelnich,Kirov,1381733,264.28,259.51,RU
2532,Viatkosuchus,Kotelnich,Kirov,1381733,264.28,259.51,RU
2570,Pristerodon,,Western Cape,1384905,259.51,254.14,ZA
2571,Pristerodon,,Western Cape,1384905,259.51,254.14,ZA
2572,Pristerodon,,Western Cape,1384905,259.51,254.14,ZA
2583,Mesenosaurus,Leshukonskii,Arkhangelsk,1385575,273.01,264.28,RU
2584,Mesenosaurus,Leshukonskii,Arkhangelsk,1385575,273.01,264.28,RU
2585,Mesenosaurus,Leshukonskii,Arkhangelsk,1385575,273.01,264.28,RU
2586,Mesenosaurus,Leshukonskoe,Arkhangelsk,1385579,273.01,264.28,RU
2587,Mesenosaurus,Leshukonskoe,Arkhangelsk,1385579,273.01,264.28,RU
2588,Mesenosaurus,Leshukonskoe,Arkhangelsk,1385579,273.01,264.28,RU
2589,Mesenosaurus,Leshukonskoe,Arkhangelsk,1385579,273.01,264.28,RU
2590,Mesenosaurus,Leshukonskoe,Arkhangelsk,1385579,273.01,264.28,RU
2591,Mesenosaurus,Leshukonskoe,Arkhangelsk,1385579,273.01,264.28,RU
2592,Mesenosaurus,Leshukonskoe,Arkhangelsk,1385579,273.01,264.28,RU
2605,Microwhaitsia,,Western Cape,1386963,259.51,254.14,ZA
2606,Microwhaitsia,,Western Cape,1386963,259.51,254.14,ZA
2610,Diictodon,,Northern Cape,1386981,259.51,254.14,ZA
2611,Diictodon,,Northern Cape,1386981,259.51,254.14,ZA
2612,Diictodon,,Northern Cape,1386981,259.51,254.14,ZA
2613,Cistecephalus,,Northern Cape,1386982,259.51,254.14,ZA
2614,Cistecephalus,,Northern Cape,1386982,259.51,254.14,ZA
2615,Cistecephalus,,Northern Cape,1386982,259.51,254.14,ZA
2616,Cistecephalus,,Northern Cape,1386982,259.51,254.14,ZA
2617,Cistecephalus,,Northern Cape,1386982,259.51,254.14,ZA
2618,Cistecephalus,,Northern Cape,1386982,259.51,254.14,ZA
2619,Oudenodon,,Northern Cape,1386983,259.51,254.14,ZA
2620,Oudenodon,,Northern Cape,1386983,259.51,254.14,ZA
2623,Procynosuchus,,Northern Cape,1386987,259.51,254.14,ZA
2624,Procynosuchus,,Northern Cape,1386987,259.51,254.14,ZA
2625,Silphoictidoides,Songea,Ruvuma,1387034,259.51,254.14,TZ
2626,Silphoictidoides,Songea,Ruvuma,1387034,259.51,254.14,TZ
2628,Cistecephalus,Songea,Ruvuma,1387197,259.51,254.14,TZ
2629,Cistecephalus,Songea,Ruvuma,1387197,259.51,254.14,TZ
2630,Cistecephalus,Songea,Ruvuma,1387197,259.51,254.14,TZ
2631,Cistecephalus,Songea,Ruvuma,1387197,259.51,254.14,TZ
2632,Cistecephalus,Songea,Ruvuma,1387197,259.51,254.14,TZ
2633,Cistecephalus,Songea,Ruvuma,1387197,259.51,254.14,TZ
2634,Cistecephalus,Songea,Ruvuma,1387197,259.51,254.14,TZ
2635,Cistecephalus,Songea,Ruvuma,1387197,259.51,254.14,TZ
2636,Rhachiocephalus,Songea,Ruvuma,1387198,259.51,254.14,TZ
2637,Rhachiocephalus,Songea,Ruvuma,1387198,259.51,254.14,TZ
2638,Platypodosaurus,Songea,Ruvuma,1387199,259.51,254.14,TZ
2639,Platypodosaurus,Songea,Ruvuma,1387199,259.51,254.14,TZ
2640,Platypodosaurus,Songea,Ruvuma,1387199,259.51,254.14,TZ
2641,Platypodosaurus,Songea,Ruvuma,1387199,259.51,254.14,TZ
2642,Platypodosaurus,Songea,Ruvuma,1387199,259.51,254.14,TZ
2643,Platypodosaurus,Songea,Ruvuma,1387199,259.51,254.14,TZ
2644,Platypodosaurus,Songea,Ruvuma,1387199,259.51,254.14,TZ
2651,Arctognathus,Songea,Ruvuma,1387414,259.51,254.14,TZ
2652,Arctognathus,Songea,Ruvuma,1387414,259.51,254.14,TZ
2655,Arctognathus,Songea,Ruvuma,1387417,259.51,254.14,TZ
2656,Arctognathus,Songea,Ruvuma,1387417,259.51,254.14,TZ
2657,Theriognathus,Songea,Ruvuma,1387418,259.51,254.14,TZ
2658,Theriognathus,Songea,Ruvuma,1387418,259.51,254.14,TZ
2659,Theriognathus,Songea,Ruvuma,1387418,259.51,254.14,TZ
2660,Theriognathus,Songea,Ruvuma,1387418,259.51,254.14,TZ
2661,Theriognathus,Songea,Ruvuma,1387418,259.51,254.14,TZ
2662,Theriognathus,Songea,Ruvuma,1387418,259.51,254.14,TZ
2663,Theriognathus,Songea,Ruvuma,1387418,259.51,254.14,TZ
2664,Theriognathus,Songea,Ruvuma,1387419,259.51,254.14,TZ
2665,Theriognathus,Songea,Ruvuma,1387419,259.51,254.14,TZ
2667,Lycaenops,,,1387422,259.51,254.14,ZM
2668,Lycaenops,,,1387422,259.51,254.14,ZM
2682,Cynognathus,Songea,Ruvuma,1397640,247.2,242.0,TZ
2683,Cynognathus,Songea,Ruvuma,1397640,247.2,242.0,TZ
2702,Ascendonanus,,,1406787,293.52,283.5,DE
2703,Ascendonanus,,,1406787,293.52,283.5,DE
2704,Ascendonanus,,,1406787,293.52,283.5,DE
2705,Ascendonanus,,,1406787,293.52,283.5,DE
2706,Ascendonanus,,,1406787,293.52,283.5,DE
2888,Moschops,,Western Cape,1428525,264.28,259.51,ZA
2889,Moschops,,Western Cape,1428525,264.28,259.51,ZA
2890,Moschops,,Western Cape,1428525,264.28,259.51,ZA
2891,Moschops,,Western Cape,1428525,264.28,259.51,ZA
2892,Moschops,,Western Cape,1428525,264.28,259.51,ZA
2893,Moschops,,Western Cape,1428525,264.28,259.51,ZA
2894,Moschops,,Western Cape,1428525,264.28,259.51,ZA
2895,Moschops,,Western Cape,1428525,264.28,259.51,ZA
2896,Moschops,,Western Cape,1428525,264.28,259.51,ZA
2897,Moschops,,Western Cape,1428525,264.28,259.51,ZA
2898,Moschops,,Western Cape,1428525,264.28,259.51,ZA
2899,Moschops,,Western Cape,1428525,264.28,259.51,ZA
3044,Pentasauropus,,Mendoza,1558904,242.0,237.0,AR
3045,Pentasauropus,,Mendoza,1558904,242.0,237.0,AR
3102,Gorgonops,Gwembe,Southern,1651605,259.51,251.902,ZM
3103,Gorgonops,Gwembe,Southern,1651605,259.51,251.902,ZM
