age_max,age_min,genus
303.7,298.9,Edaphosaurus
290.1,283.5,Ophiacodon
237.0,208.5,Therioherpeton
298.9,290.1,Ophiacodon
227.0,208.5,Adelobasileus
242.0,237.0,Massetognathus
303.7,298.9,Ophiacodon
298.9,286.1,Edaphosaurus
290.1,283.5,Ophiacodon
290.1,283.5,Dimetrodon
259.51,254.14,Diictodon
259.51,254.14,Diictodon
259.51,254.14,Diictodon
259.51,254.14,Diictodon
259.51,254.14,Diictodon
259.51,254.14,Diictodon
259.51,254.14,Diictodon
259.51,254.14,Diictodon
259.51,254.14,Diictodon
259.51,254.14,Diictodon
259.51,254.14,Diictodon
259.51,254.14,Diictodon
237.0,227.0,Ischigualastia
237.0,227.0,Exaeretodon
242.0,237.0,Dinodontosaurus
242.0,237.0,Jachaleria
242.0,237.0,Dinodontosaurus
242.0,237.0,Chiniquodon
242.0,237.0,Massetognathus
242.0,237.0,Probainognathus
273.01,264.28,Cotylorhynchus
273.01,264.28,Cotylorhynchus
273.01,264.28,Angelosaurus
273.01,264.28,Cotylorhynchus
273.01,264.28,Varanodon
273.01,264.28,Cotylorhynchus
273.01,264.28,Angelosaurus
266.9,259.51,Ulemosaurus
266.9,259.51,Ulemica
264.28,256.8,Elph
264.28,256.8,Elph
264.28,256.8,Elph
293.52,290.1,Dimetrodon
293.52,290.1,Ophiacodon
293.52,290.1,Dimetrodon
293.52,290.1,Ophiacodon
293.52,290.1,Dimetrodon
293.52,290.1,Dimetrodon
293.52,290.1,Edaphosaurus
290.1,283.5,Ophiacodon
290.1,283.5,Dimetrodon
290.1,283.5,Edaphosaurus
290.1,283.5,Ophiacodon
290.1,283.5,Dimetrodon
290.1,283.5,Ophiacodon
290.1,283.5,Dimetrodon
290.1,283.5,Dimetrodon
290.1,283.5,Edaphosaurus
290.1,283.5,Ophiacodon
290.1,283.5,Dimetrodon
290.1,283.5,Dimetrodon
290.1,283.5,Dimetrodon
290.1,283.5,Dimetrodon
290.1,283.5,Dimetrodon
290.1,283.5,Edaphosaurus
290.1,283.5,Ophiacodon
290.1,283.5,Dimetrodon
290.1,283.5,Secodontosaurus
290.1,283.5,Dimetrodon
290.1,283.5,Edaphosaurus
290.1,283.5,Varanosaurus
290.1,283.5,Ophiacodon
290.1,283.5,Dimetrodon
290.1,283.5,Ophiacodon
290.1,283.5,Secodontosaurus
290.1,283.5,Edaphosaurus
290.1,283.5,Dimetrodon
290.1,273.01,Ophiacodon
290.1,273.01,Dimetrodon
290.1,273.01,Ophiacodon
290.1,273.01,Dimetrodon
290.1,273.01,Dimetrodon
290.1,273.01,Varanosaurus
290.1,273.01,Ophiacodon
290.1,273.01,Dimetrodon
290.1,273.01,Glaucosaurus
283.5,273.01,Dimetrodon
290.1,273.01,Ophiacodon
290.1,273.01,Dimetrodon
290.1,273.01,Ophiacodon
290.1,273.01,Secodontosaurus
290.1,273.01,Dimetrodon
283.5,273.01,Varanosaurus
283.5,273.01,Tetraceratops
283.5,273.01,Dimetrodon
283.5,273.01,Dimetrodon
283.5,273.01,Edaphosaurus
283.5,273.01,Edaphosaurus
283.5,273.01,Varanops
283.5,273.01,Ophiacodon
283.5,273.01,Dimetrodon
283.5,273.01,Edaphosaurus
283.5,273.01,Casea
283.5,273.01,Ophiacodon
283.5,273.01,Dimetrodon
283.5,273.01,Edaphosaurus
283.5,273.01,Ophiacodon
283.5,273.01,Dimetrodon
283.5,273.01,Trichasaurus
283.5,273.01,Dimetrodon
283.5,273.01,Ophiacodon
283.5,273.01,Ophiacodon
283.5,273.01,Ophiacodon
283.5,273.01,Dimetrodon
283.5,273.01,Dimetrodon
283.5,273.01,Ophiacodon
283.5,273.01,Ophiacodon
293.52,283.5,Dimetrodon
247.2,242.0,Rhadiodromus
264.28,254.14,Inostrancevia
264.28,254.14,Vivaxosaurus
264.28,259.51,Gorgonops
237.0,208.5,Plinthogomphodon
298.9,290.1,Edaphosaurus
298.9,290.1,Dimetrodon
237.0,201.4,Moghreberia
237.0,201.4,Moghreberia
237.0,227.0,Ischigualastia
237.0,227.0,Ischigualastia
237.0,227.0,Ischigualastia
237.0,227.0,Ischigualastia
237.0,227.0,Ischigualastia
283.5,273.01,Dimetrodon
303.7,298.9,Elcabrosaurus
303.7,298.9,Ophiacodon
303.7,298.9,Ophiacodon
303.7,298.9,Ophiacodon
303.7,298.9,Ophiacodon
303.7,298.9,Ophiacodon
303.7,298.9,Ophiacodon
303.7,298.9,Ophiacodon
303.7,298.9,Ophiacodon
303.7,298.9,Ophiacodon
251.902,247.2,Olivierosuchus
251.902,247.2,Thrinaxodon
251.902,247.2,Tetracynodon
208.5,201.4,Brachyzostrodon
242.0,237.0,Stahleckeria
242.0,237.0,Dinodontosaurus
264.28,259.51,Pristerognathus
264.28,259.51,Diictodon
259.51,254.14,Dicynodon
259.51,254.14,Platypodosaurus
237.0,227.0,Boreogomphodon
237.0,227.0,Microconodon
227.0,208.5,Placerias
208.5,201.4,Thomasia
237.0,227.0,Placerias
237.0,227.0,Chiniquodon
227.0,208.5,Rewaconodon
242.0,237.0,Stahleckeria
242.0,237.0,Exaeretodon
290.1,283.5,Dimetrodon
208.5,201.4,Theroteinus
208.5,201.4,Tricuspes
208.5,201.4,Thomasia
208.5,201.4,Thomasia
208.5,201.4,Thomasia
208.5,201.4,Thomasia
208.5,201.4,Thomasia
208.5,201.4,Morganucodon
208.5,201.4,Morganucodon
208.5,201.4,Helvetiodon
208.5,201.4,Hallautherium
227.0,208.5,Placerias
237.0,227.0,Exaeretodon
237.0,227.0,Exaeretodon
237.0,227.0,Exaeretodon
227.0,208.5,Pentasauropus
227.0,208.5,Riograndia
216.7,213.2,Pseudotriconodon
216.7,213.2,Tricuspes
216.7,213.2,Gaumia
237.0,208.5,Gomphodontosuchus
237.0,227.0,Moghreberia
237.0,227.0,Moghreberia
237.0,227.0,Moghreberia
242.0,237.0,Chiniquodon
242.0,237.0,Probainognathus
242.0,237.0,Massetognathus
242.0,237.0,Massetognathus
242.0,237.0,Massetognathus
242.0,237.0,Massetognathus
208.5,201.4,Thomasia
283.5,273.01,Dimetrodon
290.1,283.5,Oromycter
290.1,283.5,Mycterosaurus
290.1,283.5,Varanops
290.1,283.5,Varanops
290.1,283.5,Varanops
208.5,201.4,Tricuspes
208.5,201.4,Tricuspes
208.5,201.4,Pseudotriconodon
208.5,201.4,Thomasia
208.5,201.4,Kuehneotherium
283.5,273.01,Dimetrodon
283.5,273.01,Edaphosaurus
286.1,273.01,Varanops
208.5,201.4,Habayia
247.2,242.0,Lumkuia
290.1,273.01,Mycterosaurus
242.0,237.0,Chiniquodon
237.0,208.5,Gomphodontosuchus
242.0,237.0,Stahleckeria
242.0,237.0,Traversodon
208.5,201.4,Meurthodon
264.28,259.51,Pachydectes
266.9,264.28,Patranomodon
273.01,259.51,Eodicynodon
227.0,208.5,Brasilitherium
283.5,273.01,Dimetrodon
290.1,283.5,Eothyris
286.1,273.01,Casea
290.1,273.01,Euromycter
283.5,273.01,Cotylorhynchus
283.5,266.9,Cotylorhynchus
283.5,266.9,Angelosaurus
283.5,266.9,Angelosaurus
273.01,264.28,Ennatosaurus
273.01,264.28,Ennatosaurus
273.01,264.28,Ennatosaurus
273.01,264.28,Ennatosaurus
273.01,264.28,Ennatosaurus
276.5,266.9,Phreatophasma
286.1,273.01,Ophiacodon
305.9,303.7,Clepsydrops
307.4,300.3,Stereorhachis
298.9,290.1,Baldwinonus
298.9,286.1,Stereophallodon
293.52,283.5,Ophiacodon
298.9,286.1,Edaphosaurus
300.3,297.7,Datheosaurus
290.1,283.5,Haptodus
298.9,293.52,Hypselohaptodus
305.9,303.7,Haptodus
298.9,286.1,Sphenacodon
293.52,290.1,Ctenospondylus
283.5,266.9,Cotylorhynchus
307.4,298.9,Milosaurus
227.0,208.5,Ameghinichnus
227.0,208.5,Pseudotriconodon
227.0,208.5,Redondagnathus
237.0,208.5,Pentasauropus
227.0,201.4,Pentasauropus
227.0,208.5,Placerias
259.51,254.14,Procynosuchus
283.5,273.01,Dimetrodon
303.7,286.1,Oedaleops
303.7,286.1,Oedaleops
303.7,286.1,Oedaleops
303.7,286.1,Oedaleops
303.7,286.1,Aerosaurus
303.7,286.1,Aerosaurus
303.7,286.1,Aerosaurus
259.51,254.14,Endothiodon
259.51,254.14,Endothiodon
259.51,254.14,Endothiodon
259.51,254.14,Endothiodon
259.51,254.14,Endothiodon
259.51,254.14,Endothiodon
259.51,254.14,Endothiodon
259.51,254.14,Endothiodon
259.51,254.14,Endothiodon
259.51,254.14,Endothiodon
259.51,254.14,Endothiodon
259.51,254.14,Endothiodon
259.51,254.14,Endothiodon
259.51,254.14,Endothiodon
259.51,254.14,Endothiodon
259.51,254.14,Endothiodon
259.51,254.14,Endothiodon
259.51,254.14,Endothiodon
259.51,254.14,Endothiodon
259.51,254.14,Endothiodon
259.51,254.14,Endothiodon
259.51,254.14,Endothiodon
259.51,254.14,Endothiodon
259.51,254.14,Endothiodon
259.51,254.14,Endothiodon
259.51,254.14,Endothiodon
259.51,254.14,Endothiodon
259.51,254.14,Endothiodon
259.51,254.14,Endothiodon
259.51,254.14,Endothiodon
259.51,254.14,Endothiodon
259.51,254.14,Endothiodon
259.51,254.14,Endothiodon
259.51,254.14,Endothiodon
259.51,254.14,Endothiodon
259.51,254.14,Endothiodon
259.51,254.14,Oudenodon
259.51,254.14,Dicynodontoides
259.51,254.14,Sauroscaptor
259.51,254.14,Sauroscaptor
259.51,254.14,Sauroscaptor
259.51,254.14,Sauroscaptor
259.51,254.14,Sauroscaptor
259.51,254.14,Pristerodon
259.51,254.14,Pristerodon
259.51,254.14,Pristerodon
259.51,254.14,Pristerodon
259.51,254.14,Pristerodon
290.1,283.5,Dimetrodon
290.1,283.5,Edaphosaurus
286.1,273.01,Ophiacodon
286.1,273.01,Dimetrodon
286.1,273.01,Dimetrodon
286.1,273.01,Edaphosaurus
290.1,273.01,Mycterosaurus
290.1,273.01,Mycterosaurus
283.5,266.9,Cotylorhynchus
283.5,266.9,Cotylorhynchus
283.5,266.9,Cotylorhynchus
283.5,266.9,Cotylorhynchus
283.5,266.9,Cotylorhynchus
283.5,266.9,Cotylorhynchus
283.5,266.9,Cotylorhynchus
283.5,266.9,Cotylorhynchus
283.5,266.9,Cotylorhynchus
283.5,266.9,Cotylorhynchus
283.5,266.9,Cotylorhynchus
283.5,266.9,Cotylorhynchus
283.5,266.9,Cotylorhynchus
283.5,266.9,Cotylorhynchus
283.5,266.9,Cotylorhynchus
283.5,266.9,Gorgodon
283.5,266.9,Gorgodon
283.5,266.9,Knoxosaurus
283.5,266.9,Knoxosaurus
283.5,266.9,Cotylorhynchus
283.5,266.9,Caseopsis
283.5,266.9,Angelosaurus
283.5,266.9,Angelosaurus
283.5,266.9,Tappenosaurus
283.5,266.9,Caseoides
283.5,266.9,Caseoides
283.5,266.9,Cotylorhynchus
283.5,266.9,Cotylorhynchus
283.5,266.9,Cotylorhynchus
283.5,266.9,Cotylorhynchus
283.5,266.9,Cotylorhynchus
283.5,266.9,Dimetrodon
283.5,266.9,Caseopsis
283.5,266.9,Cotylorhynchus
283.5,266.9,Cotylorhynchus
283.5,266.9,Cotylorhynchus
283.5,266.9,Cotylorhynchus
303.7,298.9,Baldwinonus
303.7,298.9,Ruthiromia
303.7,298.9,Aerosaurus
303.7,298.9,Nitosaurus
283.5,266.9,Angelosaurus
298.9,286.1,Dimetrodon
283.5,266.9,Mastersonia
283.5,266.9,Dimetrodon
283.5,266.9,Cotylorhynchus
283.5,266.9,Cotylorhynchus
283.5,266.9,Cotylorhynchus
290.1,283.5,Dimetrodon
283.5,266.9,Cotylorhynchus
283.5,266.9,Cotylorhynchus
283.5,266.9,Tappenosaurus
283.5,266.9,Dimacrodon
283.5,266.9,Dimacrodon
283.5,266.9,Dimacrodon
283.5,266.9,Dimacrodon
283.5,266.9,Cotylorhynchus
283.5,266.9,Cotylorhynchus
283.5,266.9,Cotylorhynchus
283.5,266.9,Cotylorhynchus
283.5,266.9,Steppesaurus
290.1,273.01,Ophiacodon
290.1,273.01,Dimetrodon
290.1,273.01,Ophiacodon
290.1,273.01,Dimetrodon
290.1,273.01,Dimetrodon
290.1,273.01,Edaphosaurus
298.9,286.1,Ophiacodon
298.9,286.1,Ophiacodon
298.9,286.1,Ophiacodon
283.5,273.01,Ophiacodon
273.01,266.9,Sinophoneus
273.01,266.9,Sinophoneus
273.01,266.9,Sinophoneus
273.01,266.9,Sinophoneus
273.01,266.9,Sinophoneus
273.01,266.9,Biseridens
273.01,266.9,Biseridens
273.01,266.9,Biseridens
283.5,273.01,Varanosaurus
283.5,273.01,Varanosaurus
283.5,273.01,Secodontosaurus
242.0,237.0,Elephantosaurus
305.9,303.7,Clepsydrops
305.9,303.7,Clepsydrops
305.9,303.7,Clepsydrops
283.5,273.01,Dimetrodon
273.01,264.28,Ennatosaurus
305.9,303.7,Ianthasaurus
305.9,303.7,Ianthasaurus
305.9,303.7,Ianthasaurus
305.9,303.7,Ianthasaurus
305.9,303.7,Ianthasaurus
305.9,303.7,Xyrospondylus
298.9,286.1,Ophiacodon
298.9,286.1,Ophiacodon
293.52,290.1,Haptodus
298.9,293.52,Haptodus
298.9,293.52,Haptodus
298.9,293.52,Haptodus
298.9,293.52,Haptodus
298.9,293.52,Haptodus
298.9,293.52,Haptodus
298.9,286.1,Cutleria
298.9,286.1,Ophiacodon
298.9,286.1,Vaughnictis
298.9,286.1,Vaughnictis
298.9,286.1,Cutleria
264.28,259.51,Heleosaurus
303.7,298.9,Archaeovenator
266.9,264.28,Titanophoneus
266.9,264.28,Ulemica
298.9,286.1,Apsisaurus
283.5,273.01,Dimetrodon
283.5,273.01,Dimetrodon
283.5,273.01,Dimetrodon
283.5,273.01,Edaphosaurus
283.5,273.01,Dimetrodon
259.51,247.2,Dicynodontipus
259.51,247.2,Dicynodontipus
259.51,247.2,Dicynodontipus
259.51,247.2,Dicynodontipus
259.51,247.2,Dicynodontipus
286.1,273.01,Ophiacodon
286.1,273.01,Dimetrodon
298.9,290.1,Ophiacodon
290.1,283.5,Secodontosaurus
298.9,286.1,Sphenacodon
305.9,303.7,Clepsydrops
305.9,303.7,Clepsydrops
283.5,273.01,Varanosaurus
298.9,286.1,Sphenacodon
298.9,286.1,Dimetrodon
298.9,286.1,Ophiacodon
286.1,273.01,Ophiacodon
290.1,283.5,Ophiacodon
290.1,283.5,Ophiacodon
290.1,283.5,Ophiacodon
298.9,286.1,Ophiacodon
290.1,283.5,Ophiacodon
290.1,283.5,Ctenospondylus
290.1,283.5,Varanosaurus
290.1,283.5,Ophiacodon
266.9,259.51,Ulemosaurus
264.28,259.51,Idelesaurus
309.8,307.4,Archaeothyris
309.8,307.4,Archaeothyris
309.8,307.4,Archaeothyris
290.1,283.5,Ophiacodon
290.1,283.5,Ophiacodon
290.1,283.5,Ophiacodon
298.9,286.1,Ophiacodon
293.52,290.1,Ophiacodon
290.1,283.5,Ophiacodon
290.1,283.5,Ophiacodon
290.1,283.5,Ophiacodon
298.9,290.1,Ophiacodon
298.9,293.52,Ophiacodon
290.1,283.5,Ophiacodon
290.1,283.5,Ophiacodon
293.52,290.1,Ophiacodon
290.1,273.01,Ophiacodon
266.9,259.51,Titanophoneus
266.9,259.51,Ulemosaurus
283.5,273.01,Casea
283.5,273.01,Casea
259.51,251.902,Burnetia
259.51,254.14,Lobalopex
259.51,254.14,Lophorhinus
259.51,254.14,Diictodon
259.51,254.14,Diictodon
259.51,254.14,Diictodon
259.51,254.14,Diictodon
259.51,254.14,Diictodon
259.51,254.14,Diictodon
259.51,254.14,Diictodon
259.51,254.14,Diictodon
259.51,254.14,Diictodon
259.51,254.14,Diictodon
259.51,254.14,Diictodon
259.51,254.14,Diictodon
259.51,254.14,Diictodon
259.51,254.14,Diictodon
259.51,254.14,Diictodon
259.51,254.14,Tropidostoma
259.51,254.14,Ictidosuchops
259.51,254.14,Diictodon
259.51,254.14,Diictodon
259.51,254.14,Diictodon
259.51,254.14,Diictodon
259.51,254.14,Diictodon
259.51,254.14,Diictodon
259.51,254.14,Diictodon
259.51,254.14,Diictodon
259.51,254.14,Emydops
259.51,254.14,Pristerodon
259.51,254.14,Oudenodon
259.51,254.14,Lycaenops
259.51,254.14,Diictodon
259.51,254.14,Diictodon
259.51,254.14,Diictodon
259.51,254.14,Diictodon
259.51,254.14,Emydops
259.51,254.14,Pristerodon
259.51,254.14,Diictodon
259.51,254.14,Oudenodon
259.51,254.14,Diictodon
259.51,254.14,Diictodon
259.51,254.14,Diictodon
259.51,254.14,Diictodon
259.51,254.14,Diictodon
259.51,254.14,Diictodon
259.51,254.14,Diictodon
259.51,254.14,Diictodon
259.51,254.14,Diictodon
259.51,254.14,Diictodon
259.51,254.14,Diictodon
259.51,254.14,Diictodon
259.51,254.14,Diictodon
259.51,254.14,Diictodon
259.51,254.14,Diictodon
259.51,254.14,Oudenodon
259.51,254.14,Diictodon
259.51,254.14,Diictodon
259.51,254.14,Diictodon
259.51,254.14,Diictodon
259.51,254.14,Diictodon
259.51,254.14,Diictodon
259.51,254.14,Diictodon
259.51,254.14,Diictodon
259.51,254.14,Diictodon
259.51,254.14,Diictodon
259.51,254.14,Diictodon
259.51,254.14,Diictodon
259.51,254.14,Diictodon
259.51,254.14,Diictodon
259.51,254.14,Diictodon
259.51,254.14,Diictodon
259.51,254.14,Diictodon
259.51,254.14,Diictodon
259.51,254.14,Diictodon
259.51,254.14,Diictodon
259.51,254.14,Diictodon
259.51,254.14,Diictodon
259.51,254.14,Diictodon
259.51,254.14,Diictodon
259.51,254.14,Diictodon
259.51,254.14,Diictodon
259.51,254.14,Diictodon
259.51,254.14,Diictodon
259.51,254.14,Tropidostoma
259.51,254.14,Oudenodon
259.51,254.14,Oudenodon
259.51,254.14,Oudenodon
259.51,254.14,Oudenodon
259.51,254.14,Oudenodon
259.51,254.14,Cynosaurus
259.51,254.14,Emydops
259.51,254.14,Diictodon
259.51,254.14,Tropidostoma
259.51,254.14,Diictodon
259.51,254.14,Diictodon
259.51,254.14,Diictodon
259.51,254.14,Diictodon
259.51,254.14,Diictodon
259.51,254.14,Diictodon
259.51,254.14,Diictodon
259.51,254.14,Pristerodon
259.51,254.14,Ictidosuchops
259.51,254.14,Diictodon
259.51,254.14,Diictodon
259.51,254.14,Diictodon
259.51,254.14,Diictodon
259.51,254.14,Diictodon
259.51,254.14,Diictodon
259.51,254.14,Diictodon
259.51,254.14,Diictodon
259.51,254.14,Diictodon
259.51,254.14,Pristerodon
259.51,254.14,Oudenodon
259.51,254.14,Charassognathus
259.51,256.8,Moschowhaitsia
259.51,256.8,Megawhaitsia
259.51,256.8,Megawhaitsia
264.28,259.51,Elliotsmithia
266.9,259.51,Syodon
266.9,259.51,Deuterosaurus
266.9,259.51,Porosteognathus
273.01,264.28,Mesenosaurus
273.01,264.28,Mesenosaurus
273.01,264.28,Mesenosaurus
273.01,264.28,Mesenosaurus
273.01,264.28,Mesenosaurus
273.01,264.28,Mesenosaurus
273.01,264.28,Mesenosaurus
273.01,264.28,Mesenosaurus
273.01,264.28,Mesenosaurus
273.01,264.28,Mesenosaurus
273.01,264.28,Mesenosaurus
273.01,264.28,Mesenosaurus
273.01,264.28,Mesenosaurus
273.01,264.28,Mesenosaurus
273.01,264.28,Mesenosaurus
273.01,264.28,Mesenosaurus
273.01,264.28,Mesenosaurus
273.01,264.28,Mesenosaurus
273.01,264.28,Watongia
266.9,264.28,Syodon
286.1,273.01,Ophiacodon
286.1,273.01,Clepsydrops
286.1,273.01,Dimetrodon
266.9,264.28,Biarmosuchus
266.9,264.28,Biarmosuchus
266.9,264.28,Biarmosuchus
266.9,264.28,Biarmosuchus
251.902,247.2,Thrinaxodon
251.902,247.2,Thrinaxodon
251.902,247.2,Thrinaxodon
251.902,247.2,Thrinaxodon
251.902,247.2,Thrinaxodon
251.902,247.2,Thrinaxodon
251.902,247.2,Thrinaxodon
251.902,247.2,Thrinaxodon
251.902,247.2,Thrinaxodon
251.902,247.2,Thrinaxodon
251.902,247.2,Thrinaxodon
251.902,247.2,Thrinaxodon
251.902,247.2,Thrinaxodon
251.902,247.2,Thrinaxodon
251.902,247.2,Thrinaxodon
251.902,247.2,Thrinaxodon
251.902,247.2,Thrinaxodon
251.902,247.2,Thrinaxodon
251.902,247.2,Thrinaxodon
251.902,247.2,Thrinaxodon
251.902,247.2,Thrinaxodon
251.902,247.2,Thrinaxodon
251.902,247.2,Thrinaxodon
251.902,247.2,Thrinaxodon
251.902,247.2,Thrinaxodon
251.902,247.2,Thrinaxodon
251.902,247.2,Thrinaxodon
251.902,247.2,Thrinaxodon
251.902,247.2,Thrinaxodon
251.902,247.2,Thrinaxodon
247.2,201.4,Pentasauropus
251.902,247.2,Thrinaxodon
251.902,247.2,Thrinaxodon
251.902,247.2,Thrinaxodon
251.902,247.2,Thrinaxodon
251.902,247.2,Thrinaxodon
251.902,247.2,Thrinaxodon
208.5,201.4,Hypsiprymnopsis
237.0,227.0,Arctotraversodon
237.0,227.0,Arctotraversodon
264.28,259.51,Microvaranops
264.28,259.51,Microvaranops
264.28,259.51,Microvaranops
264.28,259.51,Microvaranops
264.28,259.51,Microvaranops
298.9,293.52,Sphenacodon
298.9,293.52,Ophiacodon
264.28,259.51,Anningia
290.1,273.01,Dimetrodon
290.1,273.01,Dimetrodon
290.1,273.01,Dimetrodon
290.1,273.01,Edaphosaurus
303.7,286.1,Oedaleops
283.5,266.9,Driveria
283.5,266.9,Tappenosaurus
237.0,227.0,Eubrachiosaurus
227.0,208.5,Placerias
254.14,251.902,Gordonia
254.14,251.902,Gordonia
254.14,251.902,Gordonia
254.14,251.902,Gordonia
254.14,251.902,Gordonia
254.14,251.902,Gordonia
254.14,251.902,Geikia
227.0,208.5,Placerias
227.0,208.5,Placerias
227.0,208.5,Placerias
227.0,208.5,Placerias
247.2,242.0,Antecosuchus
247.2,242.0,Rhadiodromus
247.2,242.0,Rhinodicynodon
227.0,208.5,Placerias
227.0,208.5,Placerias
227.0,208.5,Placerias
237.0,227.0,Placerias
242.0,237.0,Protheriodon
208.5,201.4,Thomasia
208.5,201.4,Thomasia
208.5,201.4,Sinoconodon
208.5,201.4,Morganucodon
208.5,201.4,Morganucodon
208.5,201.4,Woutersia
273.01,266.9,Raranimus
264.28,259.51,Lanthanostegus
264.28,259.51,Lanthanostegus
264.28,259.51,Glanosuchus
266.9,264.28,Glanosuchus
266.9,264.28,Ictidosaurus
266.9,264.28,Eodicynodon
273.01,259.51,Eodicynodon
266.9,264.28,Eodicynodon
266.9,264.28,Eodicynodon
266.9,264.28,Eodicynodon
266.9,264.28,Eodicynodon
293.52,290.1,Ophiacodon
290.1,283.5,Mesenosaurus
242.0,227.0,Menadon
242.0,227.0,Menadon
242.0,227.0,Menadon
242.0,227.0,Menadon
242.0,227.0,Dadadon
242.0,227.0,Dadadon
247.2,242.0,Kannemeyeria
247.2,242.0,Nothogomphodon
247.2,242.0,Antecosuchus
247.2,242.0,Antecosuchus
247.2,242.0,Uralokannemeyeria
247.2,242.0,Uralokannemeyeria
247.2,242.0,Rhadiodromus
247.2,242.0,Rabidosaurus
247.2,242.0,Rabidosaurus
237.0,227.0,Santacruzodon
251.902,251.2,Progalesaurus
237.0,227.0,Pascualgnathus
237.0,227.0,Pascualgnathus
237.0,227.0,Pascualgnathus
237.0,227.0,Pascualgnathus
251.2,247.2,Langbergia
251.2,247.2,Langbergia
251.2,247.2,Langbergia
251.2,247.2,Langbergia
251.2,247.2,Langbergia
251.2,247.2,Langbergia
251.2,247.2,Langbergia
251.2,247.2,Langbergia
251.2,247.2,Langbergia
251.2,247.2,Langbergia
251.2,247.2,Langbergia
237.0,227.0,Ecteninion
237.0,208.5,Trucidocynodon
251.902,248.9,Lystrosaurus
237.0,208.5,Exaeretodon
237.0,227.0,Diademodon
237.0,208.5,Prozostrodon
242.0,237.0,Dinodontosaurus
242.0,237.0,Massetognathus
237.0,227.0,Chiniquodon
237.0,227.0,Menadon
237.0,227.0,Probainognathus
237.0,227.0,Massetognathus
242.0,237.0,Dinodontosaurus
242.0,237.0,Protuberum
242.0,237.0,Protuberum
242.0,237.0,Massetognathus
242.0,237.0,Chiniquodon
242.0,237.0,Dinodontosaurus
242.0,237.0,Stahleckeria
242.0,237.0,Stahleckeria
242.0,237.0,Dicynodon
237.0,227.0,Gondwanadon
242.0,237.0,Chiniquodon
242.0,237.0,Traversodon
242.0,237.0,Chiniquodon
242.0,237.0,Chiniquodon
242.0,237.0,Traversodon
242.0,237.0,Exaeretodon
239.7,237.0,Nanogomphodon
227.0,208.5,Microconodon
227.0,208.5,Dromatherium
247.2,242.0,Dolichuranus
247.2,242.0,Diademodon
247.2,242.0,Trirachodon
247.2,242.0,Luangwa
247.2,242.0,Luangwa
247.2,242.0,Luangwa
247.2,242.0,Sangusaurus
247.2,242.0,Kannemeyeria
247.2,242.0,Zambiasaurus
227.0,208.5,Boreogomphodon
227.0,208.5,Microconodon
247.2,242.0,Bauria
242.0,227.0,Chiniquodon
242.0,227.0,Dadadon
247.2,242.0,Parakannemeyeria
247.2,242.0,Shansiodon
247.2,242.0,Shansiodon
247.2,242.0,Sinognathus
247.2,242.0,Sinokannemeyeria
247.2,242.0,Parakannemeyeria
247.2,242.0,Shansiodon
247.2,242.0,Parakannemeyeria
247.2,242.0,Sinokannemeyeria
247.2,242.0,Shansiodon
247.2,242.0,Parakannemeyeria
247.2,242.0,Parakannemeyeria
247.2,242.0,Parakannemeyeria
247.2,242.0,Parakannemeyeria
247.2,242.0,Shansiodon
247.2,242.0,Sinokannemeyeria
247.2,242.0,Andescynodon
247.2,242.0,Andescynodon
247.2,242.0,Bauria
247.2,242.0,Bauria
247.2,242.0,Bauria
247.2,242.0,Bauria
247.2,242.0,Diademodon
247.2,242.0,Bauria
227.0,208.5,Chaliminia
227.0,208.5,Brasilodon
227.0,208.5,Brasilodon
227.0,208.5,Brasilodon
227.0,208.5,Brasilitherium
227.0,208.5,Brasilitherium
227.0,208.5,Brasilitherium
227.0,208.5,Brasilitherium
227.0,208.5,Brasilitherium
227.0,208.5,Brasilitherium
227.0,208.5,Riograndia
227.0,208.5,Riograndia
227.0,208.5,Riograndia
227.0,208.5,Riograndia
227.0,208.5,Riograndia
227.0,208.5,Riograndia
227.0,208.5,Riograndia
247.2,242.0,Rechnisaurus
247.2,242.0,Wadiasaurus
237.0,227.0,Acratophorus
237.0,227.0,Cynognathus
247.2,242.0,Vinceria
247.2,242.0,Vinceria
247.2,242.0,Vinceria
247.2,242.0,Cromptodon
242.0,227.0,Acratophorus
237.0,227.0,Tikitherium
247.2,242.0,Cricodon
247.2,242.0,Cricodon
247.2,242.0,Cricodon
247.2,242.0,Cricodon
247.2,242.0,Diademodon
247.2,242.0,Cynognathus
247.2,242.0,Diademodon
247.2,242.0,Cricodon
247.2,242.0,Cynognathus
247.2,242.0,Cynognathus
247.2,242.0,Cynognathus
247.2,242.0,Cynognathus
247.2,242.0,Bolotridon
247.2,242.0,Cricodon
247.2,242.0,Scalenodon
247.2,242.0,Aleodon
247.2,242.0,Scalenodon
247.2,242.0,Diademodon
237.0,227.0,Chiniquodon
242.0,237.0,Dinodontosaurus
242.0,237.0,Dinodontosaurus
242.0,237.0,Dinodontosaurus
242.0,237.0,Dinodontosaurus
242.0,237.0,Chiniquodon
242.0,237.0,Chiniquodon
242.0,237.0,Chiniquodon
227.0,208.5,Irajatherium
242.0,237.0,Dinodontosaurus
242.0,237.0,Dinodontosaurus
242.0,237.0,Jachaleria
251.902,247.2,Myosaurus
251.902,247.2,Myosaurus
251.902,247.2,Myosaurus
251.902,247.2,Myosaurus
251.902,247.2,Myosaurus
251.902,247.2,Myosaurus
251.902,247.2,Myosaurus
251.902,247.2,Myosaurus
251.902,247.2,Myosaurus
251.902,247.2,Myosaurus
251.902,247.2,Platycraniellus
251.902,247.2,Platycraniellus
251.902,247.2,Lystrosaurus
251.902,247.2,Lystrosaurus
251.902,247.2,Lystrosaurus
251.902,247.2,Ericiolacerta
251.902,247.2,Scaloposaurus
251.902,247.2,Galesaurus
251.902,247.2,Moschorhinus
251.902,247.2,Lystrosaurus
251.902,247.2,Lystrosaurus
251.902,247.2,Thrinaxodon
251.902,247.2,Moschorhinus
251.902,247.2,Lystrosaurus
251.902,247.2,Lystrosaurus
251.902,247.2,Lystrosaurus
242.0,237.0,Dinodontosaurus
251.902,247.2,Lystrosaurus
251.902,247.2,Lystrosaurus
251.902,247.2,Lystrosaurus
251.902,247.2,Lystrosaurus
251.902,247.2,Lystrosaurus
251.902,247.2,Thrinaxodon
251.902,247.2,Thrinaxodon
251.902,247.2,Thrinaxodon
251.902,247.2,Thrinaxodon
251.902,247.2,Lystrosaurus
251.902,247.2,Lystrosaurus
251.902,247.2,Lystrosaurus
251.902,247.2,Moschorhinus
251.902,251.2,Lystrosaurus
251.902,251.2,Lystrosaurus
251.902,251.2,Lystrosaurus
251.902,251.2,Lystrosaurus
251.902,251.2,Galesaurus
251.902,247.2,Lystrosaurus
251.902,247.2,Lystrosaurus
251.902,247.2,Lystrosaurus
251.902,247.2,Regisaurus
251.902,247.2,Lystrosaurus
251.902,247.2,Lystrosaurus
251.902,247.2,Lystrosaurus
251.902,247.2,Lystrosaurus
251.902,247.2,Olivierosuchus
251.902,247.2,Scaloposaurus
251.902,247.2,Galesaurus
251.902,247.2,Thrinaxodon
227.0,208.5,Riograndia
227.0,208.5,Riograndia
227.0,208.5,Riograndia
227.0,208.5,Riograndia
227.0,208.5,Riograndia
227.0,208.5,Chaliminia
227.0,208.5,Jachaleria
247.2,242.0,Angonisaurus
208.5,201.4,Haramiyavia
208.5,201.4,Haramiyavia
251.902,251.2,Tetracynodon
251.902,251.2,Lystrosaurus
251.902,251.2,Lystrosaurus
247.2,242.0,Kannemeyeria
247.2,242.0,Bauria
247.2,242.0,Trirachodon
247.2,242.0,Kombuisia
247.2,242.0,Kombuisia
247.2,242.0,Kannemeyeria
247.2,242.0,Microgomphodon
247.2,242.0,Cynognathus
247.2,242.0,Diademodon
247.2,242.0,Kannemeyeria
247.2,242.0,Cynognathus
227.0,201.4,Scalenodontoides
227.0,201.4,Scalenodontoides
227.0,201.4,Scalenodontoides
227.0,201.4,Scalenodontoides
227.0,201.4,Scalenodontoides
242.0,237.0,Chiniquodon
227.0,208.5,Jachaleria
227.0,208.5,Jachaleria
227.0,208.5,Jachaleria
227.0,208.5,Jachaleria
227.0,208.5,Riograndia
247.2,237.0,Luangwa
227.0,208.5,Brasilitherium
227.0,208.5,Irajatherium
227.0,208.5,Minicynodon
273.01,259.51,Tiarajudens
208.5,201.4,Mitredon
227.0,201.4,Scalenodontoides
237.0,227.0,Boreogomphodon
303.7,293.52,Cryptovenator
251.902,251.2,Lystrosaurus
237.0,227.0,Rewaconodon
237.0,201.4,Moghreberia
208.5,201.4,Pseudotriconodon
208.5,201.4,Gaumia
208.5,201.4,Gaumia
208.5,201.4,Lepagia
208.5,201.4,Brachyzostrodon
208.5,201.4,Brachyzostrodon
208.5,201.4,Brachyzostrodon
208.5,201.4,Microscalenodon
259.51,254.14,Emydops
305.9,303.7,Ianthodon
259.51,251.902,Pelanomodon
242.0,227.0,Madysaurus
259.51,254.14,Pristerodon
259.51,254.14,Pristerodon
251.902,247.2,Lystrosaurus
251.902,247.2,Lystrosaurus
251.902,247.2,Lystrosaurus
251.902,247.2,Lystrosaurus
251.902,247.2,Lystrosaurus
251.902,247.2,Lystrosaurus
251.902,247.2,Lystrosaurus
251.902,247.2,Lystrosaurus
251.902,248.9,Lystrosaurus
251.902,248.9,Lystrosaurus
242.0,237.0,Candelariodon
242.0,237.0,Massetognathus
247.2,242.0,Bauria
247.2,242.0,Kannemeyeria
247.2,242.0,Kannemeyeria
247.2,242.0,Cynognathus
247.2,242.0,Diademodon
247.2,242.0,Trirachodon
264.28,259.51,Australobarbarus
264.28,259.51,Australobarbarus
264.28,259.51,Australobarbarus
264.28,259.51,Suminia
264.28,259.51,Suminia
264.28,259.51,Suminia
264.28,259.51,Suminia
264.28,259.51,Suminia
264.28,259.51,Suminia
264.28,259.51,Suminia
264.28,259.51,Suminia
264.28,259.51,Suminia
264.28,259.51,Suminia
264.28,259.51,Suminia
264.28,259.51,Suminia
264.28,259.51,Suminia
264.28,259.51,Suminia
264.28,259.51,Suminia
259.51,256.8,Delectosaurus
259.51,256.8,Vivaxosaurus
208.5,201.4,Thomasia
208.5,201.4,Thomasia
208.5,201.4,Thomasia
208.5,201.4,Thomasia
208.5,201.4,Thomasia
264.28,259.51,Galechirus
264.28,259.51,Galechirus
290.1,283.5,Tambacarnifex
208.5,201.4,Kuehneotherium
208.5,201.4,Woutersia
208.5,201.4,Woutersia
208.5,201.4,Thomasia
208.5,201.4,Thomasia
208.5,201.4,Thomasia
237.0,208.5,Exaeretodon
259.51,254.14,Procynosuchus
259.51,254.14,Theriognathus
259.51,254.14,Dicynodon
259.51,254.14,Platypodosaurus
259.51,254.14,Dicynodontoides
259.51,254.14,Endothiodon
259.51,254.14,Rhachiocephalus
251.902,248.9,Lystrosaurus
251.902,248.9,Lystrosaurus
251.902,248.9,Lystrosaurus
251.902,248.9,Lystrosaurus
251.902,248.9,Lystrosaurus
251.902,248.9,Lystrosaurus
251.902,248.9,Lystrosaurus
251.902,248.9,Lystrosaurus
251.902,248.9,Lystrosaurus
251.902,248.9,Lystrosaurus
251.902,248.9,Lystrosaurus
251.902,248.9,Lystrosaurus
251.902,248.9,Lystrosaurus
251.902,248.9,Lystrosaurus
251.902,248.9,Lystrosaurus
251.902,248.9,Lystrosaurus
251.902,248.9,Lystrosaurus
251.902,248.9,Lystrosaurus
251.902,248.9,Lystrosaurus
251.902,248.9,Lystrosaurus
251.902,248.9,Lystrosaurus
251.902,248.9,Lystrosaurus
251.902,248.9,Lystrosaurus
251.902,248.9,Lystrosaurus
251.902,248.9,Lystrosaurus
251.902,248.9,Lystrosaurus
251.902,248.9,Lystrosaurus
251.902,248.9,Lystrosaurus
251.902,248.9,Lystrosaurus
251.902,248.9,Panchetocynodon
247.2,242.0,Scalenodon
298.9,293.52,Lupeosaurus
283.5,273.01,Dimetrodon
208.5,201.4,Thomasia
208.5,201.4,Oligokyphus
208.5,201.4,Oligokyphus
208.5,201.4,Eoraetia
251.2,247.2,Silphedosuchus
251.902,251.2,Scalopognathus
247.2,242.0,Antecosuchus
251.902,251.2,Urumchia
247.2,242.0,Yikezhaogia
251.2,247.2,Beishanodon
247.2,242.0,Traversodontoides
247.2,242.0,Ordosiodon
247.2,242.0,Ordosiodon
251.2,242.0,Hazhenia
247.2,237.0,Xiyukannemeyeria
247.2,237.0,Xiyukannemeyeria
247.2,237.0,Xiyukannemeyeria
247.2,237.0,Xiyukannemeyeria
247.2,237.0,Xiyukannemeyeria
247.2,237.0,Xiyukannemeyeria
247.2,237.0,Xiyukannemeyeria
247.2,237.0,Xiyukannemeyeria
247.2,237.0,Xiyukannemeyeria
247.2,237.0,Xiyukannemeyeria
247.2,242.0,Xiyukannemeyeria
247.2,242.0,Shaanbeikannemeyeria
247.2,242.0,Shaanbeikannemeyeria
247.2,242.0,Rechnisaurus
247.2,242.0,Parakannemeyeria
247.2,242.0,Sinokannemeyeria
247.2,242.0,Parakannemeyeria
247.2,237.0,Parakannemeyeria
247.2,242.0,Shansiodon
247.2,242.0,Shansiodon
247.2,242.0,Shansiodon
247.2,242.0,Sinokannemeyeria
251.902,251.2,Lystrosaurus
251.902,251.2,Lystrosaurus
251.902,251.2,Lystrosaurus
251.902,251.2,Lystrosaurus
247.2,242.0,Parakannemeyeria
247.2,242.0,Sinokannemeyeria
247.2,242.0,Diademodon
251.902,251.2,Lystrosaurus
247.2,242.0,Cynognathus
247.2,242.0,Diademodon
247.2,242.0,Kannemeyeria
259.51,254.14,Paraburnetia
247.2,242.0,Sysphinctostoma
251.902,247.2,Tetracynodon
251.902,251.2,Tetracynodon
251.902,247.2,Tetracynodon
264.28,259.51,Sauroctonus
227.0,201.4,Tritylodon
259.51,247.2,Dicynodontipus
208.5,201.4,Eozostrodon
208.5,201.4,Eozostrodon
303.7,298.9,Eocasea
247.2,242.0,Ufudocyclops
247.2,242.0,Ufudocyclops
247.2,242.0,Shansiodon
247.2,242.0,Mandagomphodon
247.2,242.0,Mandagomphodon
247.2,242.0,Scalenodon
283.5,266.9,Alierasaurus
247.2,242.0,Nothogomphodon
247.2,242.0,Trirachodon
247.2,242.0,Kannemeyeria
247.2,242.0,Microgomphodon
259.51,251.902,Dicynodontoides
259.51,251.902,Ictidosuchops
259.51,251.902,Procynosuchus
259.51,251.902,Oudenodon
259.51,251.902,Oudenodon
259.51,251.902,Cyonosaurus
259.51,251.902,Theriognathus
259.51,251.902,Oudenodon
259.51,251.902,Oudenodon
259.51,254.14,Hwanghocynodon
273.01,259.51,Mobaceras
273.01,259.51,Abajudon
264.28,259.51,Criocephalosaurus
264.28,259.51,Criocephalosaurus
264.28,259.51,Endothiodon
264.28,259.51,Endothiodon
251.902,251.4,Sungeodon
237.0,227.0,Ruberodon
305.9,298.9,Clepsydrops
237.0,208.5,Deccanodon
237.0,227.0,Acratophorus
259.51,254.14,Tropidostoma
264.28,254.14,Tropidostoma
259.51,254.14,Tropidostoma
259.51,254.14,Tropidostoma
259.51,254.14,Tropidostoma
259.51,254.14,Tropidostoma
259.51,254.14,Tropidostoma
259.51,254.14,Tropidostoma
259.51,254.14,Pristerodon
259.51,254.14,Emyduranus
259.51,254.14,Palemydops
259.51,254.14,Pristerodon
259.51,254.14,Diictodon
259.51,254.14,Aelurosaurus
259.51,254.14,Aelurosaurus
259.51,254.14,Pristerodon
259.51,254.14,Cistecephalus
259.51,254.14,Aulacephalodon
259.51,254.14,Oudenodon
259.51,254.14,Cyonosaurus
259.51,254.14,Dicynodon
259.51,251.902,Daptocephalus
259.51,251.902,Oudenodon
259.51,251.902,Oudenodon
259.51,251.902,Oudenodon
259.51,251.902,Oudenodon
259.51,251.902,Cyonosaurus
259.51,251.902,Cyonosaurus
259.51,251.902,Aelurognathus
259.51,251.902,Rubidgea
259.51,251.902,Ictidosuchops
259.51,251.902,Theriognathus
259.51,251.902,Nanictosaurus
251.902,251.2,Lystrosaurus
251.902,251.2,Lystrosaurus
251.902,251.2,Lystrosaurus
251.902,251.2,Lystrosaurus
251.902,251.2,Galesaurus
259.51,254.14,Cistecephalus
259.51,254.14,Oudenodon
259.51,254.14,Diictodon
259.51,254.14,Oudenodon
259.51,254.14,Aulacephalodon
259.51,254.14,Aulacephalodon
259.51,254.14,Oudenodon
259.51,254.14,Rhachiocephalus
259.51,254.14,Pristerodon
259.51,254.14,Cistecephalus
259.51,254.14,Dinanomodon
259.51,254.14,Eosimops
259.51,254.14,Arctognathus
259.51,254.14,Sintocephalus
259.51,251.902,Diictodon
259.51,251.902,Diictodon
259.51,251.902,Pelanomodon
259.51,251.902,Cyonosaurus
259.51,251.902,Dinogorgon
259.51,251.902,Theriognathus
259.51,251.902,Procynosuchus
264.28,256.8,Peramodon
259.51,254.14,Oudenodon
259.51,254.14,Emydops
259.51,254.14,Emydops
259.51,254.14,Emydops
259.51,254.14,Emydorhynchus
259.51,254.14,Emyduranus
259.51,254.14,Palemydops
259.51,254.14,Cistecephalus
259.51,254.14,Diictodon
259.51,254.14,Diictodon
259.51,254.14,Aulacephalodon
259.51,254.14,Eriphostoma
259.51,254.14,Aloposaurus
259.51,254.14,Lycaenops
259.51,254.14,Lycaenodon
264.28,256.8,Vivaxosaurus
264.28,256.8,Vivaxosaurus
264.28,256.8,Vivaxosaurus
264.28,256.8,Vivaxosaurus
259.51,251.902,Cyonosaurus
259.51,251.902,Paragalerhinus
259.51,251.902,Ictidosuchops
259.51,251.902,Pelictosuchus
259.51,251.902,Theriognathus
259.51,251.902,Theriognathus
259.51,251.902,Promoschorhynchus
259.51,251.902,Nanictosaurus
259.51,251.902,Nanictosaurus
259.51,251.902,Cynosaurus
259.51,254.14,Palemydops
259.51,254.14,Cistecephalus
259.51,254.14,Cistecephalus
259.51,254.14,Cistecephalus
259.51,254.14,Cistecephalus
259.51,254.14,Oudenodon
259.51,254.14,Dinogorgon
259.51,254.14,Lycaenodon
259.51,254.14,Dinanomodon
259.51,254.14,Diictodon
259.51,254.14,Emydops
259.51,254.14,Cistecephalus
259.51,254.14,Diictodon
259.51,254.14,Dinanomodon
259.51,251.902,Clelandina
259.51,251.902,Homodontosaurus
259.51,251.902,Theriognathus
259.51,254.14,Cistecephalus
259.51,254.14,Oudenodon
259.51,254.14,Rhachiocephalus
259.51,254.14,Aelurosaurus
259.51,254.14,Ictidosuchops
254.14,251.902,Oudenodon
254.14,251.902,Cyonosaurus
254.14,251.902,Theriognathus
254.14,251.902,Procynosuchus
259.51,254.14,Dinanomodon
259.51,254.14,Dinanomodon
259.51,254.14,Cistecephalus
259.51,254.14,Cistecephalus
259.51,254.14,Cistecephalus
259.51,254.14,Cistecephalus
259.51,254.14,Cistecephalus
259.51,254.14,Cistecephalus
259.51,254.14,Cistecephalus
259.51,254.14,Cistecephalus
259.51,254.14,Cistecephalus
259.51,254.14,Cistecephalus
259.51,254.14,Cistecephalus
259.51,254.14,Cistecephalus
259.51,254.14,Cistecephalus
259.51,254.14,Cistecephalus
259.51,254.14,Cistecephalus
259.51,254.14,Cistecephalus
259.51,254.14,Cistecephalus
259.51,254.14,Cistecephalus
259.51,254.14,Cistecephalus
259.51,254.14,Cistecephalus
259.51,254.14,Cistecephalus
259.51,254.14,Cistecephalus
259.51,254.14,Cistecephalus
259.51,254.14,Cistecephalus
259.51,254.14,Cistecephalus
259.51,254.14,Diictodon
259.51,254.14,Aulacephalodon
259.51,254.14,Aulacephalodon
259.51,254.14,Oudenodon
259.51,254.14,Rhachiocephalus
259.51,254.14,Digalodon
259.51,251.902,Oudenodon
259.51,251.902,Rubidgea
259.51,251.902,Theriognathus
259.51,251.902,Theriognathus
259.51,251.902,Theriognathus
259.51,251.902,Procynosuchus
264.28,259.51,Robertia
264.28,259.51,Robertia
264.28,259.51,Diictodon
264.28,259.51,Pristerognathoides
264.28,259.51,Diictodon
259.51,251.902,Dicynodontoides
259.51,251.902,Oudenodon
259.51,251.902,Diictodon
259.51,251.902,Aulacephalodon
259.51,254.14,Cistecephalus
259.51,254.14,Cistecephalus
259.51,254.14,Cistecephalus
259.51,254.14,Cistecephalus
259.51,254.14,Cistecephalus
259.51,254.14,Cistecephalus
259.51,254.14,Cistecephalus
259.51,254.14,Lycaenops
259.51,251.902,Keyseria
254.14,251.902,Turfanodon
254.14,251.902,Turfanodon
259.51,251.902,Turfanodon
259.51,254.14,Emydops
259.51,254.14,Pristerodon
259.51,254.14,Prodicynodon
259.51,254.14,Cistecephalus
259.51,254.14,Diictodon
259.51,254.14,Pristerodon
259.51,254.14,Oudenodon
259.51,254.14,Lycaenops
259.51,254.14,Aelurosaurus
259.51,254.14,Aloposaurus
259.51,254.14,Choerosaurus
259.51,254.14,Ictidognathus
259.51,254.14,Scalopocephalus
259.51,254.14,Aulacephalodon
259.51,254.14,Oudenodon
259.51,251.902,Oudenodon
259.51,254.14,Cistecephalus
259.51,254.14,Oudenodon
259.51,251.902,Daptocephalus
259.51,251.902,Oudenodon
259.51,254.14,Oudenodon
259.51,254.14,Oudenodon
237.0,208.5,Exaeretodon
237.0,208.5,Exaeretodon
237.0,208.5,Exaeretodon
237.0,208.5,Charruodon
227.0,208.5,Botucaraitherium
242.0,237.0,Massetognathus
247.2,237.0,Sinokannemeyeria
247.2,237.0,Parakannemeyeria
237.0,227.0,Moghreberia
264.28,259.51,Struthiocephalus
264.28,259.51,Galeops
264.28,259.51,Pristerodon
264.28,259.51,Cynariognathus
264.28,259.51,Daptocephalus
259.51,251.902,Dicynodon
259.51,251.902,Diictodon
259.51,251.902,Diictodon
259.51,251.902,Diictodon
259.51,251.902,Diictodon
259.51,251.902,Pristerodon
259.51,251.902,Emydorhinus
259.51,251.902,Emydorhinus
259.51,251.902,Daptocephalus
259.51,251.902,Daptocephalus
259.51,251.902,Daptocephalus
259.51,251.902,Diictodon
259.51,251.902,Daptocephalus
259.51,251.902,Oudenodon
259.51,251.902,Aloposaurus
259.51,251.902,Aelurosaurus
259.51,251.902,Notaelurodon
259.51,251.902,Ictidochampsa
259.51,251.902,Ictidosuchops
259.51,251.902,Ictidosuchops
259.51,251.902,Ictidosuchops
259.51,251.902,Homodontosaurus
259.51,251.902,Tetracynodon
259.51,251.902,Theriognathus
259.51,251.902,Procynosuchus
259.51,251.902,Basilodon
264.28,259.51,Eriphostoma
264.28,259.51,Eriphostoma
264.28,259.51,Eriphostoma
264.28,259.51,Eriphostoma
264.28,259.51,Eriphostoma
264.28,259.51,Eriphostoma
264.28,259.51,Diictodon
264.28,259.51,Endothiodon
264.28,259.51,Pristerodon
264.28,259.51,Gorgonops
264.28,259.51,Tropidostoma
264.28,259.51,Pardosuchus
264.28,259.51,Eriphostoma
264.28,259.51,Eriphostoma
264.28,259.51,Eriphostoma
264.28,259.51,Eriphostoma
264.28,259.51,Eriphostoma
259.51,254.14,Aelurognathus
259.51,254.14,Aelurognathus
259.51,251.902,Aelurognathus
259.51,251.902,Aelurognathus
259.51,254.14,Gorgonops
259.51,254.14,Lycaenops
259.51,254.14,Oudenodon
259.51,254.14,Oudenodon
259.51,254.14,Gorgonops
259.51,254.14,Oudenodon
259.51,254.14,Endothiodon
259.51,254.14,Lende
266.9,264.28,Biarmosuchus
266.9,264.28,Biarmosuchus
266.9,264.28,Biarmosuchoides
259.51,254.14,Herpetoskylax
259.51,254.14,Herpetoskylax
259.51,254.14,Lemurosaurus
259.51,254.14,Lemurosaurus
259.51,251.902,Ictidorhinus
266.9,259.51,Bullacephalus
264.28,259.51,Hipposaurus
264.28,259.51,Hipposaurus
264.28,259.51,Hipposaurus
266.9,264.28,Anomocephalus
259.51,251.902,Kwazulusaurus
259.51,251.902,Daptocephalus
259.51,251.902,Moschorhinus
266.9,264.28,Eodicynodon
259.51,251.902,Pelanomodon
259.51,251.902,Theriognathus
259.51,251.902,Procynosuchus
259.51,254.14,Cistecephalus
259.51,254.14,Pristerodon
259.51,254.14,Dicynodon
259.51,254.14,Basilodon
259.51,251.902,Dicynodon
259.51,251.902,Dicynodontoides
259.51,251.902,Oudenodon
259.51,251.902,Lycaenops
259.51,251.902,Moschorhinus
259.51,251.902,Theriognathus
259.51,251.902,Basilodon
264.28,259.51,Diictodon
264.28,259.51,Daptocephalus
259.51,251.902,Basilodon
259.51,251.902,Daptocephalus
259.51,251.902,Diictodon
259.51,251.902,Aulacephalodon
259.51,251.902,Pelanomodon
259.51,251.902,Oudenodon
259.51,251.902,Theriognathus
259.51,254.14,Cistecephalus
259.51,254.14,Diictodon
259.51,254.14,Diictodon
259.51,254.14,Aulacephalodon
259.51,254.14,Oudenodon
264.28,259.51,Brachyprosopus
266.9,259.51,Brachyprosopus
264.28,259.51,Brachyprosopus
264.28,259.51,Brachyprosopus
264.28,259.51,Brachyprosopus
264.28,259.51,Brachyprosopus
264.28,259.51,Brachyprosopus
264.28,259.51,Pristerodon
264.28,259.51,Robertia
259.51,254.14,Pristerodon
259.51,254.14,Pristerodon
259.51,254.14,Cistecephalus
259.51,254.14,Ictidosuchops
259.51,254.14,Dicynodon
259.51,254.14,Diictodon
259.51,254.14,Diictodon
259.51,254.14,Dicynodon
259.51,254.14,Aelurosaurus
259.51,254.14,Oudenodon
259.51,254.14,Oudenodon
251.902,251.2,Lystrosaurus
251.902,251.2,Lystrosaurus
251.902,251.2,Lystrosaurus
251.902,251.2,Lystrosaurus
259.51,254.14,Smilesaurus
259.51,254.14,Oudenodon
254.14,251.902,Daptocephalus
259.51,251.902,Oudenodon
259.51,251.902,Dicynodon
264.28,259.51,Pristerognathoides
264.28,259.51,Diictodon
259.51,251.902,Daptocephalus
259.51,251.902,Diictodon
259.51,251.902,Diictodon
259.51,251.902,Aulacephalodon
259.51,251.902,Cyonosaurus
259.51,251.902,Ictidosuchops
259.51,251.902,Theriognathus
259.51,251.902,Procynosuchus
259.51,251.902,Procynosuchus
259.51,251.902,Oudenodon
259.51,254.14,Oudenodon
259.51,254.14,Pristerodon
259.51,254.14,Pristerodon
259.51,254.14,Prodicynodon
259.51,254.14,Ictidosuchus
259.51,254.14,Dicynodontoides
259.51,254.14,Dicynodontoides
259.51,251.902,Diictodon
259.51,251.902,Dicynodon
259.51,251.902,Oudenodon
259.51,251.902,Aloposaurus
259.51,251.902,Aelurognathus
259.51,251.902,Ictidosuchops
259.51,251.902,Theriognathus
259.51,254.14,Endothiodon
259.51,254.14,Emydops
259.51,254.14,Pristerodon
259.51,254.14,Diictodon
259.51,254.14,Oudenodon
259.51,254.14,Scylacops
259.51,254.14,Scylacops
259.51,254.14,Arctops
259.51,254.14,Gorgonops
259.51,254.14,Icticephalus
259.51,254.14,Ictidosuchops
259.51,254.14,Dicynodon
259.51,254.14,Emydops
259.51,254.14,Pristerodon
259.51,254.14,Oudenodon
259.51,251.902,Oudenodon
264.28,259.51,Diictodon
259.51,254.14,Oudenodon
259.51,254.14,Oudenodon
259.51,254.14,Dicynodon
259.51,254.14,Aulacephalodon
259.51,254.14,Arctognathus
264.28,259.51,Titanosuchus
264.28,259.51,Tapinocephalus
264.28,259.51,Diictodon
264.28,259.51,Diictodon
264.28,259.51,Emydops
264.28,259.51,Alopecognathus
264.28,259.51,Cynariognathus
264.28,259.51,Pristerognathoides
264.28,259.51,Pristerognathoides
264.28,259.51,Pristerognathoides
259.51,254.14,Cistecephalus
259.51,254.14,Dicynodontoides
264.28,254.14,Endothiodon
264.28,254.14,Endothiodon
264.28,254.14,Diictodon
264.28,254.14,Diictodon
264.28,254.14,Diictodon
264.28,254.14,Diictodon
264.28,254.14,Oudenodon
264.28,254.14,Aelurosaurus
264.28,254.14,Aelurosaurus
264.28,254.14,Gorgonops
264.28,254.14,Gorgonops
264.28,254.14,Gorgonops
264.28,254.14,Gorgonops
264.28,254.14,Gorgonops
264.28,254.14,Gorgonops
264.28,254.14,Gorgonops
264.28,254.14,Gorgonops
264.28,254.14,Alopecorhinus
264.28,254.14,Scylacoides
264.28,254.14,Ictidognathus
259.51,254.14,Cistecephalus
259.51,254.14,Oudenodon
259.51,254.14,Gorgonops
259.51,251.902,Oudenodon
259.51,251.902,Ictidosuchops
259.51,254.14,Emydops
283.5,273.01,Dimetrodon
283.5,273.01,Dimetrodon
259.51,251.902,Daptocephalus
286.1,273.01,Dimetrodon
273.01,259.51,Titanosuchus
273.01,259.51,Mormosaurus
273.01,259.51,Emydops
273.01,259.51,Diictodon
273.01,259.51,Emydops
273.01,259.51,Aelurosaurus
273.01,259.51,Aelurosaurus
273.01,259.51,Cerdodon
259.51,251.902,Daptocephalus
259.51,251.902,Dicynodon
259.51,251.902,Daptocephalus
259.51,251.902,Cerdosuchus
259.51,254.14,Oudenodon
283.5,273.01,Dimetrodon
283.5,273.01,Dimetrodon
283.5,273.01,Dimetrodon
283.5,273.01,Dimetrodon
259.51,251.902,Dicynodon
247.2,242.0,Kannemeyeria
247.2,242.0,Kannemeyeria
247.2,242.0,Cynognathus
247.2,242.0,Diademodon
247.2,242.0,Trirachodon
247.2,242.0,Diademodon
247.2,242.0,Cricodon
251.902,251.2,Lystrosaurus
259.51,251.902,Daptocephalus
259.51,251.902,Daptocephalus
259.51,251.902,Daptocephalus
259.51,251.902,Daptocephalus
259.51,251.902,Daptocephalus
251.902,247.2,Lystrosaurus
251.902,247.2,Lystrosaurus
259.51,254.14,Cistecephalus
259.51,254.14,Basilodon
259.51,254.14,Dinanomodon
259.51,254.14,Aulacephalodon
259.51,254.14,Oudenodon
259.51,254.14,Lycaenops
259.51,254.14,Tigrisuchus
259.51,254.14,Ictidosuchops
259.51,251.902,Daqingshanodon
259.51,251.902,Daptocephalus
259.51,251.902,Daptocephalus
259.51,251.902,Daptocephalus
259.51,251.902,Daptocephalus
259.51,251.902,Daptocephalus
259.51,251.902,Pelanomodon
259.51,251.902,Cyonosaurus
259.51,251.902,Lycaenops
259.51,251.902,Moschorhinus
259.51,251.902,Theriognathus
259.51,254.14,Rhachiocephalus
259.51,254.14,Oudenodon
264.28,254.14,Robertia
264.28,254.14,Diictodon
264.28,254.14,Emydops
264.28,254.14,Emydops
264.28,254.14,Blattoidealestes
259.51,254.14,Oudenodon
251.902,251.2,Lystrosaurus
259.51,251.902,Aulacephalodon
259.51,251.902,Oudenodon
259.51,251.902,Cyonosaurus
247.2,242.0,Tetragonias
259.51,251.902,Daptocephalus
259.51,251.902,Daptocephalus
259.51,251.902,Moschorhinus
259.51,251.902,Nanictosaurus
251.902,247.2,Lystrosaurus
251.902,247.2,Lystrosaurus
251.902,247.2,Lystrosaurus
251.902,247.2,Scaloposaurus
251.902,247.2,Thrinaxodon
259.51,254.14,Endothiodon
259.51,254.14,Tigrisuchus
259.51,254.14,Scaloposaurus
259.51,254.14,Cynosaurus
259.51,251.902,Dicynodon
259.51,254.14,Diictodon
259.51,254.14,Oudenodon
259.51,254.14,Gorgonops
259.51,254.14,Oudenodon
259.51,254.14,Aulacocephalus
259.51,254.14,Pristerodon
259.51,254.14,Pristerodon
259.51,254.14,Oudenodon
259.51,254.14,Oudenodon
259.51,254.14,Diictodon
259.51,254.14,Odontocyclops
259.51,254.14,Clelandina
259.51,254.14,Rhachiocephalus
264.28,259.51,Robertia
264.28,259.51,Diictodon
264.28,259.51,Pristerognathus
259.51,254.14,Oudenodon
251.902,251.2,Lystrosaurus
259.51,251.902,Pelanomodon
251.902,247.2,Lystrosaurus
251.902,247.2,Platycraniellus
259.51,254.14,Dicynodon
259.51,251.902,Aulacephalodon
259.51,254.14,Oudenodon
251.902,251.2,Lystrosaurus
259.51,254.14,Oudenodon
259.51,254.14,Aulacephalodon
259.51,254.14,Odontocyclops
259.51,251.902,Kunpania
254.14,251.902,Jimusaria
254.14,251.902,Jimusaria
254.14,251.902,Diictodon
273.01,259.51,Wantulignathus
259.51,251.902,Pelanomodon
259.51,251.902,Aelurognathus
259.51,251.902,Aelurognathus
259.51,251.902,Aelurognathus
259.51,251.902,Aelurognathus
259.51,251.902,Aelurognathus
259.51,254.14,Clelandina
259.51,251.902,Aelurognathus
259.51,254.14,Aelurognathus
259.51,251.902,Aelurognathus
259.51,251.902,Aelurognathus
259.51,254.14,Aelurognathus
259.51,251.902,Aelurognathus
259.51,254.14,Kitchinganomodon
259.51,251.902,Aelurognathus
259.51,251.902,Aelurognathus
259.51,251.902,Clelandina
259.51,251.902,Clelandina
259.51,254.14,Aelurognathus
259.51,254.14,Cistecephalus
259.51,254.14,Diictodon
259.51,254.14,Diictodon
259.51,254.14,Oudenodon
273.01,259.51,Aelurosaurus
259.51,254.14,Aelurosaurus
259.51,254.14,Aelurosaurus
259.51,254.14,Aelurosaurus
259.51,251.902,Aloposaurus
259.51,251.902,Arctognathus
259.51,251.902,Arctognathus
259.51,254.14,Arctognathus
259.51,254.14,Cistecephalus
259.51,254.14,Aulacephalodon
259.51,254.14,Oudenodon
259.51,254.14,Rhachiocephalus
259.51,254.14,Ictidosuchops
259.51,254.14,Lycaenops
259.51,254.14,Smilesaurus
259.51,251.902,Aulacephalodon
259.51,251.902,Oudenodon
259.51,251.902,Theriognathus
259.51,254.14,Arctops
259.51,251.902,Arctops
259.51,251.902,Ictidosuchops
259.51,251.902,Tetracynodon
259.51,254.14,Smilesaurus
259.51,254.14,Arctops
259.51,254.14,Cistecephalus
259.51,254.14,Cistecephalus
259.51,254.14,Cistecephalus
259.51,254.14,Cistecephalus
259.51,254.14,Cistecephalus
259.51,254.14,Cistecephalus
259.51,254.14,Aulacephalodon
283.5,273.01,Dimetrodon
283.5,273.01,Casea
283.5,273.01,Dimetrodon
259.51,254.14,Cerdorhinus
259.51,254.14,Cyonosaurus
259.51,254.14,Aulacephalodon
259.51,254.14,Cistecephalus
259.51,254.14,Cistecephalus
259.51,254.14,Cistecephalus
259.51,254.14,Cistecephalus
259.51,254.14,Cistecephalus
259.51,254.14,Cistecephalus
259.51,254.14,Cistecephalus
259.51,254.14,Cistecephalus
259.51,254.14,Cyonosaurus
259.51,254.14,Oudenodon
259.51,254.14,Aulacephalodon
259.51,254.14,Cistecephalus
259.51,254.14,Cyonosaurus
259.51,254.14,Cyonosaurus
259.51,254.14,Cistecephalus
259.51,254.14,Cistecephalus
259.51,254.14,Cistecephalus
259.51,254.14,Cistecephalus
259.51,254.14,Cistecephalus
259.51,254.14,Cistecephalus
259.51,254.14,Cistecephalus
259.51,254.14,Oudenodon
259.51,251.902,Cyonosaurus
259.51,251.902,Cyonosaurus
259.51,254.14,Cyonosaurus
259.51,254.14,Rubidgea
259.51,254.14,Nanictidops
259.51,254.14,Cistecephalus
259.51,254.14,Cistecephalus
259.51,254.14,Cistecephalus
259.51,254.14,Cistecephalus
259.51,254.14,Cistecephalus
259.51,254.14,Cistecephalus
259.51,254.14,Cistecephalus
259.51,254.14,Cistecephalus
259.51,254.14,Cistecephalus
259.51,251.902,Cyonosaurus
259.51,251.902,Ictidosuchops
264.28,259.51,Pristerognathoides
264.28,259.51,Jonkeria
264.28,259.51,Titanosuchus
264.28,259.51,Struthiocephaloides
264.28,259.51,Moschops
264.28,259.51,Glanosuchus
264.28,259.51,Scymnosaurus
264.28,259.51,Alopecognathus
264.28,259.51,Alopecognathus
264.28,259.51,Pristerognathoides
264.28,259.51,Pristerognathoides
264.28,259.51,Pristerognathoides
264.28,259.51,Titanosuchus
264.28,259.51,Emydops
264.28,259.51,Pristerognathoides
259.51,254.14,Gorgonops
259.51,254.14,Endothiodon
259.51,254.14,Pristerodon
259.51,254.14,Diictodon
259.51,254.14,Diictodon
259.51,254.14,Diictodon
259.51,254.14,Ictidosuchops
259.51,254.14,Gorgonops
259.51,254.14,Gorgonops
259.51,254.14,Cistecephalus
259.51,254.14,Cistecephalus
259.51,254.14,Cistecephalus
259.51,254.14,Cistecephalus
259.51,254.14,Cistecephalus
259.51,254.14,Cistecephalus
259.51,254.14,Aulacephalodon
259.51,254.14,Aulacephalodon
259.51,254.14,Cyonosaurus
259.51,254.14,Gorgonops
259.51,254.14,Emydochampsa
259.51,254.14,Pristerodon
259.51,254.14,Gorgonops
259.51,254.14,Gorgonops
259.51,254.14,Pristerodon
259.51,251.902,Aelurognathus
259.51,251.902,Rubidgea
259.51,251.902,Theriognathus
259.51,251.902,Procynosuchus
259.51,251.902,Lycaenops
259.51,251.902,Daptocephalus
259.51,251.902,Oudenodon
259.51,254.14,Lycaenops
259.51,254.14,Lycaenops
259.51,254.14,Cistecephalus
259.51,254.14,Cistecephalus
259.51,254.14,Cistecephalus
259.51,254.14,Cistecephalus
259.51,254.14,Cistecephalus
259.51,251.902,Lycaenops
259.51,254.14,Lycaenops
259.51,254.14,Lycaenops
259.51,251.902,Lycaenops
259.51,254.14,Lycaenops
259.51,254.14,Eriphostoma
259.51,254.14,Eriphostoma
259.51,254.14,Hofmeyria
259.51,254.14,Emydops
259.51,254.14,Scylacops
259.51,254.14,Scylacops
259.51,254.14,Ictidosuchops
259.51,251.902,Rubidgea
259.51,251.902,Oudenodon
259.51,251.902,Dinogorgon
259.51,251.902,Daptocephalus
259.51,254.14,Rubidgea
259.51,251.902,Leontosaurus
259.51,251.902,Rubidgea
259.51,251.902,Sycosaurus
259.51,251.902,Leontosaurus
259.51,251.902,Leontosaurus
259.51,251.902,Dinogorgon
259.51,251.902,Dinogorgon
259.51,251.902,Aelurognathus
259.51,254.14,Dinogorgon
259.51,251.902,Leontosaurus
259.51,254.14,Leontosaurus
259.51,254.14,Rubidgea
259.51,251.902,Rubidgea
259.51,251.902,Rubidgea
259.51,251.902,Rubidgea
259.51,254.14,Smilesaurus
259.51,254.14,Rhachiocephalus
259.51,251.902,Rhachiocephalus
259.51,254.14,Cistecephalus
259.51,254.14,Diictodon
259.51,254.14,Diictodon
259.51,254.14,Aulacephalodon
259.51,254.14,Oudenodon
259.51,254.14,Rhachiocephalus
259.51,254.14,Nanictocephalus
259.51,254.14,Kitchinganomodon
259.51,251.902,Scaloposuchus
259.51,251.902,Pelanomodon
259.51,251.902,Eriphostoma
259.51,251.902,Tetracynodon
259.51,251.902,Tetracynodon
259.51,251.902,Homodontosaurus
247.2,242.0,Diademodon
247.2,242.0,Sesamondontoides
247.2,242.0,Sysphinctostoma
247.2,242.0,Bauria
247.2,242.0,Cynognathus
247.2,242.0,Diademodon
259.51,254.14,Polycynodon
259.51,254.14,Cryptocynodon
259.51,254.14,Cistecephalus
259.51,254.14,Aulacephalodon
259.51,251.902,Ictidosuchops
259.51,251.902,Promoschorhynchus
259.51,251.902,Theriognathus
259.51,251.902,Theriognathus
259.51,251.902,Theriognathus
259.51,251.902,Theriognathus
259.51,251.902,Theriognathus
259.51,251.902,Daptocephalus
259.51,251.902,Lycideops
259.51,251.902,Moschorhinus
259.51,251.902,Theriognathus
259.51,251.902,Theriognathus
259.51,251.902,Theriognathus
259.51,251.902,Theriognathus
259.51,251.902,Theriognathus
259.51,251.902,Theriognathus
259.51,251.902,Theriognathus
259.51,251.902,Theriognathus
259.51,251.902,Theriognathus
259.51,251.902,Theriognathus
259.51,251.902,Theriognathus
259.51,251.902,Moschorhinus
259.51,251.902,Theriognathus
259.51,251.902,Theriognathus
259.51,251.902,Aulacephalodon
259.51,251.902,Oudenodon
264.28,259.51,Lycosuchus
247.2,242.0,Cynognathus
259.51,254.14,Scylacosaurus
264.28,259.51,Ictidosaurus
264.28,259.51,Delphinognathus
264.28,259.51,Moschops
264.28,259.51,Diictodon
264.28,259.51,Emydops
264.28,259.51,Scymnosaurus
264.28,259.51,Scylacosaurus
247.2,242.0,Trirachodon
247.2,242.0,Microgomphodon
247.2,242.0,Microgomphodon
247.2,242.0,Microgomphodon
259.51,251.902,Procynosuchus
259.51,251.902,Cynosaurus
259.51,251.902,Oudenodon
259.51,254.14,Procynosuchus
264.28,256.8,Dvinia
264.28,256.8,Dvinia
264.28,256.8,Uralocynodon
264.28,256.8,Inostrancevia
264.28,256.8,Annatherapsidus
264.28,256.8,Nanocynodon
264.28,256.8,Procynosuchus
266.9,264.28,Titanophoneus
266.9,264.28,Ulemica
264.28,259.51,Sludica
298.9,286.1,Sphenacodon
298.9,286.1,Ophiacodon
298.9,286.1,Sphenacodon
259.51,251.902,Kitchinganomodon
259.51,254.14,Aulacephalodon
259.51,254.14,Rhachiocephalus
298.9,286.1,Ophiacodon
298.9,286.1,Sphenacodon
298.9,286.1,Ophiacodon
298.9,286.1,Sphenacodon
298.9,286.1,Ophiacodon
298.9,286.1,Sphenacodon
259.51,254.14,Rhachiocephalus
259.51,254.14,Endothiodon
259.51,254.14,Aulacephalodon
259.51,254.14,Oudenodon
259.51,254.14,Arctops
259.51,254.14,Clelandina
259.51,254.14,Hofmeyria
259.51,254.14,Akidnognathus
259.51,254.14,Rhachiocephalus
259.51,254.14,Cistecephalus
259.51,254.14,Aulacephalodon
259.51,254.14,Rhachiocephalus
259.51,254.14,Rhachiocephalus
259.51,251.902,Oudenodon
259.51,251.902,Ictidosuchops
259.51,254.14,Rhachiocephalus
301.4,300.9,Macromerion
259.51,254.14,Oudenodon
259.51,254.14,Aulacephalodon
259.51,251.902,Emydops
259.51,251.902,Daptocephalus
259.51,251.902,Aulacephalodon
259.51,251.902,Pelanomodon
259.51,251.902,Oudenodon
259.51,251.902,Cyonosaurus
259.51,251.902,Leontosaurus
259.51,251.902,Ictidosuchops
259.51,251.902,Theriognathus
259.51,251.902,Cynosaurus
259.51,251.902,Daptocephalus
259.51,251.902,Oudenodon
259.51,251.902,Pelanomodon
259.51,251.902,Oudenodon
259.51,251.902,Cyonosaurus
259.51,251.902,Akidnognathus
259.51,251.902,Pelanomodon
259.51,251.902,Ictidosuchops
259.51,251.902,Procynosuchus
259.51,251.902,Moschorhinus
259.51,251.902,Daptocephalus
259.51,251.902,Cyonosaurus
259.51,254.14,Pristerodon
259.51,254.14,Pristerodon
259.51,254.14,Pristerodon
259.51,254.14,Cistecephalus
259.51,254.14,Emydops
259.51,254.14,Cistecephalus
259.51,254.14,Ictidosuchops
259.51,254.14,Cistecephalus
259.51,254.14,Myosauroides
259.51,254.14,Diictodon
259.51,254.14,Diictodon
259.51,251.902,Oudenodon
259.51,254.14,Cistecephalus
259.51,254.14,Cistecephalus
259.51,254.14,Cistecephalus
259.51,251.902,Procynosuchus
259.51,251.902,Ictidosuchops
259.51,251.902,Theriognathus
259.51,251.902,Procynosuchus
259.51,251.902,Procynosuchus
259.51,254.14,Cistecephalus
259.51,254.14,Cistecephalus
259.51,254.14,Diictodon
259.51,254.14,Diictodon
259.51,254.14,Cistecephaloides
259.51,254.14,Oudenodon
298.9,286.1,Sphenacodon
298.9,286.1,Ophiacodon
305.9,303.7,Ianthasaurus
305.9,303.7,Xyrospondylus
303.7,298.9,Ophiacodon
303.7,298.9,Aerosaurus
303.7,298.9,Edaphosaurus
303.7,298.9,Sphenacodon
303.7,298.9,Edaphosaurus
301.4,300.9,Bohemiclavulus
301.4,300.9,Macromerion
298.9,286.1,Sphenacodon
303.7,286.1,Ophiacodon
303.7,286.1,Edaphosaurus
303.7,286.1,Sphenacodon
290.1,283.5,Dimetrodon
290.1,283.5,Edaphosaurus
298.9,286.1,Edaphosaurus
298.9,286.1,Dimetrodon
305.9,303.7,Kenomagnathus
305.9,303.7,Tenuacaptor
298.9,293.52,Haptodus
290.1,283.5,Callibrachion
293.52,283.5,Sphenacodon
303.7,290.1,Sphenacodon
286.1,273.01,Dimetrodon
286.1,273.01,Dimetrodon
286.1,273.01,Edaphosaurus
286.1,273.01,Ophiacodon
286.1,273.01,Dimetrodon
286.1,273.01,Edaphosaurus
283.5,273.01,Dimetrodon
290.1,266.9,Dimetrodon
290.1,273.01,Ruthenosaurus
298.9,283.5,Neosaurus
290.1,283.5,Dimetrodon
290.1,283.5,Ctenorhachis
293.52,290.1,Edaphosaurus
264.28,259.51,Anteosaurus
264.28,259.51,Jonkeria
264.28,259.51,Jonkeria
264.28,259.51,Jonkeria
264.28,259.51,Jonkeria
264.28,259.51,Titanosuchus
264.28,259.51,Titanosuchus
264.28,259.51,Struthiocephalus
264.28,259.51,Struthiocephalus
264.28,259.51,Taurocephalus
264.28,259.51,Criocephalosaurus
264.28,259.51,Keratocephalus
264.28,259.51,Robertia
264.28,259.51,Diictodon
264.28,259.51,Emydops
264.28,259.51,Scymnosaurus
264.28,259.51,Alopecognathus
264.28,259.51,Lycedops
264.28,259.51,Pristerognathus
264.28,259.51,Trochorhinus
264.28,259.51,Trochosaurus
264.28,259.51,Alopecodon
264.28,259.51,Glanosuchus
264.28,259.51,Pristerognathoides
264.28,259.51,Alopecodon
264.28,259.51,Robertia
264.28,259.51,Robertia
264.28,259.51,Robertia
264.28,259.51,Emydops
298.9,286.1,Ophiacodon
298.9,286.1,Sphenacodon
298.9,286.1,Dimetrodon
298.9,286.1,Dimetrodon
298.9,286.1,Sphenacodon
298.9,286.1,Sphenacodon
303.7,290.1,Ophiacodon
298.9,286.1,Ophiacodon
298.9,286.1,Sphenacodon
298.9,286.1,Sphenacodon
298.9,286.1,Edaphosaurus
298.9,286.1,Dimetrodon
298.9,286.1,Ophiacodon
264.28,259.51,Robertia
264.28,259.51,Robertia
264.28,259.51,Anteosaurus
264.28,259.51,Struthiocephalus
264.28,259.51,Struthiocephaloides
264.28,259.51,Moschops
264.28,259.51,Keratocephalus
264.28,259.51,Diictodon
264.28,259.51,Emydops
264.28,259.51,Glanosuchus
264.28,259.51,Ptomalestes
264.28,259.51,Scymnosaurus
264.28,259.51,Pristerognathoides
264.28,259.51,Pristerognathoides
264.28,259.51,Robertia
259.51,254.14,Diictodon
259.51,254.14,Diictodontoides
259.51,254.14,Katumbia
259.51,254.14,Katumbia
259.51,254.14,Katumbia
259.51,254.14,Kawingasaurus
259.51,254.14,Kawingasaurus
259.51,254.14,Kawingasaurus
259.51,254.14,Kawingasaurus
259.51,254.14,Kawingasaurus
259.51,254.14,Kawingasaurus
259.51,254.14,Kawingasaurus
259.51,254.14,Rhachiocephalus
259.51,254.14,Geikia
259.51,254.14,Dicynodontoides
259.51,254.14,Euptychognathus
259.51,251.902,Compsodon
259.51,254.14,Pristerodon
259.51,254.14,Cistecephalus
259.51,254.14,Cistecephalus
259.51,254.14,Cistecephalus
259.51,254.14,Cistecephalus
259.51,254.14,Cistecephalus
259.51,254.14,Cistecephalus
259.51,254.14,Cistecephalus
259.51,254.14,Cistecephalus
259.51,254.14,Cistecephalus
259.51,254.14,Cistecephalus
259.51,254.14,Cistecephalus
259.51,254.14,Cistecephalus
259.51,254.14,Cistecephalus
259.51,254.14,Cistecephalus
259.51,254.14,Cistecephalus
259.51,254.14,Oudenodon
259.51,254.14,Rhachiocephalus
259.51,254.14,Ictidosuchops
259.51,254.14,Emydops
251.902,247.2,Thrinaxodon
251.902,247.2,Lystrosaurus
251.902,247.2,Thrinaxodon
251.902,247.2,Thrinaxodon
251.902,247.2,Thrinaxodon
251.902,247.2,Lystrosaurus
251.902,247.2,Lystrosaurus
251.902,247.2,Lystrosaurus
251.902,247.2,Lystrosaurus
251.902,247.2,Lystrosaurus
251.902,247.2,Lystrosaurus
251.902,247.2,Lystrosaurus
251.902,247.2,Galesaurus
251.902,247.2,Thrinaxodon
259.51,251.902,Procynosuchus
259.51,251.902,Procynosuchus
259.51,251.902,Daptocephalus
259.51,254.14,Procynosuchus
259.51,254.14,Odontocyclops
259.51,254.14,Oudenodon
259.51,254.14,Scylacops
259.51,251.902,Procynosuchus
259.51,251.902,Oudenodon
259.51,251.902,Procynosuchus
259.51,251.902,Procynosuchus
259.51,251.902,Procynosuchus
259.51,251.902,Oudenodon
208.5,201.4,Thomasia
259.51,254.14,Mupashi
259.51,254.14,Ichibengops
259.51,254.14,Ichibengops
259.51,254.14,Endothiodon
259.51,254.14,Endothiodon
259.51,254.14,Oudenodon
259.51,254.14,Oudenodon
259.51,254.14,Diictodon
259.51,254.14,Diictodon
259.51,254.14,Emydops
259.51,254.14,Pristerodon
259.51,254.14,Cyniscops
259.51,254.14,Aelurognathus
259.51,254.14,Scylacops
259.51,254.14,Oudenodon
259.51,254.14,Oudenodon
259.51,254.14,Syops
259.51,254.14,Oudenodon
259.51,254.14,Odontocyclops
259.51,254.14,Odontocyclops
259.51,254.14,Odontocyclops
259.51,254.14,Odontocyclops
259.51,254.14,Odontocyclops
259.51,254.14,Odontocyclops
259.51,254.14,Odontocyclops
259.51,254.14,Oudenodon
259.51,254.14,Oudenodon
259.51,254.14,Oudenodon
259.51,254.14,Oudenodon
259.51,254.14,Oudenodon
259.51,254.14,Scylacops
259.51,254.14,Syops
259.51,254.14,Syops
259.51,254.14,Odontocyclops
259.51,254.14,Dinogorgon
259.51,254.14,Aelurognathus
259.51,254.14,Odontocyclops
259.51,254.14,Aelurognathus
259.51,254.14,Dinogorgon
259.51,254.14,Odontocyclops
259.51,254.14,Emydops
259.51,254.14,Endothiodon
259.51,254.14,Endothiodon
259.51,254.14,Pristerodon
259.51,254.14,Pristerodon
259.51,254.14,Pristerodon
259.51,254.14,Pristerodon
259.51,254.14,Pristerodon
259.51,254.14,Pristerodon
259.51,254.14,Pristerodon
259.51,254.14,Pristerodon
259.51,254.14,Pristerodon
259.51,254.14,Pristerodon
259.51,254.14,Diictodon
259.51,254.14,Diictodon
259.51,254.14,Diictodon
259.51,254.14,Diictodon
259.51,254.14,Diictodon
259.51,254.14,Diictodon
259.51,254.14,Diictodon
259.51,254.14,Diictodon
259.51,254.14,Diictodon
259.51,254.14,Compsodon
259.51,254.14,Compsodon
259.51,254.14,Emydops
259.51,254.14,Emydops
259.51,254.14,Dicynodontoides
259.51,254.14,Dicynodontoides
259.51,254.14,Dicynodontoides
259.51,254.14,Kembawacela
259.51,254.14,Kembawacela
259.51,254.14,Kembawacela
259.51,251.902,Kembawacela
259.51,254.14,Kembawacela
259.51,254.14,Katumbia
259.51,254.14,Odontocyclops
259.51,254.14,Odontocyclops
259.51,254.14,Oudenodon
259.51,254.14,Oudenodon
259.51,254.14,Oudenodon
259.51,254.14,Oudenodon
259.51,254.14,Oudenodon
259.51,254.14,Oudenodon
259.51,254.14,Oudenodon
259.51,254.14,Oudenodon
259.51,254.14,Oudenodon
259.51,254.14,Oudenodon
259.51,254.14,Oudenodon
259.51,254.14,Kitchinganomodon
259.51,254.14,Platypodosaurus
259.51,254.14,Platypodosaurus
259.51,254.14,Platypodosaurus
259.51,254.14,Platypodosaurus
259.51,254.14,Syops
259.51,254.14,Niassodon
259.51,254.14,Bulbasaurus
259.51,254.14,Bulbasaurus
259.51,254.14,Bulbasaurus
259.51,254.14,Bulbasaurus
259.51,254.14,Bulbasaurus
259.51,254.14,Bulbasaurus
266.9,259.51,Rastodon
266.9,254.14,Endothiodon
266.9,259.51,Pampaphoneus
254.14,251.902,Dalongkoua
266.9,259.51,Syodon
266.9,259.51,Syodon
266.9,259.51,Titanophoneus
266.9,259.51,Perplexisaurus
276.5,266.9,Microsyodon
273.01,264.28,Alrausuchus
273.01,264.28,Mesenosaurus
273.01,264.28,Mesenosaurus
273.01,264.28,Mesenosaurus
273.01,264.28,Mesenosaurus
273.01,264.28,Mesenosaurus
273.01,264.28,Mesenosaurus
273.01,264.28,Mesenosaurus
273.01,264.28,Mesenosaurus
273.01,264.28,Mesenosaurus
273.01,264.28,Niaftasuchus
273.01,264.28,Mesenosaurus
273.01,264.28,Mesenosaurus
273.01,264.28,Mesenosaurus
273.01,264.28,Mesenosaurus
273.01,264.28,Mesenosaurus
273.01,264.28,Mesenosaurus
273.01,264.28,Mesenosaurus
273.01,264.28,Mesenosaurus
273.01,264.28,Alrausuchus
273.01,264.28,Mesenosaurus
273.01,264.28,Mesenosaurus
273.01,264.28,Mesenosaurus
273.01,264.28,Mesenosaurus
273.01,264.28,Mesenosaurus
273.01,264.28,Mesenosaurus
273.01,264.28,Niaftasuchus
273.01,264.28,Pyozia
273.01,264.28,Mesenosaurus
273.01,264.28,Mesenosaurus
273.01,264.28,Mesenosaurus
273.01,264.28,Mesenosaurus
273.01,264.28,Mesenosaurus
273.01,264.28,Mesenosaurus
273.01,264.28,Mesenosaurus
273.01,264.28,Mesenosaurus
273.01,264.28,Mesenosaurus
273.01,264.28,Mesenosaurus
273.01,264.28,Mesenosaurus
266.9,259.51,Microurania
266.9,259.51,Deuterosaurus
266.9,259.51,Ulemosaurus
266.9,259.51,Ulemica
259.51,256.8,Microurania
266.9,264.28,Otsheria
266.9,264.28,Archaeosyodon
266.9,264.28,Biarmosuchus
273.01,264.28,Alrausuchus
276.5,266.9,Biarmosuchus
276.5,266.9,Microsyodon
276.5,273.01,Syodon
266.9,264.28,Syodon
266.9,259.51,Notosyodon
266.9,259.51,Syodon
266.9,259.51,Titanophoneus
266.9,259.51,Anteosaurus
266.9,259.51,Titanophoneus
266.9,259.51,Deuterosaurus
266.9,264.28,Deuterosaurus
266.9,259.51,Deuterosaurus
266.9,259.51,Deuterosaurus
266.9,259.51,Ulemosaurus
264.28,259.51,Ustia
264.28,259.51,Suchogorgon
264.28,259.51,Suchogorgon
264.28,259.51,Suchogorgon
264.28,259.51,Suchogorgon
264.28,259.51,Suminia
264.28,256.8,Pravoslavlevia
264.28,259.51,Suchogorgon
264.28,259.51,Suminia
266.9,264.28,Dinosaurus
266.9,264.28,Rhopalodon
266.9,264.28,Dinosaurus
276.5,266.9,Kamagorgon
276.5,266.9,Kamagorgon
264.28,259.51,Viatkogorgon
264.28,259.51,Viatkogorgon
264.28,256.8,Leogorgon
264.28,256.8,Inostrancevia
264.28,256.8,Inostrancevia
264.28,256.8,Inostrancevia
264.28,256.8,Inostrancevia
264.28,256.8,Inostrancevia
264.28,256.8,Inostrancevia
264.28,256.8,Inostrancevia
264.28,256.8,Inostrancevia
251.902,247.2,Tetracynodon
251.902,247.2,Ericiolacerta
251.902,247.2,Moschorhinus
251.902,247.2,Lystrosaurus
273.01,259.51,Choerosaurus
259.51,254.14,Galeops
298.9,251.902,Abajudon
259.51,251.902,Promoschorhynchus
264.28,256.8,Inostrancevia
273.01,259.51,Eodicynodon
264.28,259.51,Proburnetia
264.28,259.51,Niuksenitia
264.28,259.51,Suminia
266.9,264.28,Rhopalodon
266.9,264.28,Phthinosaurus
259.51,251.902,Diictodon
259.51,254.14,Diictodon
264.28,259.51,Oudenodon
276.5,266.9,Parabradysaurus
276.5,266.9,Parabradysaurus
266.9,264.28,Estemmenosuchus
266.9,264.28,Estemmenosuchus
266.9,264.28,Estemmenosuchus
266.9,264.28,Estemmenosuchus
266.9,264.28,Estemmenosuchus
266.9,264.28,Estemmenosuchus
266.9,264.28,Estemmenosuchus
266.9,264.28,Estemmenosuchus
266.9,264.28,Estemmenosuchus
266.9,264.28,Estemmenosuchus
266.9,264.28,Estemmenosuchus
266.9,264.28,Venyukovia
266.9,259.51,Ulemica
264.28,256.8,Vivaxosaurus
264.28,256.8,Vivaxosaurus
259.51,256.8,Delectosaurus
259.51,256.8,Interpresosaurus
266.9,259.51,Porosteognathus
273.01,264.28,Alrausuchus
273.01,264.28,Niaftasuchus
273.01,264.28,Nikkasaurus
273.01,264.28,Nikkasaurus
273.01,264.28,Reiszia
273.01,264.28,Reiszia
264.28,259.51,Perplexisaurus
264.28,259.51,Perplexisaurus
266.9,259.51,Porosteognathus
264.28,259.51,Kotelcephalon
264.28,259.51,Scylacosuchus
264.28,259.51,Scalopodontes
264.28,256.8,Inostrancevia
264.28,256.8,Gorochovetzia
259.51,256.8,Malasaurus
259.51,256.8,Moschowhaitsia
259.51,256.8,Purlovia
259.51,256.8,Annatherapsidus
264.28,259.51,Viatkosuchus
264.28,259.51,Viatkosuchus
259.51,256.8,Purlovia
264.28,256.8,Chthonosaurus
264.28,256.8,Annatherapsidus
264.28,259.51,Karenites
264.28,259.51,Karenites
264.28,256.8,Annatherapsidus
264.28,256.8,Annatherapsidus
264.28,256.8,Chthonosaurus
259.51,256.8,Moschowhaitsia
208.5,201.4,Mojo
208.5,201.4,Tricuspes
208.5,201.4,Thomasia
208.5,201.4,Thomasia
208.5,201.4,Thomasia
208.5,201.4,Kuehneotherium
227.0,201.4,Thomasia
266.9,264.28,Molybdopygus
266.9,259.51,Syodon
266.9,264.28,Chthomaloporus
251.902,251.2,Lystrosaurus
242.0,237.0,Planitorostris
251.2,247.2,Putillosaurus
264.28,259.51,Suminia
273.01,266.9,Davletkulia
273.01,266.9,Estemmenosuchus
266.9,264.28,Titanophoneus
266.9,264.28,Syodon
273.01,259.51,Choerosaurus
273.01,259.51,Prosictodon
298.9,251.902,Endothiodon
259.51,254.14,Pristerodon
259.51,254.14,Pristerodon
259.51,254.14,Pristerodon
259.51,251.902,Compsodon
259.51,251.902,Compsodon
273.01,264.28,Mesenosaurus
273.01,264.28,Mesenosaurus
273.01,264.28,Mesenosaurus
273.01,264.28,Mesenosaurus
273.01,264.28,Mesenosaurus
273.01,264.28,Mesenosaurus
273.01,264.28,Mesenosaurus
273.01,264.28,Mesenosaurus
273.01,264.28,Mesenosaurus
273.01,264.28,Mesenosaurus
264.28,259.51,Endothiodon
259.51,254.14,Daptocephalus
259.51,254.14,Pristerodon
259.51,254.14,Diictodon
259.51,254.14,Dicynodon
259.51,254.14,Endothiodon
259.51,254.14,Endothiodon
259.51,251.902,Shiguaignathus
259.51,254.14,Pristerodon
259.51,254.14,Diictodon
259.51,254.14,Emydops
259.51,254.14,Tropidostoma
259.51,254.14,Microwhaitsia
259.51,254.14,Microwhaitsia
259.51,254.14,Dicynodon
259.51,254.14,Cistecephalus
259.51,254.14,Mirotenthes
259.51,254.14,Diictodon
259.51,254.14,Diictodon
259.51,254.14,Diictodon
259.51,254.14,Cistecephalus
259.51,254.14,Cistecephalus
259.51,254.14,Cistecephalus
259.51,254.14,Cistecephalus
259.51,254.14,Cistecephalus
259.51,254.14,Cistecephalus
259.51,254.14,Oudenodon
259.51,254.14,Oudenodon
259.51,254.14,Dicynodon
259.51,254.14,Ophidostoma
259.51,254.14,Procynosuchus
259.51,254.14,Procynosuchus
259.51,254.14,Silphoictidoides
259.51,254.14,Silphoictidoides
259.51,254.14,Rhachiocephalus
259.51,254.14,Cistecephalus
259.51,254.14,Cistecephalus
259.51,254.14,Cistecephalus
259.51,254.14,Cistecephalus
259.51,254.14,Cistecephalus
259.51,254.14,Cistecephalus
259.51,254.14,Cistecephalus
259.51,254.14,Cistecephalus
259.51,254.14,Rhachiocephalus
259.51,254.14,Rhachiocephalus
259.51,254.14,Platypodosaurus
259.51,254.14,Platypodosaurus
259.51,254.14,Platypodosaurus
259.51,254.14,Platypodosaurus
259.51,254.14,Platypodosaurus
259.51,254.14,Platypodosaurus
259.51,254.14,Platypodosaurus
259.51,254.14,Geikia
259.51,254.14,Sauroctonus
259.51,254.14,Dinogorgon
259.51,254.14,Rubidgea
259.51,254.14,Ruhuhucerberus
259.51,254.14,Sycosaurus
259.51,254.14,Arctognathus
259.51,254.14,Arctognathus
259.51,254.14,Arctognathus
259.51,254.14,Aloposaurus
259.51,254.14,Arctognathus
259.51,254.14,Arctognathus
259.51,254.14,Theriognathus
259.51,254.14,Theriognathus
259.51,254.14,Theriognathus
259.51,254.14,Theriognathus
259.51,254.14,Theriognathus
259.51,254.14,Theriognathus
259.51,254.14,Theriognathus
259.51,254.14,Theriognathus
259.51,254.14,Theriognathus
259.51,254.14,Procynosuchus
259.51,254.14,Lycaenops
259.51,254.14,Lycaenops
259.51,254.14,Lycaenops
259.51,254.14,Aelurognathus
259.51,254.14,Dinogorgon
259.51,254.14,Dinogorgon
259.51,254.14,Ruhuhucerberus
259.51,254.14,Ruhuhucerberus
259.51,254.14,Sycosaurus
259.51,254.14,Sycosaurus
259.51,254.14,Sycosaurus
259.51,254.14,Sycosaurus
227.0,201.4,Pentasaurus
247.2,227.0,Cricodon
247.2,242.0,Cynognathus
247.2,242.0,Cynognathus
247.2,242.0,Cynognathus
247.2,242.0,Cricodon
247.2,242.0,Cricodon
266.9,259.51,Abajudon
266.9,259.51,Abajudon
266.9,259.51,Abajudon
266.9,259.51,Abajudon
266.9,259.51,Abajudon
259.51,254.14,Leucocephalus
242.0,237.0,Scalenodon
237.0,227.0,Santacruzgnathus
237.0,233.4,Bonacynodon
247.2,242.0,Tetragonias
237.0,208.5,Alemoatherium
237.0,227.0,Polonodon
242.0,227.0,Aleodon
242.0,227.0,Aleodon
242.0,227.0,Aleodon
242.0,227.0,Aleodon
208.5,201.4,Kuehneotherium
208.5,201.4,Fluctuodon
264.28,259.51,Nochnitsa
264.28,259.51,Gorynychus
208.5,201.4,Tricuspes
208.5,201.4,Tricuspes
266.9,259.51,Lalieudorhynchus
251.902,247.2,Lystrosaurus
251.902,251.2,Lystrosaurus
251.902,251.2,Lystrosaurus
251.902,251.2,Lystrosaurus
251.902,251.2,Lystrosaurus
251.902,251.2,Lystrosaurus
254.14,251.902,Lystrosaurus
251.902,251.2,Lystrosaurus
254.14,251.902,Lystrosaurus
259.51,254.14,Abdalodon
264.28,259.51,Parasuminia
266.9,256.8,Dicynodon
266.9,256.8,Dicynodon
264.28,259.51,Suminia
259.51,254.14,Digalodon
259.51,251.902,Digalodon
259.51,251.902,Digalodon
259.51,251.902,Digalodon
264.28,259.51,Eosimops
264.28,259.51,Eosimops
264.28,259.51,Eosimops
237.0,227.0,Exaeretodon
237.0,227.0,Exaeretodon
242.0,237.0,Massetognathus
237.0,208.5,Andescynodon
237.0,208.5,Chiniquodon
242.0,237.0,Chiniquodon
251.902,247.2,Galesaurus
251.902,247.2,Galesaurus
251.902,247.2,Galesaurus
251.902,247.2,Thrinaxodon
251.902,247.2,Thrinaxodon
251.902,247.2,Thrinaxodon
251.902,247.2,Galesaurus
208.5,201.4,Pseudotriconodon
208.5,201.4,Tricuspes
208.5,201.4,Tricuspes
208.5,201.4,Hahnia
208.5,201.4,Gaumia
208.5,201.4,Lepagia
208.5,201.4,Maubeugia
208.5,201.4,Rosieria
208.5,201.4,Microscalenodon
208.5,201.4,Rosieria
259.51,254.14,Ictidosuchops
259.51,254.14,Pelictosuchus
259.51,254.14,Dinanomodon
259.51,251.902,Lystrosaurus
259.51,254.14,Platycyclops
259.51,254.14,Cistecephalus
259.51,251.902,Ictidosuchops
259.51,254.14,Aelurognathus
259.51,254.14,Promoschorhynchus
251.902,247.2,Procynosuchus
259.51,254.14,Diictodon
259.51,254.14,Pristerodon
247.2,242.0,Kannemeyeria
251.902,247.2,Kannemeyeria
259.51,251.902,Lystrosaurus
251.902,247.2,Lystrosaurus
251.902,248.9,Lystrosaurus
251.902,247.2,Lystrosaurus
251.902,247.2,Lystrosaurus
251.902,247.2,Lystrosaurus
251.902,247.2,Dicynodontoides
251.902,247.2,Dinanomodon
251.902,247.2,Lystrosaurus
251.902,247.2,Lystrosaurus
251.902,247.2,Lystrosaurus
254.14,251.902,Lystrosaurus
254.14,251.902,Lystrosaurus
251.902,247.2,Lystrosaurus
251.902,247.2,Lystrosaurus
251.902,247.2,Lystrosaurus
251.902,251.2,Lystrosaurus
251.902,247.2,Lystrosaurus
251.902,247.2,Lystrosaurus
247.2,242.0,Microgomphodon
247.2,242.0,Microhelodon
247.2,242.0,Microgomphodon
251.2,247.2,Microgomphodon
251.2,247.2,Microgomphodon
248.9,242.0,Bauria
247.2,242.0,Bauria
259.51,254.14,Mirotenthes
251.902,247.2,Moschorhinus
251.902,251.2,Moschorhinus
259.51,251.902,Moschorhinus
259.51,251.902,Moschorhinus
259.51,251.902,Moschorhinus
251.902,251.2,Moschorhinus
259.51,251.902,Moschorhinus
259.51,251.902,Moschorhinus
259.51,254.14,Moschorhinus
259.51,247.2,Moschorhinus
251.902,247.2,Moschorhinus
251.902,247.2,Moschorhinus
251.902,247.2,Moschorhinus
251.902,247.2,Moschorhinus
251.902,247.2,Moschorhinus
251.902,247.2,Olivierosuchus
251.902,247.2,Olivierosuchus
259.51,254.14,Pelanomodon
259.51,251.902,Pelanomodon
233.4,227.0,Prozostrodon
251.902,247.2,Regisaurus
247.2,242.0,Sangusaurus
247.2,242.0,Sangusaurus
247.2,242.0,Scalenodon
237.0,227.0,Siriusgnathus
259.51,251.902,Scaloporhinus
251.902,247.2,Scaloposaurus
259.51,254.14,Euchambersia
247.2,237.0,Stahleckeria
259.51,254.14,Theriognathus
259.51,254.14,Theriognathus
259.51,251.902,Theriognathus
259.51,254.14,Theriognathus
259.51,254.14,Theriognathus
247.2,242.0,Theriognathus
259.51,254.14,Theriognathus
259.51,254.14,Theriognathus
259.51,254.14,Theriognathus
259.51,254.14,Theriognathus
259.51,251.902,Theriognathus
259.51,251.902,Theriognathus
259.51,251.902,Theriognathus
259.51,251.902,Theriognathus
259.51,251.902,Theriognathus
259.51,251.902,Theriognathus
259.51,251.902,Theriognathus
259.51,251.902,Theriognathus
259.51,251.902,Theriognathus
259.51,251.902,Theriognathus
259.51,251.902,Theriognathus
259.51,251.902,Theriognathus
247.2,242.0,Diademodon
247.2,242.0,Kannemeyeria
264.28,259.51,Titanosuchus
259.51,254.14,Jonkeria
264.28,259.51,Struthiocephalus
259.51,254.14,Hofmeyria
259.51,254.14,Syops
259.51,254.14,Lycaenops
259.51,254.14,Moschops
264.28,259.51,Tapinocephalus
264.28,259.51,Emydops
264.28,259.51,Phocosaurus
264.28,259.51,Moschops
264.28,259.51,Anteosaurus
264.28,259.51,Titanosuchus
264.28,259.51,Alopecodon
264.28,259.51,Emydops
264.28,259.51,Keratocephalus
264.28,259.51,Trochosaurus
264.28,259.51,Hyaenasuchus
264.28,259.51,Pristerognathoides
264.28,259.51,Pristerognathus
264.28,259.51,Trochosaurus
264.28,259.51,Jonkeria
264.28,259.51,Scymnosaurus
264.28,259.51,Pristerognathus
264.28,259.51,Struthiocephalus
264.28,254.14,Pristerodon
264.28,259.51,Alopecodon
264.28,259.51,Jonkeria
264.28,259.51,Scymnosaurus
264.28,259.51,Titanosuchus
264.28,259.51,Anteosaurus
264.28,259.51,Scymnosaurus
264.28,259.51,Avenantia
264.28,259.51,Anteosaurus
264.28,259.51,Moschops
264.28,259.51,Moschops
264.28,259.51,Moschops
264.28,259.51,Moschops
264.28,259.51,Moschops
264.28,259.51,Moschops
264.28,259.51,Moschops
264.28,259.51,Moschops
264.28,259.51,Moschops
264.28,259.51,Moschops
264.28,259.51,Moschops
264.28,259.51,Moschops
264.28,259.51,Scymnosaurus
264.28,259.51,Jonkeria
264.28,259.51,Titanosuchus
264.28,259.51,Jonkeria
264.28,259.51,Jonkeria
259.51,254.14,Jonkeria
264.28,259.51,Anteosaurus
264.28,259.51,Keratocephalus
264.28,259.51,Anteosaurus
264.28,259.51,Lycosaurus
264.28,259.51,Jonkeria
264.28,259.51,Cynariognathus
264.28,259.51,Struthiocephalus
264.28,259.51,Moschops
264.28,259.51,Anteosaurus
264.28,259.51,Phocosaurus
264.28,259.51,Anteosaurus
264.28,259.51,Phocosaurus
264.28,259.51,Titanosuchus
264.28,259.51,Pristerognathus
264.28,259.51,Anteosaurus
264.28,259.51,Anteosaurus
264.28,259.51,Titanosuchus
264.28,259.51,Struthiocephalus
264.28,259.51,Titanosuchus
264.28,259.51,Jonkeria
264.28,259.51,Eriphostoma
264.28,259.51,Jonkeria
264.28,259.51,Anteosaurus
264.28,259.51,Struthiocephalus
264.28,259.51,Pristerognathus
264.28,254.14,Pristerognathoides
264.28,259.51,Diictodon
259.51,254.14,Diictodon
264.28,259.51,Moschops
264.28,259.51,Dicynodon
264.28,259.51,Titanosuchus
264.28,259.51,Diictodon
264.28,259.51,Pristerognathoides
264.28,259.51,Keratocephalus
264.28,259.51,Pristerognathus
264.28,259.51,Struthiocephalus
264.28,259.51,Titanosuchus
264.28,259.51,Jonkeria
264.28,259.51,Ptomalestes
264.28,259.51,Dicynodon
264.28,259.51,Titanosuchus
264.28,259.51,Mormosaurus
264.28,259.51,Therioides
264.28,259.51,Jonkeria
264.28,259.51,Anteosaurus
264.28,259.51,Walteria
264.28,259.51,Anteosaurus
264.28,259.51,Anteosaurus
264.28,259.51,Alepognathus
264.28,259.51,Cynariognathus
264.28,259.51,Riebeeckosaurus
264.28,259.51,Struthiocephalus
264.28,259.51,Anteosaurus
264.28,259.51,Jonkeria
264.28,259.51,Alopecideops
264.28,259.51,Struthiocephalus
264.28,259.51,Anteosaurus
264.28,259.51,Scymnosaurus
264.28,259.51,Titanosuchus
264.28,259.51,Pristerosaurus
264.28,259.51,Scymnosaurus
264.28,259.51,Pristerognathus
264.28,259.51,Anteosaurus
264.28,259.51,Emydops
264.28,259.51,Struthiocephalus
264.28,259.51,Dicynodon
266.9,264.28,Australosyodon
264.28,259.51,Tamboeria
290.1,283.5,Dimetrodon
290.1,283.5,Dimetrodon
290.1,283.5,Dimetrodon
290.1,283.5,Ophiacodon
259.51,251.902,Brontopus
259.51,251.902,Brontopus
259.51,251.902,Brontopus
251.2,247.2,Lystrosaurus
247.2,242.0,Nythosaurus
208.5,201.4,Chalepotherium
247.2,242.0,Aelurosuchus
264.28,259.51,Lystrosaurus
264.28,259.51,Dicynodon
259.51,251.902,Colobodectes
259.51,254.14,Cryptocynodon
259.51,254.14,Lycosaurus
264.28,259.51,Muchia
264.28,259.51,Trochosuchus
259.51,251.902,Thliptosaurus
251.902,247.2,Counillonia
251.902,247.2,Repelinosaurus
264.28,259.51,Julognathus
237.0,227.0,Pseudotherium
259.51,251.902,Vetusodon
237.0,227.0,Exaeretodon
237.0,227.0,Trucidocynodon
247.2,242.0,Cistecynodon
264.28,259.51,Gorynychus
303.7,293.52,Remigiomontanus
227.0,208.5,Siriusgnathus
227.0,208.5,Siriusgnathus
259.51,254.14,Kembawacela
247.2,237.0,Dicynodontipus
227.0,208.5,Pentasauropus
208.5,201.4,Mucrotherium
208.5,201.4,Bolodon
208.5,201.4,Thomasia
208.5,201.4,Uniserium
237.0,227.0,Diegocanis
298.9,293.52,Dimetrodon
298.9,293.52,Edaphosaurus
298.9,286.1,Edaphosaurus
298.9,290.1,Dimetrodon
298.9,293.52,Edaphosaurus
298.9,293.52,Dimetrodon
298.9,293.52,Edaphosaurus
298.9,290.1,Edaphosaurus
237.0,227.0,Rewaconodon
290.1,283.5,Martensius
227.0,201.4,Lisowicia
259.51,251.902,Taoheodon
242.0,227.0,Dinodontosaurus
242.0,227.0,Chiniquodon
242.0,227.0,Luangwa
227.0,208.5,Kataigidodon
259.51,254.14,Nshimbodon
303.7,298.9,Ophiacodon
227.0,208.5,Jachaleria
290.1,283.5,Arisierpeton
298.9,293.52,Cabarzia
290.1,283.5,Dimetrodon
208.5,201.4,Lepagia
307.0,273.01,Ophiacodon
307.0,273.01,Edaphosaurus
307.0,273.01,Sphenacodon
298.9,286.1,Sphenacodon
298.9,286.1,Ophiacodon
293.52,283.5,Edaphosaurus
298.9,286.1,Dimetrodon
242.0,237.0,Pentasauropus
242.0,237.0,Pentasauropus
242.0,237.0,Dicynodontipus
290.1,283.5,Dimetrodon
290.1,283.5,Ophiacodon
298.9,251.902,Dimetrodon
298.9,251.902,Edaphosaurus
298.9,251.902,Ophiacodon
298.9,251.902,Dimetrodon
266.9,264.28,Patranomodon
247.2,242.0,Ufudocyclops
247.2,237.0,Stahleckeria
259.51,254.14,Eriphostoma
259.51,251.902,Aelurognathus
307.0,273.01,Shashajaia
259.51,254.14,Diictodon
251.902,247.2,Lystrosaurus
259.51,254.14,Isengops
259.51,251.902,Brontopus
251.902,251.2,Dicynodontipus
251.902,251.2,Dolomitipes
251.902,251.2,Dolomitipes
251.902,247.2,Dolomitipes
259.51,251.902,Jiufengia
259.51,251.902,Turfanodon
259.51,251.902,Caodeyao
298.9,251.902,Dicynodon
298.9,251.902,Dicynodon
227.0,208.5,Tessellatia
247.2,242.0,Impidens
298.9,273.01,Edaphosaurus
298.9,273.01,Edaphosaurus
259.51,254.14,Kembawacela
247.2,242.0,Exaeretodon
237.0,227.0,Woznikella
237.0,227.0,Woznikella
266.9,264.28,Tapinocaninus
264.28,259.51,Jonkeria
266.9,259.51,Ennatosaurus
251.2,242.0,Dicynodontipus
264.28,259.51,Colobodectes
259.51,251.902,Colobodectes
259.51,251.902,Colobodectes
259.51,251.902,Colobodectes
259.51,251.902,Colobodectes
264.28,256.8,Leogorgon
264.28,256.8,Peramodon
273.01,266.9,Phthinosaurus
259.51,251.902,Jimusaria
242.0,227.0,Riojanodon
242.0,227.0,Paratraversodon
264.28,259.51,Sludica
264.28,256.8,Inostrancevia
259.51,254.14,Inostrancevia
259.51,254.14,Aelurognathus
259.51,251.902,Gorgonops
259.51,251.902,Gorgonops
259.51,251.902,Endothiodon
259.51,251.902,Endothiodon
259.51,251.902,Endothiodon
259.51,251.902,Endothiodon
259.51,251.902,Endothiodon
259.51,251.902,Endothiodon
259.51,251.902,Aelurognathus
309.8,307.4,Melanedaphodon
264.3,259.5,Anteosaurus
264.3,259.5,Styracocephalus
264.3,259.5,Styracocephalus
227.0,208.5,Exaeretodon
237.0,227.0,Santacruzodon
227.0,208.5,Brasilodon
227.0,208.5,Brasilodon
227.0,208.5,Brasilodon
227.0,208.5,Brasilodon
227.0,208.5,Brasilodon
227.0,208.5,Brasilodon
227.0,208.5,Brasilodon
227.0,208.5,Brasilodon
227.0,208.5,Brasilodon
227.0,208.5,Brasilodon
227.0,208.5,Brasilodon
227.0,208.5,Brasilodon
242.0,237.0,Dinodontosaurus
242.0,237.0,Dinodontosaurus
227.0,208.5,Exaeretodon
227.0,208.5,Exaeretodon
227.0,208.5,Exaeretodon
227.0,208.5,Exaeretodon
227.0,208.5,Exaeretodon
227.0,208.5,Exaeretodon
227.0,208.5,Exaeretodon
227.0,208.5,Exaeretodon
227.0,208.5,Exaeretodon
227.0,208.5,Exaeretodon
227.0,208.5,Exaeretodon
227.0,208.5,Exaeretodon
227.0,208.5,Exaeretodon
227.0,208.5,Exaeretodon
227.0,208.5,Exaeretodon
227.0,208.5,Exaeretodon
227.0,208.5,Exaeretodon
227.0,208.5,Exaeretodon
227.0,208.5,Exaeretodon
242.0,237.0,Sangusaurus
227.0,208.5,Prozostrodon
242.0,237.0,Paratraversodon
242.0,237.0,Dinodontosaurus
242.0,237.0,Dinodontosaurus
227.0,208.5,Jachaleria
242.0,237.0,Massetognathus
242.0,237.0,Massetognathus
242.0,237.0,Massetognathus
242.0,237.0,Dinodontosaurus
242.0,237.0,Dinodontosaurus
242.0,237.0,Dinodontosaurus
242.0,237.0,Dinodontosaurus
242.0,237.0,Dinodontosaurus
242.0,237.0,Dinodontosaurus
242.0,237.0,Aleodon
242.0,237.0,Aleodon
242.0,237.0,Aleodon
242.0,237.0,Bonacynodon 
242.0,237.0,Bonacynodon 
242.0,237.0,Luangwa
237.0,227.0,Santacruzodon
242.0,237.0,Dinodontosaurus
242.0,237.0,Dinodontosaurus
242.0,237.0,Dinodontosaurus
242.0,237.0,Dinodontosaurus
242.0,237.0,Dinodontosaurus
242.0,237.0,Dinodontosaurus
242.0,237.0,Dinodontosaurus
242.0,237.0,Dinodontosaurus
242.0,237.0,Dinodontosaurus
242.0,237.0,Dinodontosaurus
242.0,237.0,Dinodontosaurus
242.0,237.0,Dinodontosaurus
242.0,237.0,Dinodontosaurus
242.0,237.0,Dinodontosaurus
242.0,237.0,Dinodontosaurus
227.0,208.5,Brasilodon
266.9,264.3,Pampaphoneus
227.0,208.5,Exaeretodon
227.0,208.5,Exaeretodon
227.0,208.5,Exaeretodon
227.0,208.5,Exaeretodon
227.0,208.5,Exaeretodon
227.0,208.5,Santagnathus
227.0,208.5,Santagnathus
227.0,208.5,Santagnathus
227.0,208.5,Santagnathus
227.0,208.5,Santagnathus
227.0,208.5,Santagnathus
227.0,208.5,Santagnathus
227.0,208.5,Santagnathus
227.0,208.5,Santagnathus
227.0,208.5,Santagnathus
227.0,208.5,Santagnathus
227.0,208.5,Santagnathus
227.0,208.5,Santagnathus
227.0,208.5,Santagnathus
227.0,208.5,Santagnathus
227.0,208.5,Santagnathus
227.0,208.5,Santagnathus
227.0,208.5,Santagnathus
227.0,208.5,Santagnathus
227.0,208.5,Santagnathus
227.0,208.5,Santagnathus
227.0,208.5,Santagnathus
227.0,208.5,Santagnathus
227.0,208.5,Santagnathus
227.0,208.5,Santagnathus
227.0,208.5,Santagnathus
227.0,208.5,Santagnathus
227.0,208.5,Santagnathus
227.0,208.5,Santagnathus
227.0,208.5,Santagnathus
227.0,208.5,Santagnathus
227.0,208.5,Santagnathus
227.0,208.5,Santagnathus
227.0,208.5,Santagnathus
227.0,208.5,Santagnathus
227.0,208.5,Santagnathus
227.0,208.5,Santagnathus
227.0,208.5,Santagnathus
227.0,208.5,Santagnathus
227.0,208.5,Santagnathus
227.0,208.5,Santagnathus
227.0,208.5,Santagnathus
227.0,208.5,Santagnathus
227.0,208.5,Santagnathus
227.0,208.5,Santagnathus
227.0,208.5,Santagnathus
227.0,208.5,Santagnathus
227.0,208.5,Santagnathus
227.0,208.5,Santagnathus
227.0,208.5,Santagnathus
227.0,208.5,Santagnathus
227.0,208.5,Santagnathus
227.0,208.5,Santagnathus
227.0,208.5,Santagnathus
227.0,208.5,Santagnathus
227.0,208.5,Santagnathus
227.0,208.5,Santagnathus
227.0,208.5,Santagnathus
227.0,208.5,Santagnathus
227.0,208.5,Santagnathus
227.0,208.5,Santagnathus
227.0,208.5,Santagnathus
227.0,208.5,Santagnathus
227.0,208.5,Santagnathus
227.0,208.5,Santagnathus
227.0,208.5,Trucidocynodon
242.0,237.0,Dinodontosaurus
227.0,208.5,Exaeretodon
242.0,237.0,Dinodontosaurus
227.0,208.5,Exaeretodon
242.0,237.0,Dinodontosaurus
242.0,237.0,Dinodontosaurus
242.0,237.0,Dinodontosaurus
242.0,237.0,Dinodontosaurus
242.0,237.0,Dinodontosaurus
242.0,237.0,Aleodon
242.0,237.0,Massetognathus
227.0,208.5,Riograndia
227.0,208.5,Brasilodon
227.0,208.5,Exaeretodon
242.0,237.0,Dinodontosaurus
242.0,237.0,Dinodontosaurus
242.0,237.0,Dinodontosaurus
242.0,237.0,Dinodontosaurus
242.0,237.0,Dinodontosaurus
242.0,237.0,Dinodontosaurus
242.0,237.0,Protuberum
242.0,237.0,Dinodontosaurus
242.0,237.0,Dinodontosaurus
242.0,237.0,Dinodontosaurus
242.0,237.0,Dinodontosaurus
242.0,237.0,Dinodontosaurus
242.0,237.0,Dinodontosaurus
242.0,237.0,Dinodontosaurus
242.0,237.0,Dinodontosaurus
242.0,237.0,Dinodontosaurus
242.0,237.0,Dinodontosaurus
227.0,208.5,Exaeretodon
242.0,237.0,Dinodontosaurus
227.0,208.5,Jachaleria
227.0,208.5,Jachaleria
251.9,251.2,Lystrosaurus
264.3,259.5,Struthiocephalus
259.5,254.1,Dicynodon
264.3,259.5,Jonkeria
259.5,254.1,Endothiodon
251.9,251.2,Lystrosaurus
251.9,251.2,Lystrosaurus
264.3,259.5,Robertia
264.3,259.5,Robertia
237.0,227.0,Ischigualastia
237.0,227.0,Ischigualastia
242.0,237.0,Dinodontosaurus
242.0,237.0,Dinodontosaurus
242.0,237.0,Dinodontosaurus
242.0,237.0,Dinodontosaurus
242.0,237.0,Dinodontosaurus
242.0,237.0,Dinodontosaurus
242.0,237.0,Dinodontosaurus
242.0,237.0,Dinodontosaurus
242.0,237.0,Chiniquodon
242.0,237.0,Dinodontosaurus
242.0,237.0,Dinodontosaurus
242.0,237.0,Dinodontosaurus
242.0,237.0,Dinodontosaurus
242.0,237.0,Dinodontosaurus
227.0,208.5,Jachaleria
242.0,237.0,Dinodontosaurus
242.0,237.0,Dinodontosaurus
242.0,237.0,Dinodontosaurus
242.0,237.0,Dinodontosaurus
242.0,237.0,Dinodontosaurus
242.0,237.0,Dinodontosaurus
242.0,237.0,Dinodontosaurus
242.0,237.0,Dinodontosaurus
242.0,237.0,Dinodontosaurus
242.0,237.0,Dinodontosaurus
242.0,237.0,Dinodontosaurus
242.0,237.0,Dinodontosaurus
242.0,237.0,Dinodontosaurus
242.0,237.0,Dinodontosaurus
242.0,237.0,Dinodontosaurus
242.0,237.0,Dinodontosaurus
242.0,237.0,Dinodontosaurus
227.0,208.5,Jachaleria
242.0,237.0,Dinodontosaurus
242.0,237.0,Dinodontosaurus
242.0,237.0,Dinodontosaurus
242.0,237.0,Stahleckeria
242.0,237.0,Stahleckeria
242.0,237.0,Chiniquodon
242.0,237.0,Dinodontosaurus
242.0,237.0,Dinodontosaurus
242.0,237.0,Dinodontosaurus
242.0,237.0,Dinodontosaurus
242.0,237.0,Dinodontosaurus
242.0,237.0,Dinodontosaurus
242.0,237.0,Dinodontosaurus
242.0,237.0,Dinodontosaurus
242.0,237.0,Dinodontosaurus
242.0,237.0,Dinodontosaurus
242.0,237.0,Dinodontosaurus
242.0,237.0,Dinodontosaurus
242.0,237.0,Dinodontosaurus
242.0,237.0,Dinodontosaurus
242.0,237.0,Dinodontosaurus
242.0,237.0,Dinodontosaurus
242.0,237.0,Dinodontosaurus
242.0,237.0,Dinodontosaurus
242.0,237.0,Dinodontosaurus
242.0,237.0,Dinodontosaurus
242.0,237.0,Dinodontosaurus
242.0,237.0,Dinodontosaurus
242.0,237.0,Dinodontosaurus
242.0,237.0,Dinodontosaurus
242.0,237.0,Dinodontosaurus
242.0,237.0,Dinodontosaurus
242.0,237.0,Dinodontosaurus
242.0,237.0,Dinodontosaurus
242.0,237.0,Massetognathus
242.0,237.0,Dinodontosaurus
242.0,237.0,Dinodontosaurus
242.0,237.0,Dinodontosaurus
242.0,237.0,Dinodontosaurus
242.0,237.0,Dinodontosaurus
242.0,237.0,Protuberum
242.0,237.0,Dinodontosaurus
242.0,237.0,Dinodontosaurus
242.0,237.0,Dinodontosaurus
242.0,237.0,Dinodontosaurus
242.0,237.0,Dinodontosaurus
242.0,237.0,Dinodontosaurus
242.0,237.0,Dinodontosaurus
242.0,237.0,Dinodontosaurus
242.0,237.0,Dinodontosaurus
242.0,237.0,Dinodontosaurus
242.0,237.0,Dinodontosaurus
242.0,237.0,Dinodontosaurus
242.0,237.0,Dinodontosaurus
242.0,237.0,Dinodontosaurus
242.0,237.0,Dinodontosaurus
242.0,237.0,Dinodontosaurus
242.0,237.0,Dinodontosaurus
242.0,237.0,Dinodontosaurus
242.0,237.0,Dinodontosaurus
242.0,237.0,Dinodontosaurus
242.0,237.0,Dinodontosaurus
242.0,237.0,Dinodontosaurus
242.0,237.0,Dinodontosaurus
242.0,237.0,Dinodontosaurus
242.0,237.0,Dinodontosaurus
242.0,237.0,Dinodontosaurus
242.0,237.0,Dinodontosaurus
242.0,237.0,Dinodontosaurus
242.0,237.0,Dinodontosaurus
242.0,237.0,Dinodontosaurus
242.0,237.0,Dinodontosaurus
242.0,237.0,Dinodontosaurus
242.0,237.0,Dinodontosaurus
242.0,237.0,Dinodontosaurus
242.0,237.0,Dinodontosaurus
242.0,237.0,Dinodontosaurus
242.0,237.0,Protuberum
237.0,227.0,Santacruzodon
237.0,227.0,Santacruzodon
242.0,237.0,Dinodontosaurus
242.0,237.0,Dinodontosaurus
242.0,237.0,Massetognathus
